{
    "with_labels": 1,
    "burn_in": 500,
    "thinning": 1,
    "runtime": 355.01462626457214,
    "healthy_ratio": 0.249,
    "max_log_likelihood": 1383.1771676724854,
    "kendalls_tau": 0.20202020202020202,
    "subtype_acc": 0.19557557144153845,
    "n_subtypes": 3,
    "mean_stage_healthy": 0.01606425702811245,
    "ml_subtype": [
        2,
        2,
        2,
        2,
        2,
        2,
        2,
        2,
        2,
        2,
        2,
        2,
        2,
        2,
        2,
        2,
        2,
        2,
        2,
        2,
        2,
        2,
        2,
        2,
        2,
        2,
        2,
        2,
        2,
        2,
        2,
        2,
        2,
        2,
        2,
        2,
        2,
        2,
        2,
        2,
        2,
        2,
        0,
        2,
        2,
        2,
        2,
        2,
        2,
        0,
        2,
        2,
        2,
        2,
        2,
        2,
        2,
        0,
        2,
        2,
        2,
        2,
        2,
        2,
        2,
        2,
        2,
        2,
        2,
        2,
        2,
        2,
        2,
        2,
        2,
        2,
        2,
        2,
        2,
        2,
        2,
        2,
        2,
        2,
        2,
        2,
        0,
        2,
        2,
        2,
        2,
        2,
        2,
        2,
        2,
        2,
        2,
        2,
        2,
        0,
        2,
        2,
        2,
        2,
        2,
        2,
        2,
        2,
        2,
        2,
        2,
        2,
        2,
        2,
        2,
        2,
        2,
        0,
        1,
        2,
        2,
        2,
        2,
        2,
        2,
        2,
        2,
        2,
        2,
        2,
        2,
        2,
        2,
        2,
        2,
        2,
        2,
        2,
        2,
        2,
        2,
        2,
        2,
        2,
        2,
        2,
        2,
        2,
        2,
        2,
        2,
        2,
        2,
        2,
        2,
        2,
        2,
        2,
        0,
        2,
        2,
        2,
        2,
        2,
        2,
        2,
        0,
        0,
        2,
        1,
        2,
        2,
        2,
        2,
        2,
        2,
        2,
        2,
        2,
        2,
        2,
        2,
        2,
        2,
        2,
        2,
        2,
        2,
        2,
        2,
        2,
        2,
        2,
        2,
        2,
        2,
        2,
        2,
        2,
        2,
        2,
        2,
        2,
        0,
        2,
        2,
        2,
        2,
        2,
        2,
        2,
        2,
        2,
        0,
        2,
        2,
        2,
        2,
        0,
        2,
        2,
        2,
        2,
        2,
        2,
        2,
        2,
        2,
        2,
        2,
        2,
        2,
        1,
        2,
        2,
        2,
        2,
        2,
        2,
        2,
        2,
        2,
        2,
        2,
        2,
        2,
        2,
        2,
        2,
        2,
        2,
        2,
        2,
        2,
        2,
        2,
        2,
        2,
        2,
        2,
        2,
        2,
        1,
        2,
        2,
        2,
        0,
        2,
        2,
        2,
        2,
        2,
        2,
        2,
        2,
        2,
        2,
        2,
        2,
        2,
        2,
        2,
        2,
        2,
        2,
        2,
        2,
        2,
        0,
        2,
        2,
        2,
        2,
        2,
        1,
        2,
        2,
        2,
        2,
        2,
        2,
        2,
        2,
        2,
        2,
        2,
        2,
        2,
        2,
        2,
        2,
        2,
        2,
        2,
        2,
        2,
        2,
        2,
        2,
        2,
        2,
        2,
        2,
        2,
        2,
        2,
        2,
        2,
        2,
        0,
        0,
        0,
        2,
        2,
        1,
        2,
        2,
        0,
        0,
        0,
        0,
        0,
        2,
        2,
        0,
        2,
        0,
        0,
        2,
        2,
        0,
        2,
        0,
        0,
        0,
        1,
        2,
        0,
        0,
        0,
        2,
        2,
        2,
        2,
        2,
        0,
        2,
        2,
        0,
        0,
        2,
        1,
        0,
        2,
        2,
        2,
        0,
        2,
        2,
        2,
        0,
        2,
        0,
        2,
        0,
        0,
        0,
        2,
        2,
        0,
        2,
        0,
        1,
        2,
        2,
        0,
        2,
        2,
        2,
        0,
        2,
        0,
        1,
        2,
        2,
        2,
        2,
        0,
        0,
        0,
        0,
        2,
        2,
        0,
        0,
        1,
        0,
        2,
        2,
        2,
        2,
        0,
        2,
        0,
        0,
        0,
        0,
        0,
        0,
        0,
        2,
        2,
        0,
        2,
        0,
        0,
        1,
        2,
        2,
        0,
        0,
        2,
        0,
        0,
        1,
        1,
        0,
        0,
        2,
        0,
        1,
        0,
        2,
        2,
        0,
        2,
        2,
        2,
        0,
        0,
        2,
        2,
        2,
        0,
        0,
        1,
        1,
        1,
        0,
        1,
        0,
        0,
        2,
        0,
        0,
        0,
        2,
        2,
        2,
        1,
        1,
        2,
        0,
        1,
        0,
        2,
        0,
        0,
        2,
        2,
        2,
        2,
        0,
        2,
        0,
        0,
        0,
        0,
        2,
        2,
        2,
        0,
        2,
        2,
        0,
        0,
        1,
        0,
        0,
        0,
        2,
        0,
        0,
        0,
        0,
        0,
        1,
        1,
        2,
        0,
        2,
        1,
        0,
        2,
        0,
        2,
        1,
        1,
        0,
        2,
        1,
        0,
        2,
        2,
        1,
        2,
        0,
        2,
        2,
        0,
        0,
        2,
        0,
        0,
        2,
        0,
        0,
        0,
        0,
        0,
        1,
        2,
        2,
        1,
        2,
        0,
        0,
        2,
        2,
        0,
        0,
        2,
        0,
        2,
        0,
        1,
        1,
        2,
        1,
        1,
        2,
        0,
        1,
        2,
        2,
        1,
        2,
        1,
        0,
        0,
        1,
        2,
        2,
        2,
        2,
        0,
        2,
        2,
        1,
        1,
        2,
        1,
        0,
        1,
        2,
        0,
        0,
        0,
        0,
        0,
        2,
        2,
        0,
        0,
        0,
        2,
        0,
        0,
        0,
        0,
        0,
        0,
        0,
        0,
        0,
        0,
        2,
        0,
        2,
        2,
        2,
        0,
        0,
        0,
        2,
        0,
        2,
        2,
        1,
        2,
        2,
        2,
        2,
        0,
        0,
        2,
        2,
        2,
        0,
        1,
        2,
        2,
        2,
        0,
        2,
        2,
        0,
        2,
        2,
        1,
        2,
        1,
        0,
        2,
        0,
        1,
        2,
        1,
        2,
        0,
        0,
        2,
        0,
        0,
        2,
        2,
        2,
        0,
        1,
        0,
        0,
        1,
        0,
        2,
        0,
        1,
        0,
        2,
        2,
        0,
        0,
        0,
        0,
        0,
        2,
        2,
        2,
        2,
        2,
        2,
        0,
        0,
        0,
        2,
        2,
        2,
