{
    "with_labels": 1,
    "burn_in": 500,
    "thinning": 1,
    "runtime": 158.10875153541565,
    "healthy_ratio": 0.5,
    "max_log_likelihood": -1365.5705484550385,
    "kendalls_tau": 0.2765151515151515,
    "subtype_acc": 0.20621855641746892,
    "n_subtypes": 4,
    "mean_stage_healthy": 0.146,
    "ml_subtype": [
        0,
        0,
        0,
        0,
        0,
        0,
        3,
        0,
        0,
        0,
        0,
        0,
        0,
        2,
        0,
        0,
        0,
        0,
        0,
        0,
        2,
        0,
        0,
        0,
        0,
        0,
        0,
        0,
        0,
        2,
        0,
        0,
        0,
        0,
        0,
        0,
        0,
        0,
        0,
        3,
        0,
        2,
        0,
        0,
        0,
        0,
        0,
        0,
        0,
        0,
        0,
        1,
        0,
        0,
        1,
        0,
        0,
        0,
        0,
        0,
        0,
        0,
        0,
        0,
        0,
        0,
        0,
        0,
        0,
        0,
        0,
        0,
        2,
        0,
        0,
        0,
        0,
        0,
        0,
        0,
        0,
        3,
        0,
        2,
        0,
        0,
        0,
        0,
        0,
        0,
        0,
        0,
        0,
        0,
        0,
        0,
        0,
        2,
        0,
        0,
        1,
        0,
        0,
        0,
        0,
        0,
        3,
        0,
        0,
        0,
        0,
        0,
        0,
        0,
        0,
        2,
        0,
        0,
        0,
        0,
        0,
        0,
        0,
        0,
        0,
        0,
        0,
        0,
        3,
        0,
        0,
        0,
        0,
        0,
        0,
        0,
        2,
        0,
        0,
        0,
        0,
        0,
        0,
        0,
        1,
        0,
        0,
        0,
        0,
        0,
        0,
        0,
        0,
        0,
        0,
        3,
        0,
        0,
        0,
        0,
        0,
        0,
        0,
        3,
        0,
        0,
        3,
        0,
        3,
        0,
        0,
        0,
        0,
        0,
        0,
        0,
        0,
        0,
        0,
        0,
        0,
        0,
        2,
        3,
        0,
        0,
        0,
        0,
        0,
        0,
        2,
        1,
        1,
        0,
        0,
        0,
        0,
        0,
        0,
        0,
        0,
        0,
        0,
        0,
        1,
        0,
        0,
        0,
        0,
        0,
        0,
        2,
        0,
        0,
        0,
        0,
        0,
        0,
        0,
        0,
        3,
        0,
        0,
        0,
        0,
        0,
        3,
        0,
        0,
        0,
        0,
        0,
        0,
        0,
        3,
        0,
        0,
        0,
        2,
        3,
        0,
        0,
        0,
        0,
        0,
        0,
        0,
        0,
        0,
        2,
        0,
        0,
        0,
        1,
        0,
        2,
        0,
        0,
        0,
        0,
        0,
        0,
        0,
        0,
        0,
        0,
        0,
        0,
        0,
        0,
        0,
        0,
        0,
        0,
        0,
        0,
        0,
        0,
        0,
        0,
        0,
        0,
        3,
        2,
        2,
        0,
        1,
        0,
        1,
        0,
        0,
        0,
        3,
        1,
        0,
        2,
        0,
        0,
        1,
        0,
        0,
        0,
        0,
        1,
        0,
        1,
        0,
        1,
        0,
        0,
        2,
        0,
        0,
        0,
        0,
        1,
        2,
        2,
        3,
        1,
        0,
        3,
        1,
        0,
        0,
        3,
        0,
        0,
        3,
        0,
        0,
        3,
        0,
        1,
        0,
        0,
        1,
        0,
        0,
        0,
        1,
        1,
        2,
        0,
        0,
        0,
        0,
        0,
        2,
        1,
        0,
        1,
        0,
        0,
        3,
        0,
        2,
        0,
        1,
        0,
        2,
        2,
        2,
        0,
        0,
        1,
        0,
        0,
        0,
        2,
        0,
        0,
        1,
        0,
        0,
        0,
        0,
        1,
        3,
        2,
        3,
        0,
        1,
        0,
        0,
        3,
        2,
        2,
        0,
        0,
        1,
        0,
        0,
        0,
        1,
        3,
        3,
        0,
        0,
        1,
        3,
        0,
        1,
        0,
        0,
        3,
        3,
        1,
        0,
        0,
        0,
        3,
        3,
        0,
        0,
        0,
        3,
        1,
        0,
        0,
        0,
        0,
        0,
        0,
        0,
        2,
        0,
        0,
        0,
        0,
        0,
        0,
        0,
        0,
        3,
        0,
        0,
        0,
        0,
        2,
        3,
        3,
        0,
        0,
        0,
        3,
        0,
        0,
        0,
        3,
        3,
        2,
        0,
        3,
        0,
        0,
        0,
        0,
        0,
        0,
        0,
        0,
        2,
        0,
        2,
        0,
        1,
        0,
        0,
        3,
        0,
        0,
        0,
        0,
        0,
        3,
        0,
        0,
        2,
        1,
        0,
        0,
        0,
        0,
        0,
        0,
        0,
        3,
        0,
        3,
        3,
        1,
        3,
        3,
        0,
        0,
        0,
        1,
        1,
        2,
        0,
        0,
        0,
        0,
        3,
        0,
        0,
        0,
        0,
        1,
        2,
        3,
        0,
        2,
        3,
        0,
        3,
        1,
        3,
        0,
        0,
        0,
        3,
        0,
        0,
        3,
        0,
        3,
        2,
        3,
        0,
        0,
        1,
        0,
        0,
        2,
        2,
        0,
        3,
        0,
        2,
        1,
        0,
        0,
        1,
        1,
        0,
        2,
        0,
        0,
        0,
        1,
        1,
        3,
        2,
        0,
        0,
        0,
        0,
        2,
        0,
        0,
        0,
        0,
        2,
        3,
        0,
        3,
        0,
        0,
        1,
        1,
        0,
        3,
        0,
        2,
        3,
        1,
        0,
        0,
        0,
        0,
        0,
        0,
        0,
        0,
        0,
        3,
        0,
        0,
        0,
        0,
        1,
        0,
        0,
        0,
        0,
        0,
        0,
        3,
        2,
        0,
        3,
        3,
        0,
        0,
        1,
        1,
        2,
        1,
        0,
        0,
        2,
        3,
        0,
        2,
        1,
        0,
        0,
        0,
        2,
        0,
        3,
        0,
        0,
        3,
        3,
        1,
        1,
        0,
        2,
        1,
        0,
        2,
        0,
        2,
        0,
        1,
        1,
        0,
        0,
        0,
        2,
        2,
        0,
        0,
        0,
        0,
        0,
        2,
        3,
        3,
        3,
        3,
        3,
        3,
        2,
        0,
        2,
        0,
        0,
        0,
        3,
        3,
        3,
        0,
        3,
        3,
        0,
        0,
        0,
        0,
        3,
        3,
        0,
        0,
        3,
        3,
        1,
        1,
        0,
        0,
        0,
        0,
        0,
        3,
        3,
        0,
        0,
        0,
        3,
        3,
        0,
        0,
        3,
        0,
        0,
