{
    "with_labels": 1,
    "burn_in": 500,
    "thinning": 1,
    "runtime": 247.69116759300232,
    "healthy_ratio": 0.24675324675324675,
    "max_log_likelihood": -2046.0433481969783,
    "kendalls_tau": 0.27575757575757576,
    "subtype_acc": 0.07348315669220472,
    "n_subtypes": 5,
    "mean_stage_healthy": 0.951417004048583,
    "ml_subtype": [
        0,
        2,
        4,
        4,
        4,
        3,
        0,
        4,
        2,
        4,
        4,
        4,
        4,
        0,
        3,
        0,
        2,
        4,
        4,
        2,
        1,
        2,
        2,
        2,
        4,
        4,
        4,
        2,
        2,
        3,
        4,
        4,
        2,
        0,
        4,
        4,
        4,
        2,
        2,
        4,
        4,
        4,
        2,
        4,
        2,
        0,
        0,
        2,
        4,
        0,
        3,
        0,
        1,
        3,
        2,
        4,
        0,
        3,
        0,
        1,
        0,
        2,
        4,
        4,
        3,
        4,
        4,
        0,
        4,
        0,
        3,
        4,
        2,
        2,
        3,
        2,
        0,
        3,
        4,
        0,
        2,
        4,
        0,
        4,
        2,
        3,
        4,
        2,
        4,
        2,
        2,
        0,
        0,
        4,
        4,
        4,
        3,
        4,
        2,
        4,
        4,
        2,
        4,
        4,
        4,
        0,
        3,
        0,
        4,
        2,
        2,
        2,
        2,
        2,
        4,
        0,
        4,
        4,
        2,
        2,
        2,
        4,
        2,
        4,
        4,
        4,
        3,
        4,
        4,
        2,
        3,
        3,
        4,
        2,
        0,
        2,
        4,
        0,
        4,
        4,
        4,
        4,
        1,
        0,
        4,
        4,
        4,
        2,
        4,
        1,
        2,
        2,
        4,
        2,
        3,
        2,
        2,
        0,
        3,
        3,
        3,
        0,
        3,
        0,
        0,
        3,
        2,
        3,
        3,
        3,
        3,
        3,
        2,
        2,
        2,
        3,
        0,
        3,
        3,
        4,
        2,
        4,
        3,
        0,
        0,
        4,
        2,
        3,
        2,
        3,
        0,
        3,
        2,
        3,
        0,
        3,
        3,
        2,
        2,
        3,
        2,
        3,
        0,
        4,
        2,
        3,
        2,
        2,
        3,
        0,
        3,
        2,
        2,
        2,
        2,
        2,
        4,
        3,
        3,
        2,
        2,
        2,
        0,
        3,
        4,
        3,
        0,
        0,
        2,
        3,
        2,
        3,
        3,
        2,
        0,
        3,
        0,
        3,
        3,
        2,
        3,
        2,
        2,
        2,
        2,
        0,
        0,
        2,
        2,
        2,
        2,
        3,
        1,
        3,
        4,
        0,
        3,
        2,
        4,
        3,
        2,
        3,
        3,
        3,
        2,
        0,
        2,
        2,
        3,
        0,
        0,
        0,
        0,
        4,
        4,
        2,
        3,
        3,
        3,
        3,
        2,
        2,
        4,
        2,
        4,
        3,
        2,
        0,
        2,
        2,
        4,
        0,
        0,
        3,
        3,
        0,
        2,
        2,
        4,
        2,
        0,
        4,
        3,
        3,
        2,
        4,
        0,
        3,
        2,
        0,
        2,
        2,
        3,
        4,
        1,
        0,
        3,
        2,
        0,
        2,
        0,
        2,
        2,
        0,
        0,
        1,
        0,
        3,
        0,
        2,
        2,
        2,
        2,
        0,
        2,
        0,
        2,
        2,
        2,
        2,
        3,
        2,
        0,
        2,
        2,
        3,
        0,
        2,
        4,
        0,
        4,
        4,
        0,
        2,
        4,
        1,
        2,
        2,
        2,
        2,
        3,
        0,
        3,
        3,
        2,
        0,
        4,
        0,
        2,
        2,
        2,
        4,
        4,
        2,
        2,
        3,
        0,
        0,
        0,
        0,
        2,
        0,
        0,
        2,
        0,
        2,
        0,
        0,
        0,
        2,
        2,
        4,
        2,
        2,
        0,
        0,
        2,
        2,
        2,
        2,
        2,
        4,
        2,
        2,
        4,
        4,
        2,
        0,
        4,
        0,
        1,
        2,
        4,
        1,
        2,
        2,
        0,
        4,
        2,
        4,
        0,
        0,
        2,
        2,
        2,
        2,
        2,
        0,
        2,
        0,
        3,
        2,
        0,
        3,
        3,
        2,
        0,
        2,
        2,
        2,
        2,
        0,
        0,
        2,
        0,
        1,
        2,
        0,
        3,
        2,
        0,
        2,
        2,
        2,
        1,
        0,
        2,
        2,
        0,
        3,
        2,
        0,
        2,
        1,
        4,
        0,
        0,
        1,
        2,
        0,
        2,
        2,
        4,
        2,
        2,
        2,
        2,
        0,
        2,
        2,
        2,
        2,
        2,
        0,
        4,
        0,
        2,
        0,
        2,
        2,
        3,
        2,
        2,
        2,
        2,
        0,
        2,
        4,
        2,
        0,
        2,
        0,
        0,
        0,
        2,
        3,
        1,
        4,
        2,
        0,
        0,
        2,
        2,
        4,
        0,
        2,
        0,
        0,
        2,
        2,
        0,
        0,
        2,
        0,
        0,
        2,
        2,
        0,
        0,
        2,
        2,
        2,
        2,
        2,
        2,
        2,
        0,
        4,
        2,
        2,
        0,
        2,
        0,
        2,
        2,
        4,
        2,
        0,
        0,
        0,
        4,
        3,
        0,
        2,
        0,
        0,
        4,
        0,
        0,
        4,
        2,
        3,
        1,
        0,
        2,
        2,
        2,
        2,
        2,
        3,
        1,
        3,
        2,
        4,
        2,
        2,
        3,
        2,
        2,
        2,
        3,
        2,
        3,
        3,
        3,
        2,
        0,
        3,
        0,
        1,
        2,
        1,
        2,
        1,
        0,
        2,
        0,
        4,
        0,
        2,
        0,
        2,
        1,
        1,
        1,
        2,
        2,
        1,
        0,
        2,
        1,
        3,
        2,
        2,
        2,
        2,
        2,
        3,
        3,
        0,
        1,
        2,
        2,
        3,
        4,
        3,
        0,
        0,
        2,
        3,
        1,
        1,
        2,
        2,
        1,
        2,
        1,
        4,
        1,
        1,
        2,
        2,
        4,
        0,
        3,
        2,
        2,
        3,
        1,
        3,
        4,
        1,
        2,
        0,
        3,
        0,
        2,
        0,
        2,
        2,
        1,
        1,
        2,
        0,
        1,
        3,
        2,
        2,
        2,
        1,
        3,
        3,
        3,
        3,
        3,
        2,
        0,
        2,
        1,
        3,
        2,
        3,
        2,
        2,
        2,
        2,
        2,
        2,
        4,
        2,
        2,
        3,
        2,
        3,
        2,
