{
    "with_labels": 1,
    "burn_in": 500,
    "thinning": 1,
    "runtime": 137.70063638687134,
    "healthy_ratio": 0.5,
    "max_log_likelihood": 2114.6287406593906,
    "kendalls_tau": 0.14141414141414144,
    "subtype_acc": 0.5948991398632363,
    "n_subtypes": 3,
    "mean_stage_healthy": 0.032,
    "ml_subtype": [
        2,
        2,
        2,
        2,
        2,
        2,
        2,
        2,
        2,
        2,
        2,
        2,
        2,
        2,
        2,
        2,
        2,
        2,
        2,
        2,
        2,
        2,
        2,
        2,
        2,
        2,
        2,
        2,
        2,
        1,
        0,
        2,
        2,
        2,
        2,
        2,
        2,
        2,
        2,
        2,
        2,
        2,
        2,
        2,
        2,
        2,
        2,
        2,
        2,
        2,
        2,
        2,
        2,
        2,
        2,
        2,
        2,
        0,
        2,
        2,
        2,
        2,
        2,
        2,
        2,
        2,
        2,
        2,
        2,
        2,
        2,
        2,
        2,
        2,
        2,
        2,
        2,
        2,
        2,
        2,
        2,
        2,
        2,
        2,
        2,
        2,
        2,
        2,
        2,
        2,
        0,
        1,
        2,
        2,
        2,
        2,
        2,
        1,
        2,
        2,
        2,
        2,
        2,
        2,
        2,
        2,
        2,
        2,
        2,
        2,
        2,
        2,
        2,
        2,
        2,
        1,
        2,
        2,
        2,
        2,
        2,
        2,
        2,
        2,
        2,
        2,
        2,
        2,
        2,
        2,
        2,
        2,
        2,
        2,
        2,
        2,
        2,
        2,
        2,
        2,
        1,
        2,
        0,
        2,
        2,
        0,
        2,
        2,
        2,
        2,
        2,
        2,
        2,
        1,
        2,
        2,
        2,
        2,
        2,
        1,
        2,
        2,
        2,
        1,
        2,
        2,
        2,
        2,
        2,
        2,
        2,
        2,
        2,
        2,
        2,
        2,
        2,
        2,
        2,
        2,
        2,
        2,
        2,
        2,
        2,
        2,
        2,
        2,
        2,
        2,
        2,
        2,
        2,
        2,
        2,
        2,
        2,
        2,
        2,
        2,
        2,
        2,
        2,
        2,
        2,
        2,
        2,
        2,
        2,
        2,
        2,
        2,
        2,
        2,
        2,
        2,
        2,
        2,
        2,
        2,
        2,
        2,
        2,
        2,
        2,
        2,
        2,
        2,
        2,
        2,
        2,
        2,
        2,
        1,
        2,
        2,
        2,
        2,
        2,
        2,
        2,
        2,
        2,
        2,
        2,
        2,
        2,
        2,
        2,
        2,
        2,
        2,
        2,
        2,
        2,
        2,
        2,
        2,
        2,
        2,
        2,
        2,
        2,
        2,
        2,
        2,
        2,
        2,
        2,
        2,
        2,
        2,
        2,
        2,
        2,
        2,
        2,
        0,
        0,
        0,
        0,
        0,
        0,
        2,
        0,
        2,
        2,
        0,
        0,
        2,
        2,
        0,
        1,
        0,
        2,
        2,
        2,
        2,
        2,
        0,
        0,
        2,
        0,
        0,
        0,
        2,
        0,
        2,
        0,
        1,
        2,
        2,
        2,
        0,
        0,
        0,
        0,
        2,
        1,
        1,
        0,
        2,
        0,
        1,
        0,
        2,
        0,
        2,
        0,
        2,
        0,
        2,
        2,
        0,
        2,
        2,
        2,
        2,
        1,
        0,
        1,
        2,
        0,
        2,
        2,
        2,
        0,
        0,
        0,
        2,
        0,
        2,
        2,
        1,
        0,
        1,
        0,
        0,
        2,
        2,
        0,
        2,
        2,
        2,
        2,
        2,
        0,
        2,
        2,
        2,
        0,
        2,
        0,
        2,
        0,
        2,
        2,
        2,
        1,
        2,
        2,
        2,
        1,
        0,
        0,
        2,
        2,
        0,
        2,
        1,
        0,
        2,
        0,
        2,
        2,
        0,
        0,
        2,
        2,
        2,
        1,
        2,
        2,
        0,
        2,
        0,
        2,
        0,
        1,
        1,
        2,
        2,
        2,
        2,
        0,
        1,
        2,
        2,
        2,
        0,
        2,
        2,
        1,
        2,
        2,
        0,
        0,
        2,
        0,
        2,
        0,
        0,
        2,
        2,
        1,
        0,
        2,
        0,
        0,
        0,
        2,
        2,
        2,
        1,
        0,
        0,
        0,
        1,
        0,
        2,
        0,
        0,
        2,
        2,
        2,
        2,
        0,
        2,
        0,
        2,
        2,
        0,
        2,
        0,
        2,
        2,
        1,
        0,
        0,
        2,
        2,
        0,
        2,
        0,
        2,
        0,
        1,
        1,
        0,
        0,
        2,
        0,
        2,
        0,
        2,
        2,
        0,
        2,
        2,
        2,
        0,
        2,
        0,
        0,
        2,
        2,
        0,
        2,
        0,
        0,
        2,
        2,
        1,
        2,
        0,
        2,
        2,
        2,
        2,
        2,
        0,
        2,
        2,
        2,
        2,
        2,
        2,
        2,
        0,
        2,
        2,
        2,
        0,
        2,
        0,
        2,
        2,
        2,
        2,
        0,
        2,
        0,
        0,
        2,
        0,
        2,
        0,
        0,
        1,
        2,
        2,
        0,
        2,
        2,
        0,
        2,
        2,
        0,
        2,
        2,
        1,
        2,
        2,
        0,
        0,
        2,
        1,
        2,
        0,
        0,
        1,
        2,
        0,
        0,
        0,
        2,
        2,
        2,
        2,
        2,
        1,
        0,
        2,
        2,
        2,
        0,
        2,
        2,
        0,
        1,
        0,
        2,
        0,
        2,
        2,
        0,
        2,
        2,
        2,
        2,
        2,
        2,
        2,
        1,
        1,
        2,
        0,
        1,
        0,
        0,
        2,
        2,
        2,
        0,
        0,
        0,
        0,
        0,
        2,
        0,
        2,
        0,
        2,
        0,
        0,
        0,
        2,
        2,
        0,
        2,
        2,
        0,
        0,
        2,
        2,
        0,
        2,
        0,
        0,
        0,
        0,
        0,
        2,
        2,
        0,
        0,
        2,
        0,
        2,
        2,
        0,
        2,
        0,
        2,
        0,
        2,
        2,
        0,
        2,
        2,
        2,
        2,
        2,
        0,
        0,
        2,
        2,
        2,
        1,
        2,
        1,
        2,
        1,
        1,
        1,
        1,
        2,
        2,
        2,
        1,
        1,
        2,
        2,
        2,
        2,
        2,
        2,
        1,
        2,
        2,
        2,
        1,
        2,
        2,
        1,
        1,
        2,
        1,
        1,
        1,
        2,
        2,
        2,
        2,
        2,
        2,
        2,
