{
    "with_labels": 1,
    "burn_in": 500,
    "thinning": 1,
    "runtime": 209.52003812789917,
    "healthy_ratio": 0.24924924924924924,
    "max_log_likelihood": -2437.3366444867333,
    "kendalls_tau": 0.21212121212121213,
    "subtype_acc": 0.3132014605445391,
    "n_subtypes": 3,
    "mean_stage_healthy": 0.18473895582329317,
    "ml_subtype": [
        2,
        2,
        1,
        0,
        1,
        1,
        2,
        1,
        1,
        1,
        2,
        2,
        1,
        2,
        1,
        2,
        1,
        1,
        1,
        1,
        2,
        2,
        2,
        1,
        1,
        2,
        1,
        1,
        0,
        2,
        2,
        2,
        2,
        1,
        2,
        2,
        2,
        2,
        1,
        1,
        2,
        2,
        1,
        2,
        2,
        2,
        1,
        1,
        2,
        1,
        1,
        1,
        2,
        2,
        2,
        2,
        1,
        2,
        2,
        2,
        0,
        1,
        0,
        2,
        1,
        0,
        2,
        1,
        1,
        2,
        2,
        1,
        1,
        2,
        1,
        1,
        2,
        2,
        2,
        1,
        2,
        2,
        0,
        2,
        2,
        1,
        2,
        1,
        2,
        0,
        1,
        0,
        2,
        2,
        1,
        2,
        1,
        2,
        1,
        2,
        2,
        2,
        2,
        2,
        0,
        1,
        2,
        0,
        2,
        2,
        2,
        2,
        1,
        1,
        2,
        2,
        1,
        1,
        1,
        1,
        2,
        1,
        1,
        0,
        1,
        2,
        1,
        1,
        2,
        1,
        1,
        0,
        2,
        1,
        1,
        2,
        2,
        1,
        1,
        2,
        2,
        1,
        1,
        2,
        2,
        1,
        2,
        2,
        2,
        2,
        1,
        2,
        1,
        1,
        2,
        2,
        2,
        1,
        2,
        1,
        1,
        2,
        2,
        2,
        1,
        2,
        1,
        2,
        2,
        1,
        2,
        2,
        2,
        2,
        1,
        1,
        2,
        2,
        2,
        1,
        2,
        1,
        1,
        2,
        2,
        1,
        2,
        1,
        1,
        1,
        1,
        1,
        1,
        2,
        1,
        2,
        2,
        0,
        1,
        2,
        1,
        1,
        2,
        2,
        1,
        2,
        2,
        1,
        1,
        1,
        2,
        2,
        1,
        1,
        2,
        1,
        1,
        1,
        1,
        1,
        1,
        2,
        1,
        1,
        1,
        2,
        1,
        1,
        2,
        1,
        2,
        2,
        1,
        2,
        1,
        1,
        2,
        1,
        2,
        2,
        1,
        1,
        1,
        1,
        2,
        1,
        2,
        1,
        1,
        2,
        1,
        1,
        2,
        1,
        1,
        1,
        2,
        2,
        2,
        2,
        2,
        2,
        0,
        1,
        1,
        1,
        2,
        2,
        1,
        1,
        2,
        2,
        2,
        1,
        1,
        2,
        1,
        2,
        1,
        2,
        2,
        2,
        1,
        2,
        2,
        2,
        2,
        2,
        2,
        1,
        2,
        1,
        2,
        2,
        1,
        2,
        2,
        0,
        1,
        2,
        2,
        1,
        1,
        2,
        2,
        1,
        2,
        2,
        1,
        2,
        1,
        0,
        2,
        2,
        1,
        2,
        2,
        1,
        1,
        1,
        1,
        2,
        1,
        2,
        1,
        2,
        1,
        2,
        1,
        1,
        2,
        0,
        2,
        1,
        1,
        1,
        2,
        2,
        2,
        2,
        2,
        2,
        1,
        1,
        1,
        2,
        0,
        1,
        2,
        2,
        2,
        1,
        2,
        0,
        2,
        1,
        0,
        1,
        1,
        2,
        2,
        1,
        2,
        1,
        0,
        1,
        2,
        2,
        1,
        1,
        1,
        2,
        1,
        1,
        1,
        1,
        1,
        1,
        0,
        2,
        1,
        1,
        1,
        1,
        2,
        1,
        1,
        2,
        1,
        2,
        2,
        1,
        1,
        1,
        2,
        2,
        1,
        1,
        0,
        2,
        2,
        1,
        2,
        1,
        1,
        1,
        2,
        2,
        2,
        2,
        0,
        1,
        1,
        1,
        1,
        2,
        0,
        2,
        2,
        1,
        2,
        2,
        2,
        2,
        1,
        2,
        1,
        2,
        1,
        1,
        2,
        2,
        2,
        1,
        1,
        2,
        1,
        1,
        2,
        2,
        0,
        1,
        1,
        2,
        1,
        2,
        2,
        0,
        2,
        1,
        1,
        1,
        2,
        1,
        1,
        2,
        1,
        2,
        1,
        2,
        1,
        1,
        1,
        1,
        1,
        0,
        1,
        1,
        2,
        2,
        2,
        2,
        1,
        2,
        1,
        1,
        1,
        1,
        1,
        2,
        2,
        2,
        1,
        1,
        0,
        2,
        1,
        2,
        1,
        2,
        2,
        2,
        1,
        1,
        1,
        1,
        1,
        1,
        0,
        1,
        1,
        1,
        1,
        1,
        1,
        1,
        1,
        2,
        1,
        1,
        1,
        1,
        1,
        1,
        1,
        0,
        1,
        1,
        1,
        1,
        0,
        1,
        1,
        1,
        1,
        1,
        1,
        1,
        1,
        2,
        1,
        1,
        1,
        0,
        1,
        1,
        1,
        1,
        1,
        1,
        1,
        1,
        1,
        1,
        1,
        1,
        1,
        1,
        1,
        1,
        1,
        1,
        1,
        1,
        0,
        1,
        1,
        1,
        1,
        0,
        1,
        1,
        1,
        1,
        1,
        1,
        1,
        1,
        1,
        1,
        1,
        1,
        2,
        1,
        1,
        1,
        1,
        1,
        1,
        0,
        1,
        1,
        2,
        1,
        1,
        1,
        1,
        0,
        1,
        0,
        1,
        1,
        1,
        1,
        1,
        1,
        1,
        1,
        1,
        1,
        1,
        1,
        1,
        1,
        1,
        1,
        1,
        1,
        1,
        1,
        1,
        1,
        1,
        1,
        1,
        0,
        1,
        0,
        1,
        1,
        1,
        1,
        1,
        1,
        1,
        1,
        1,
        1,
        1,
        1,
        2,
        1,
        1,
        1,
        1,
        1,
        1,
        1,
        1,
        1,
        1,
        1,
        1,
        1,
        1,
        1,
        1,
        1,
        1,
        1,
        1,
        1,
        2,
        1,
        2,
        1,
        1,
        0,
        2,
        1,
        1,
        1,
        1,
        1,
        1,
        0,
        2,
        1,
        1,
        1,
        1,
        1,
        1,
        1,
        1,
        1,
        1,
        1,
        2,
        1,
        1,
        1,
        1,
        0,
        1,
        1,
        2,
        1,
        1,
        1,
        1,
        1,
        1,
        1,
        1,
