{
    "with_labels": 1,
    "burn_in": 500,
    "thinning": 1,
    "runtime": 270.0554003715515,
    "healthy_ratio": 0.24924924924924924,
    "max_log_likelihood": -2211.4860797517445,
    "kendalls_tau": 0.2515151515151515,
    "subtype_acc": 0.17318293611020266,
    "n_subtypes": 5,
    "mean_stage_healthy": 0.1927710843373494,
    "ml_subtype": [
        1,
        2,
        2,
        2,
        2,
        4,
        1,
        4,
        4,
        4,
        2,
        3,
        4,
        3,
        2,
        4,
        2,
        2,
        2,
        2,
        2,
        3,
        2,
        4,
        4,
        1,
        4,
        2,
        2,
        2,
        2,
        3,
        1,
        2,
        2,
        3,
        2,
        4,
        1,
        2,
        0,
        2,
        2,
        0,
        2,
        1,
        4,
        2,
        1,
        3,
        3,
        1,
        2,
        2,
        2,
        3,
        3,
        2,
        2,
        4,
        2,
        4,
        3,
        2,
        1,
        2,
        4,
        4,
        3,
        2,
        2,
        3,
        4,
        2,
        2,
        2,
        2,
        2,
        2,
        2,
        2,
        4,
        2,
        0,
        2,
        3,
        2,
        2,
        0,
        2,
        2,
        1,
        2,
        2,
        1,
        1,
        0,
        4,
        2,
        3,
        3,
        4,
        3,
        2,
        4,
        2,
        4,
        1,
        3,
        3,
        4,
        2,
        2,
        2,
        4,
        1,
        2,
        0,
        2,
        4,
        2,
        3,
        2,
        2,
        1,
        4,
        2,
        4,
        2,
        1,
        2,
        2,
        2,
        2,
        4,
        4,
        2,
        4,
        1,
        4,
        2,
        2,
        1,
        0,
        4,
        2,
        1,
        1,
        4,
        4,
        4,
        2,
        2,
        2,
        1,
        2,
        1,
        2,
        2,
        2,
        2,
        2,
        2,
        3,
        0,
        2,
        3,
        1,
        1,
        2,
        4,
        2,
        3,
        1,
        2,
        0,
        2,
        2,
        2,
        2,
        3,
        4,
        2,
        2,
        2,
        1,
        0,
        2,
        2,
        1,
        4,
        4,
        2,
        3,
        2,
        3,
        3,
        4,
        2,
        2,
        2,
        4,
        4,
        4,
        1,
        2,
        1,
        2,
        2,
        3,
        1,
        2,
        2,
        4,
        2,
        2,
        2,
        3,
        1,
        2,
        1,
        2,
        4,
        2,
        2,
        3,
        2,
        1,
        1,
        2,
        2,
        2,
        2,
        0,
        3,
        1,
        1,
        3,
        2,
        3,
        4,
        4,
        4,
        2,
        2,
        2,
        3,
        2,
        1,
        2,
        4,
        4,
        1,
        4,
        2,
        0,
        2,
        4,
        2,
        4,
        3,
        0,
        4,
        2,
        2,
        4,
        4,
        2,
        2,
        1,
        2,
        0,
        2,
        2,
        3,
        2,
        4,
        3,
        2,
        3,
        4,
        2,
        3,
        4,
        2,
        0,
        2,
        2,
        3,
        0,
        3,
        3,
        2,
        2,
        2,
        3,
        3,
        0,
        2,
        3,
        3,
        2,
        3,
        0,
        3,
        2,
        4,
        0,
        3,
        3,
        2,
        2,
        2,
        2,
        3,
        4,
        0,
        3,
        2,
        2,
        3,
        3,
        2,
        3,
        2,
        2,
        3,
        4,
        3,
        2,
        3,
        3,
        3,
        2,
        0,
        3,
        2,
        0,
        3,
        3,
        2,
        3,
        4,
        3,
        0,
        2,
        2,
        4,
        2,
        3,
        2,
        2,
        2,
        2,
        3,
        2,
        3,
        0,
        1,
        3,
        3,
        3,
        2,
        0,
        2,
        3,
        3,
        3,
        2,
        2,
        2,
        2,
        3,
        1,
        3,
        0,
        2,
        3,
        0,
        2,
        2,
        2,
        2,
        2,
        1,
        4,
        2,
        4,
        2,
        4,
        2,
        2,
        1,
        2,
        2,
        1,
        2,
        1,
        2,
        0,
        1,
        1,
        4,
        2,
        2,
        0,
        2,
        2,
        4,
        1,
        2,
        2,
        1,
        4,
        2,
        3,
        0,
        4,
        1,
        4,
        4,
        1,
        2,
        2,
        2,
        2,
        2,
        2,
        1,
        4,
        2,
        2,
        2,
        2,
        0,
        0,
        2,
        2,
        0,
        2,
        2,
        0,
        1,
        2,
        1,
        2,
        1,
        1,
        0,
        2,
        2,
        2,
        4,
        0,
        2,
        1,
        0,
        2,
        2,
        2,
        2,
        2,
        2,
        2,
        2,
        2,
        4,
        2,
        0,
        0,
        0,
        2,
        2,
        4,
        2,
        2,
        2,
        2,
        2,
        4,
        1,
        2,
        1,
        2,
        2,
        2,
        2,
        1,
        2,
        2,
        2,
        2,
        2,
        2,
        0,
        1,
        1,
        0,
        1,
        3,
        2,
        1,
        1,
        2,
        4,
        0,
        2,
        2,
        2,
        1,
        1,
        2,
        2,
        2,
        2,
        4,
        2,
        2,
        1,
        4,
        2,
        2,
        2,
        4,
        1,
        0,
        2,
        0,
        2,
        2,
        2,
        2,
        2,
        2,
        2,
        2,
        2,
        2,
        2,
        0,
        1,
        1,
        2,
        2,
        2,
        2,
        2,
        2,
        2,
        1,
        4,
        0,
        4,
        1,
        2,
        0,
        3,
        1,
        1,
        1,
        4,
        4,
        2,
        0,
        4,
        1,
        1,
        2,
        2,
        2,
        4,
        1,
        0,
        2,
        4,
        2,
        4,
        2,
        1,
        1,
        2,
        1,
        2,
        2,
        2,
        2,
        0,
        0,
        0,
        4,
        4,
        0,
        2,
        1,
        2,
        1,
        1,
        2,
        1,
        1,
        1,
        4,
        0,
        0,
        2,
        0,
        0,
        2,
        2,
        2,
        4,
        2,
        1,
        4,
        2,
        2,
        4,
        2,
        0,
        2,
        2,
        4,
        2,
        4,
        2,
        2,
        2,
        2,
        2,
        0,
        2,
        0,
        2,
        3,
        2,
        2,
        4,
        4,
        4,
        0,
        4,
        4,
        3,
        4,
        4,
        2,
        2,
        2,
        4,
        2,
        1,
        2,
        3,
        2,
        4,
        4,
        1,
        2,
        2,
        2,
        2,
        2,
        4,
        2,
        3,
        2,
        4,
        0,
        2,
        2,
        2,
        4,
        2,
        3,
        2,
        3,
        3,
        4,
        2,
        3,
        4,
        2,
        4,
        2,
        2,
        4,
        4,
        1,
        1,
        0,
        2,
        4,
        2,
        4,
        2,
