{
    "with_labels": 1,
    "burn_in": 500,
    "thinning": 1,
    "runtime": 355.40461564064026,
    "healthy_ratio": 0.24775224775224775,
    "max_log_likelihood": -1898.9511183974328,
    "kendalls_tau": 0.36742424242424243,
    "subtype_acc": 0.18886340606803914,
    "n_subtypes": 4,
    "mean_stage_healthy": 0.2701612903225806,
    "ml_subtype": [
        3,
        3,
        3,
        3,
        2,
        1,
        2,
        3,
        2,
        3,
        3,
        2,
        2,
        3,
        3,
        3,
        3,
        2,
        3,
        3,
        1,
        3,
        3,
        3,
        0,
        0,
        2,
        1,
        3,
        3,
        3,
        2,
        2,
        2,
        2,
        2,
        1,
        1,
        2,
        2,
        2,
        2,
        2,
        0,
        1,
        3,
        2,
        2,
        2,
        3,
        2,
        2,
        0,
        2,
        3,
        3,
        2,
        2,
        2,
        2,
        2,
        2,
        2,
        2,
        3,
        2,
        3,
        2,
        3,
        3,
        3,
        1,
        2,
        2,
        1,
        3,
        3,
        3,
        3,
        0,
        2,
        1,
        3,
        3,
        2,
        2,
        2,
        2,
        3,
        3,
        2,
        2,
        1,
        3,
        1,
        2,
        3,
        1,
        2,
        3,
        2,
        3,
        2,
        2,
        2,
        2,
        3,
        3,
        3,
        3,
        3,
        3,
        0,
        2,
        2,
        2,
        2,
        2,
        3,
        3,
        3,
        3,
        3,
        2,
        0,
        3,
        3,
        0,
        2,
        2,
        0,
        1,
        3,
        2,
        1,
        2,
        2,
        2,
        2,
        2,
        3,
        2,
        3,
        2,
        3,
        2,
        2,
        1,
        2,
        2,
        1,
        3,
        3,
        3,
        1,
        3,
        3,
        1,
        2,
        3,
        3,
        1,
        3,
        3,
        3,
        1,
        3,
        1,
        2,
        2,
        3,
        2,
        3,
        0,
        0,
        2,
        2,
        3,
        3,
        3,
        0,
        3,
        2,
        3,
        2,
        3,
        0,
        2,
        3,
        3,
        0,
        3,
        0,
        3,
        1,
        2,
        3,
        0,
        2,
        2,
        2,
        1,
        3,
        3,
        3,
        2,
        3,
        3,
        2,
        3,
        3,
        2,
        2,
        2,
        2,
        2,
        2,
        2,
        2,
        3,
        3,
        1,
        2,
        2,
        2,
        3,
        3,
        2,
        3,
        3,
        3,
        2,
        3,
        3,
        2,
        1,
        1,
        3,
        1,
        2,
        2,
        2,
        2,
        0,
        1,
        1,
        3,
        3,
        3,
        3,
        1,
        1,
        2,
        1,
        3,
        1,
        3,
        3,
        0,
        3,
        3,
        3,
        3,
        3,
        3,
        3,
        3,
        1,
        1,
        2,
        3,
        1,
        1,
        3,
        3,
        3,
        3,
        2,
        2,
        1,
        1,
        3,
        2,
        3,
        2,
        1,
        0,
        3,
        3,
        0,
        3,
        3,
        1,
        2,
        3,
        3,
        3,
        1,
        0,
        0,
        3,
        3,
        3,
        3,
        1,
        3,
        1,
        1,
        3,
        3,
        3,
        3,
        3,
        0,
        1,
        1,
        3,
        2,
        1,
        2,
        3,
        3,
        3,
        0,
        1,
        3,
        3,
        3,
        3,
        3,
        3,
        1,
        0,
        3,
        1,
        3,
        3,
        3,
        0,
        3,
        0,
        3,
        3,
        3,
        3,
        3,
        3,
        2,
        3,
        1,
        3,
        3,
        3,
        3,
        1,
        3,
        1,
        1,
        0,
        3,
        3,
        3,
        3,
        1,
        3,
        3,
        3,
        3,
        1,
        0,
        0,
        3,
        3,
        3,
        3,
        3,
        1,
        3,
        3,
        3,
        3,
        2,
        3,
        1,
        3,
        0,
        1,
        3,
        2,
        1,
        3,
        1,
        3,
        3,
        3,
        3,
        0,
        1,
        1,
        2,
        1,
        3,
        3,
        3,
        1,
        3,
        3,
        2,
        3,
        2,
        3,
        3,
        3,
        2,
        3,
        1,
        0,
        3,
        0,
        1,
        0,
        3,
        3,
        2,
        3,
        3,
        3,
        3,
        3,
        3,
        1,
        1,
        3,
        1,
        3,
        0,
        0,
        3,
        3,
        1,
        3,
        3,
        3,
        1,
        0,
        3,
        3,
        3,
        0,
        0,
        3,
        3,
        3,
        3,
        3,
        3,
        3,
        3,
        1,
        2,
        3,
        3,
        3,
        3,
        3,
        1,
        3,
        3,
        3,
        3,
        3,
        3,
        3,
        1,
        2,
        3,
        3,
        3,
        0,
        3,
        3,
        3,
        1,
        3,
        3,
        3,
        3,
        3,
        2,
        2,
        1,
        3,
        3,
        1,
        3,
        2,
        1,
        0,
        3,
        0,
        3,
        2,
        3,
        3,
        3,
        3,
        3,
        3,
        3,
        3,
        0,
        3,
        3,
        3,
        3,
        3,
        3,
        3,
        3,
        2,
        3,
        1,
        3,
        3,
        3,
        3,
        2,
        3,
        1,
        2,
        1,
        3,
        3,
        3,
        3,
        3,
        3,
        3,
        3,
        3,
        3,
        3,
        3,
        3,
        2,
        2,
        2,
        3,
        3,
        3,
        3,
        1,
        3,
        0,
        3,
        3,
        3,
        3,
        3,
        3,
        3,
        3,
        3,
        3,
        3,
        3,
        3,
        3,
        0,
        2,
        0,
        3,
        3,
        3,
        2,
        3,
        1,
        3,
        1,
        0,
        3,
        3,
        2,
        3,
        3,
        3,
        3,
        1,
        3,
        3,
        2,
        3,
        3,
        3,
        3,
        3,
        3,
        3,
        3,
        0,
        3,
        3,
        3,
        3,
        3,
        2,
        0,
        3,
        3,
        3,
        2,
        2,
        3,
        3,
        2,
        3,
        2,
        3,
        1,
        3,
        3,
        3,
        3,
        3,
        3,
        2,
        2,
        3,
        3,
        3,
        3,
        3,
        2,
        3,
        3,
        3,
        3,
        3,
        3,
        3,
        3,
        3,
        3,
        3,
        3,
        3,
        2,
        3,
        3,
        0,
        3,
        3,
        3,
        2,
        3,
        3,
        3,
        3,
        3,
        3,
        0,
        3,
        0,
        3,
        3,
        2,
        3,
        3,
        3,
        3,
        3,
        3,
        3,
        1,
        3,
        2,
        2,
        2,
        3,
        3,
        3,
        3,
        2,
        3,
        3,
        1,
        3,
        3,
        3,
        3,
        3,
        3,
        3,
        3,
        0,
