{
    "with_labels": 1,
    "burn_in": 500,
    "thinning": 1,
    "runtime": 185.5127136707306,
    "healthy_ratio": 0.24924924924924924,
    "max_log_likelihood": -1984.8036788247632,
    "kendalls_tau": 0.2474747474747475,
    "subtype_acc": 0.25007965219478967,
    "n_subtypes": 3,
    "mean_stage_healthy": 0.28112449799196787,
    "ml_subtype": [
        1,
        0,
        2,
        0,
        1,
        2,
        2,
        0,
        2,
        2,
        0,
        2,
        2,
        0,
        0,
        1,
        0,
        0,
        0,
        0,
        1,
        0,
        0,
        2,
        0,
        0,
        0,
        2,
        2,
        2,
        2,
        0,
        2,
        0,
        0,
        2,
        0,
        0,
        2,
        0,
        0,
        2,
        0,
        0,
        0,
        0,
        2,
        0,
        2,
        2,
        1,
        1,
        0,
        2,
        2,
        0,
        0,
        0,
        0,
        2,
        2,
        2,
        2,
        0,
        0,
        2,
        0,
        2,
        2,
        0,
        2,
        2,
        1,
        0,
        2,
        2,
        2,
        2,
        0,
        1,
        2,
        2,
        0,
        0,
        0,
        0,
        0,
        2,
        0,
        2,
        2,
        2,
        2,
        2,
        1,
        2,
        2,
        0,
        2,
        0,
        0,
        0,
        1,
        1,
        0,
        0,
        2,
        2,
        0,
        2,
        0,
        0,
        0,
        0,
        0,
        0,
        0,
        0,
        2,
        0,
        0,
        0,
        0,
        2,
        2,
        2,
        2,
        0,
        2,
        2,
        0,
        2,
        2,
        0,
        0,
        1,
        1,
        0,
        2,
        2,
        0,
        2,
        2,
        2,
        2,
        2,
        2,
        0,
        0,
        2,
        2,
        0,
        0,
        2,
        2,
        0,
        2,
        0,
        0,
        2,
        0,
        2,
        2,
        0,
        2,
        2,
        2,
        2,
        1,
        0,
        0,
        0,
        1,
        2,
        0,
        0,
        0,
        2,
        2,
        0,
        0,
        0,
        2,
        2,
        0,
        0,
        0,
        0,
        0,
        0,
        2,
        2,
        2,
        0,
        2,
        0,
        0,
        0,
        2,
        0,
        0,
        1,
        0,
        0,
        2,
        0,
        2,
        2,
        0,
        1,
        0,
        0,
        2,
        2,
        0,
        1,
        2,
        2,
        0,
        2,
        0,
        0,
        0,
        2,
        0,
        2,
        0,
        2,
        0,
        2,
        1,
        0,
        0,
        0,
        2,
        0,
        0,
        0,
        2,
        0,
        2,
        2,
        2,
        2,
        0,
        0,
        0,
        2,
        0,
        0,
        2,
        0,
        0,
        0,
        0,
        2,
        2,
        0,
        2,
        0,
        2,
        2,
        2,
        2,
        0,
        0,
        0,
        0,
        2,
        0,
        2,
        2,
        2,
        0,
        0,
        0,
        2,
        2,
        0,
        2,
        0,
        2,
        0,
        2,
        2,
        0,
        0,
        0,
        2,
        2,
        1,
        2,
        0,
        2,
        0,
        1,
        2,
        0,
        2,
        2,
        2,
        2,
        1,
        1,
        2,
        0,
        0,
        2,
        0,
        2,
        0,
        0,
        2,
        2,
        0,
        0,
        0,
        0,
        0,
        2,
        2,
        0,
        0,
        2,
        0,
        2,
        0,
        2,
        1,
        2,
        0,
        2,
        0,
        2,
        0,
        2,
        0,
        2,
        0,
        2,
        2,
        2,
        0,
        0,
        1,
        0,
        2,
        0,
        2,
        2,
        2,
        0,
        0,
        0,
        0,
        2,
        1,
        0,
        0,
        0,
        2,
        2,
        2,
        0,
        0,
        2,
        2,
        2,
        2,
        0,
        0,
        0,
        0,
        0,
        2,
        0,
        2,
        2,
        2,
        0,
        0,
        2,
        2,
        0,
        0,
        2,
        0,
        0,
        0,
        2,
        0,
        0,
        2,
        0,
        0,
        2,
        2,
        0,
        0,
        2,
        2,
        0,
        0,
        2,
        0,
        2,
        0,
        2,
        0,
        2,
        0,
        2,
        2,
        0,
        2,
        2,
        0,
        2,
        0,
        1,
        2,
        0,
        2,
        0,
        1,
        1,
        2,
        0,
        1,
        0,
        1,
        0,
        0,
        0,
        1,
        2,
        1,
        1,
        0,
        1,
        0,
        0,
        1,
        2,
        1,
        0,
        1,
        0,
        1,
        0,
        1,
        0,
        2,
        1,
        2,
        0,
        1,
        0,
        0,
        0,
        2,
        0,
        1,
        1,
        0,
        0,
        1,
        0,
        1,
        2,
        0,
        1,
        2,
        0,
        1,
        1,
        1,
        1,
        1,
        2,
        2,
        1,
        0,
        0,
        1,
        0,
        2,
        1,
        1,
        1,
        0,
        0,
        0,
        1,
        1,
        1,
        0,
        1,
        0,
        1,
        0,
        2,
        1,
        0,
        1,
        1,
        0,
        1,
        1,
        1,
        0,
        1,
        1,
        1,
        0,
        0,
        1,
        2,
        1,
        0,
        0,
        1,
        1,
        0,
        0,
        1,
        0,
        1,
        2,
        0,
        0,
        1,
        1,
        1,
        0,
        1,
        1,
        2,
        0,
        1,
        1,
        0,
        0,
        0,
        0,
        0,
        0,
        0,
        1,
        2,
        1,
        0,
        2,
        2,
        0,
        1,
        1,
        0,
        2,
        1,
        1,
        1,
        0,
        1,
        0,
        0,
        1,
        1,
        0,
        1,
        0,
        1,
        0,
        0,
        1,
        2,
        1,
        1,
        1,
        1,
        0,
        1,
        1,
        0,
        1,
        0,
        1,
        1,
        1,
        1,
        1,
        0,
        0,
        1,
        1,
        0,
        1,
        1,
        1,
        1,
        2,
        1,
        2,
        2,
        1,
        0,
        1,
        2,
        0,
        1,
        1,
        1,
        1,
        2,
        1,
        0,
        0,
        1,
        0,
        0,
        1,
        1,
        1,
        0,
        0,
        2,
        1,
        1,
        0,
        0,
        0,
        0,
        0,
        0,
        0,
        2,
        1,
        0,
        0,
        2,
        0,
        0,
        0,
        2,
        1,
        0,
        2,
        0,
        0,
        0,
        0,
        0,
        0,
        0,
        0,
        0,
        0,
        0,
        0,
        0,
        0,
        0,
        0,
        2,
        0,
        0,
        0,
        0,
        0,
        0,
        0,
        0,
        0,
        0,
        0,
        2,
        0,
        2,
        0,
        0,
        0,
        0,
        0,
        2,
        0,
        0,
        0,
        0,
        0,
        0,
        0,
        0,
        0,
        0,
        1,
