{
    "with_labels": 1,
    "burn_in": 500,
    "thinning": 1,
    "runtime": 231.05637121200562,
    "healthy_ratio": 0.24924924924924924,
    "max_log_likelihood": 793.5185220185073,
    "kendalls_tau": 0.1553030303030303,
    "subtype_acc": 0.33780373349283915,
    "n_subtypes": 4,
    "mean_stage_healthy": 0.0,
    "ml_subtype": [
        1,
        1,
        1,
        1,
        1,
        1,
        1,
        1,
        1,
        0,
        1,
        1,
        1,
        1,
        1,
        1,
        1,
        1,
        1,
        1,
        1,
        1,
        1,
        1,
        1,
        1,
        1,
        1,
        1,
        1,
        1,
        1,
        1,
        1,
        1,
        1,
        1,
        1,
        1,
        1,
        1,
        1,
        1,
        1,
        1,
        1,
        1,
        1,
        1,
        1,
        1,
        1,
        1,
        1,
        1,
        1,
        1,
        1,
        1,
        0,
        1,
        1,
        1,
        1,
        1,
        1,
        1,
        1,
        1,
        1,
        1,
        1,
        1,
        1,
        1,
        1,
        1,
        1,
        1,
        1,
        1,
        1,
        1,
        1,
        1,
        1,
        1,
        1,
        1,
        1,
        1,
        1,
        1,
        1,
        1,
        1,
        1,
        1,
        1,
        1,
        1,
        1,
        1,
        1,
        1,
        1,
        1,
        1,
        1,
        1,
        2,
        1,
        0,
        3,
        1,
        1,
        1,
        1,
        1,
        1,
        1,
        1,
        1,
        1,
        1,
        0,
        0,
        1,
        1,
        1,
        1,
        1,
        1,
        1,
        1,
        1,
        1,
        1,
        1,
        1,
        1,
        1,
        0,
        1,
        1,
        1,
        1,
        1,
        1,
        1,
        1,
        1,
        1,
        1,
        1,
        1,
        1,
        1,
        1,
        1,
        1,
        1,
        0,
        1,
        1,
        1,
        1,
        1,
        1,
        1,
        1,
        1,
        1,
        1,
        0,
        1,
        1,
        1,
        1,
        1,
        1,
        1,
        1,
        1,
        1,
        1,
        0,
        1,
        1,
        1,
        1,
        1,
        1,
        1,
        1,
        1,
        1,
        0,
        1,
        1,
        1,
        2,
        3,
        2,
        2,
        1,
        2,
        2,
        1,
        2,
        1,
        1,
        1,
        2,
        1,
        2,
        2,
        2,
        2,
        2,
        2,
        2,
        1,
        1,
        3,
        1,
        2,
        1,
        1,
        2,
        1,
        2,
        2,
        2,
        2,
        1,
        2,
        2,
        1,
        2,
        1,
        2,
        2,
        1,
        2,
        1,
        0,
        2,
        1,
        1,
        2,
        2,
        3,
        2,
        1,
        1,
        1,
        3,
        2,
        2,
        1,
        2,
        2,
        2,
        2,
        2,
        2,
        1,
        1,
        1,
        2,
        2,
        2,
        2,
        2,
        2,
        2,
        2,
        1,
        2,
        2,
        1,
        2,
        2,
        2,
        0,
        1,
        2,
        2,
        1,
        1,
        1,
        2,
        2,
        1,
        2,
        2,
        1,
        1,
        3,
        3,
        3,
        0,
        1,
        3,
        1,
        3,
        0,
        1,
        1,
        1,
        1,
        1,
        3,
        3,
        1,
        0,
        0,
        1,
        2,
        1,
        0,
        3,
        1,
        3,
        3,
        3,
        3,
        1,
        1,
        3,
        3,
        0,
        3,
        3,
        2,
        1,
        1,
        3,
        3,
        1,
        1,
        3,
        0,
        1,
        3,
        3,
        3,
        1,
        3,
        3,
        2,
        1,
        3,
        3,
        1,
        0,
        3,
        3,
        3,
        3,
        3,
        1,
        3,
        1,
        1,
        3,
        3,
        3,
        1,
        3,
        1,
        1,
        1,
        3,
        3,
        3,
        1,
        3,
        3,
        1,
        3,
        3,
        3,
        1,
        3,
        3,
        1,
        1,
        1,
        0,
        3,
        3,
        3,
        1,
        1,
        3,
        3,
        3,
        1,
        3,
        0,
        1,
        1,
        1,
        3,
        2,
        3,
        3,
        3,
        3,
        3,
        1,
        3,
        3,
        1,
        3,
        1,
        3,
        3,
        1,
        3,
        3,
        3,
        1,
        3,
        0,
        3,
        3,
        3,
        1,
        1,
        1,
        2,
        3,
        1,
        3,
        1,
        1,
        3,
        3,
        3,
        3,
        1,
        1,
        0,
        1,
        3,
        1,
        1,
        3,
        3,
        3,
        3,
        3,
        1,
        3,
        1,
        3,
        1,
        3,
        3,
        3,
        1,
        1,
        3,
        1,
        3,
        3,
        3,
        1,
        0,
        1,
        1,
        3,
        1,
        1,
        3,
        1,
        3,
        3,
        3,
        3,
        0,
        0,
        1,
        1,
        1,
        0,
        1,
        0,
        1,
        0,
        1,
        0,
        0,
        0,
        1,
        0,
        1,
        0,
        1,
        0,
        0,
        1,
        1,
        2,
        0,
        0,
        1,
        0,
        0,
        1,
        1,
        1,
        3,
        0,
        1,
        1,
        0,
        1,
        1,
        1,
        1,
        0,
        0,
        1,
        0,
        1,
        1,
        1,
        1,
        1,
        1,
        1,
        0,
        1,
        1,
        1,
        0,
        1,
        0,
        0,
        1,
        0,
        1,
        2,
        0,
        1,
        2,
        1,
        1,
        0,
        0,
        0,
        1,
        3,
        0,
        1,
        0,
        1,
        0,
        0,
        0,
        1,
        1,
        0,
        0,
        0,
        1,
        1,
        1,
        0,
        0,
        1,
        1,
        0,
        0,
        1,
        0,
        1,
        1,
        1,
        1,
        0,
        0,
        1,
        0,
        1,
        2,
        1,
        1,
        1,
        1,
        1,
        2,
        1,
        1,
        3,
        0,
        0,
        0,
        0,
        0,
        1,
        1,
        0,
        1,
        0,
        0,
        0,
        0,
        1,
        0,
        0,
        0,
        1,
        0,
        1,
        0,
        1,
        1,
        1,
        1,
        0,
        0,
        0,
        0,
        1,
        0,
        0,
        0,
        1,
        1,
        1,
        1,
        0,
        1,
        2,
        1,
        1,
        0,
        1,
        1,
        1,
        0,
        0,
        1,
        0,
        1,
        1,
        1,
        0,
        1,
        1,
        0,
        0,
        0,
        0,
        0,
        1,
        1,
        1,
        1,
        1,
        1,
        1,
        1,
        1,
        1,
        1,
        1,
        1,
        1,
        0,
        0,
        1,
        0,
        0,
        0,
        0,
        0,
        0,
        1,
        1,
        1,
        1,
        2,
        0,
        0,
        1,
        0,
        0,
        0,
        1,
        1,
