{
    "with_labels": 1,
    "burn_in": 500,
    "thinning": 1,
    "runtime": 503.4118194580078,
    "healthy_ratio": 0.24933333333333332,
    "max_log_likelihood": 2167.7059445431755,
    "kendalls_tau": 0.19696969696969693,
    "subtype_acc": 0.3055527746751871,
    "n_subtypes": 3,
    "mean_stage_healthy": 0.08823529411764706,
    "ml_subtype": [
        1,
        1,
        0,
        1,
        0,
        1,
        0,
        0,
        1,
        0,
        0,
        2,
        1,
        0,
        2,
        1,
        0,
        0,
        1,
        1,
        1,
        1,
        2,
        2,
        1,
        2,
        0,
        1,
        2,
        1,
        0,
        1,
        0,
        1,
        1,
        1,
        1,
        1,
        1,
        1,
        0,
        1,
        1,
        2,
        1,
        1,
        0,
        2,
        1,
        1,
        0,
        0,
        0,
        0,
        1,
        1,
        1,
        2,
        1,
        1,
        0,
        0,
        1,
        2,
        0,
        1,
        1,
        2,
        1,
        1,
        1,
        1,
        0,
        0,
        0,
        0,
        1,
        0,
        1,
        0,
        1,
        1,
        1,
        1,
        0,
        1,
        0,
        1,
        1,
        0,
        1,
        1,
        1,
        2,
        2,
        0,
        0,
        1,
        0,
        1,
        2,
        1,
        1,
        2,
        1,
        2,
        1,
        1,
        0,
        0,
        0,
        0,
        2,
        1,
        1,
        1,
        1,
        0,
        2,
        2,
        1,
        0,
        0,
        1,
        1,
        1,
        2,
        2,
        0,
        1,
        0,
        1,
        2,
        2,
        2,
        0,
        1,
        0,
        1,
        1,
        0,
        2,
        0,
        1,
        0,
        1,
        0,
        0,
        0,
        1,
        0,
        0,
        1,
        1,
        1,
        1,
        0,
        1,
        1,
        1,
        1,
        2,
        1,
        1,
        0,
        0,
        1,
        1,
        1,
        0,
        1,
        0,
        0,
        0,
        0,
        0,
        1,
        2,
        0,
        1,
        2,
        0,
        2,
        1,
        1,
        1,
        0,
        1,
        1,
        0,
        0,
        1,
        0,
        1,
        2,
        1,
        1,
        1,
        0,
        1,
        0,
        0,
        0,
        1,
        0,
        1,
        2,
        1,
        1,
        1,
        1,
        0,
        0,
        1,
        2,
        0,
        1,
        1,
        1,
        1,
        1,
        1,
        0,
        2,
        2,
        1,
        0,
        1,
        1,
        1,
        0,
        0,
        2,
        0,
        1,
        1,
        1,
        0,
        0,
        1,
        2,
        0,
        0,
        0,
        1,
        2,
        1,
        1,
        1,
        0,
        2,
        2,
        0,
        0,
        0,
        1,
        0,
        0,
        1,
        1,
        1,
        0,
        2,
        0,
        0,
        1,
        1,
        2,
        1,
        1,
        1,
        0,
        0,
        0,
        0,
        2,
        0,
        1,
        1,
        2,
        0,
        2,
        1,
        1,
        0,
        0,
        0,
        2,
        0,
        0,
        1,
        0,
        0,
        0,
        0,
        1,
        0,
        1,
        0,
        0,
        1,
        1,
        1,
        1,
        1,
        1,
        2,
        1,
        0,
        0,
        2,
        1,
        0,
        2,
        1,
        2,
        1,
        0,
        0,
        0,
        1,
        0,
        0,
        1,
        0,
        1,
        1,
        0,
        0,
        1,
        1,
        0,
        0,
        0,
        1,
        1,
        1,
        1,
        1,
        1,
        0,
        1,
        1,
        0,
        2,
        0,
        0,
        0,
        1,
        0,
        1,
        2,
        1,
        0,
        1,
        0,
        2,
        1,
        2,
        0,
        0,
        1,
        1,
        1,
        0,
        1,
        1,
        0,
        0,
        0,
        1,
        1,
        1,
        0,
        0,
        1,
        1,
        0,
        0,
        1,
        1,
        0,
        0,
        0,
        0,
        1,
        0,
        1,
        1,
        2,
        1,
        0,
        1,
        1,
        2,
        0,
        1,
        1,
        2,
        1,
        1,
        2,
        0,
        0,
        0,
        2,
        0,
        0,
        1,
        1,
        0,
        0,
        1,
        0,
        0,
        1,
        1,
        0,
        1,
        1,
        0,
        1,
        2,
        2,
        0,
        0,
        1,
        1,
        0,
        1,
        1,
        0,
        1,
        0,
        2,
        2,
        1,
        1,
        1,
        1,
        1,
        2,
        2,
        2,
        2,
        1,
        2,
        2,
        2,
        2,
        2,
        0,
        2,
        1,
        0,
        1,
        2,
        2,
        2,
        2,
        1,
        2,
        0,
        1,
        2,
        0,
        1,
        2,
        2,
        2,
        2,
        2,
        1,
        2,
        1,
        2,
        2,
        1,
        1,
        2,
        1,
        2,
        0,
        2,
        2,
        2,
        2,
        1,
        1,
        2,
        1,
        2,
        0,
        2,
        0,
        2,
        2,
        2,
        1,
        1,
        1,
        1,
        1,
        2,
        2,
        2,
        1,
        2,
        2,
        0,
        2,
        2,
        2,
        1,
        2,
        0,
        2,
        2,
        1,
        2,
        2,
        2,
        1,
        2,
        1,
        1,
        2,
        1,
        0,
        2,
        2,
        2,
        1,
        1,
        2,
        1,
        2,
        1,
        0,
        1,
        2,
        2,
        0,
        2,
        2,
        1,
        1,
        2,
        2,
        2,
        2,
        1,
        2,
        2,
        2,
        1,
        2,
        2,
        1,
        2,
        2,
        1,
        1,
        2,
        2,
        1,
        2,
        1,
        2,
        2,
        2,
        1,
        1,
        2,
        2,
        2,
        2,
        2,
        1,
        2,
        1,
        2,
        2,
        2,
        2,
        0,
        2,
        2,
        1,
        1,
        1,
        2,
        2,
        2,
        2,
        1,
        2,
        1,
        2,
        2,
        2,
        2,
        2,
        2,
        2,
        2,
        2,
        2,
        1,
        1,
        1,
        2,
        2,
        1,
        2,
        1,
        2,
        2,
        2,
        2,
        0,
        1,
        2,
        2,
        1,
        2,
        1,
        1,
        1,
        0,
        2,
        2,
        1,
        1,
        2,
        2,
        2,
        2,
        2,
        1,
        1,
        1,
        0,
        2,
        2,
        1,
        2,
        2,
        2,
        1,
        2,
        2,
        2,
        2,
        2,
        0,
        2,
        2,
        2,
        2,
        1,
        2,
        1,
        2,
        2,
        1,
        2,
        2,
        2,
        2,
        1,
        2,
        1,
        0,
        2,
        2,
        2,
        1,
        2,
        2,
        2,
        2,
        2,
        0,
        1,
        2,
        1,
        1,
        2,
        2,
        1,
        2,
        2,
        2,
        2,
