{
    "with_labels": 1,
    "burn_in": 500,
    "thinning": 1,
    "runtime": 280.7551393508911,
    "healthy_ratio": 0.5,
    "max_log_likelihood": -1827.1078033396143,
    "kendalls_tau": 0.3090909090909091,
    "subtype_acc": 0.1587685739121969,
    "n_subtypes": 5,
    "mean_stage_healthy": 0.056,
    "ml_subtype": [
        4,
        0,
        4,
        4,
        3,
        4,
        4,
        4,
        3,
        4,
        3,
        4,
        4,
        4,
        3,
        3,
        4,
        4,
        4,
        3,
        3,
        3,
        3,
        4,
        4,
        4,
        3,
        4,
        4,
        4,
        4,
        3,
        3,
        4,
        4,
        4,
        3,
        4,
        3,
        3,
        4,
        4,
        4,
        4,
        4,
        3,
        3,
        4,
        4,
        4,
        3,
        4,
        3,
        1,
        4,
        3,
        3,
        3,
        4,
        3,
        4,
        4,
        4,
        4,
        3,
        4,
        3,
        4,
        2,
        3,
        4,
        4,
        0,
        3,
        4,
        3,
        2,
        4,
        4,
        4,
        4,
        3,
        4,
        4,
        3,
        3,
        4,
        4,
        3,
        3,
        3,
        4,
        4,
        3,
        4,
        3,
        3,
        2,
        4,
        3,
        4,
        4,
        4,
        4,
        4,
        4,
        4,
        1,
        4,
        4,
        3,
        3,
        3,
        3,
        4,
        4,
        3,
        4,
        4,
        4,
        4,
        4,
        1,
        3,
        4,
        0,
        3,
        3,
        1,
        4,
        4,
        4,
        4,
        4,
        1,
        3,
        4,
        4,
        4,
        3,
        3,
        4,
        4,
        4,
        4,
        0,
        4,
        3,
        4,
        4,
        3,
        4,
        4,
        0,
        3,
        4,
        4,
        4,
        3,
        4,
        4,
        4,
        3,
        4,
        4,
        3,
        4,
        4,
        3,
        4,
        3,
        3,
        3,
        4,
        4,
        4,
        4,
        4,
        4,
        4,
        4,
        3,
        4,
        3,
        4,
        3,
        3,
        4,
        4,
        4,
        4,
        4,
        4,
        4,
        3,
        0,
        4,
        3,
        4,
        4,
        2,
        4,
        4,
        0,
        4,
        3,
        4,
        4,
        4,
        4,
        3,
        1,
        4,
        4,
        4,
        3,
        3,
        3,
        3,
        4,
        4,
        4,
        4,
        3,
        4,
        0,
        4,
        4,
        4,
        4,
        3,
        4,
        4,
        4,
        4,
        4,
        3,
        4,
        4,
        4,
        4,
        4,
        4,
        4,
        4,
        4,
        4,
        3,
        4,
        3,
        3,
        4,
        3,
        3,
        3,
        4,
        4,
        3,
        4,
        3,
        1,
        4,
        4,
        4,
        3,
        4,
        4,
        3,
        4,
        4,
        4,
        3,
        1,
        4,
        4,
        4,
        3,
        4,
        3,
        4,
        4,
        4,
        3,
        4,
        4,
        4,
        3,
        4,
        3,
        4,
        4,
        3,
        4,
        4,
        4,
        4,
        4,
        3,
        4,
        3,
        4,
        0,
        3,
        3,
        3,
        4,
        3,
        3,
        3,
        1,
        4,
        3,
        4,
        4,
        4,
        3,
        1,
        4,
        4,
        4,
        4,
        4,
        4,
        3,
        4,
        3,
        4,
        4,
        4,
        3,
        4,
        3,
        4,
        3,
        4,
        3,
        4,
        4,
        4,
        1,
        4,
        4,
        4,
        3,
        4,
        4,
        3,
        4,
        4,
        4,
        3,
        4,
        4,
        4,
        4,
        4,
        3,
        1,
        4,
        1,
        4,
        1,
        4,
        3,
        4,
        4,
        4,
        3,
        3,
        3,
        1,
        4,
        4,
        4,
        4,
        4,
        4,
        3,
        4,
        3,
        4,
        1,
        4,
        3,
        4,
        4,
        4,
        4,
        1,
        4,
        4,
        4,
        4,
        4,
        4,
        4,
        4,
        4,
        4,
        3,
        4,
        1,
        4,
        4,
        1,
        1,
        3,
        1,
        4,
        4,
        4,
        4,
        4,
        1,
        4,
        4,
        1,
        4,
        1,
        1,
        4,
        1,
        4,
        1,
        4,
        4,
        4,
        2,
        1,
        4,
        4,
        4,
        1,
        3,
        1,
        4,
        2,
        4,
        4,
        1,
        3,
        1,
        3,
        4,
        4,
        4,
        3,
        1,
        4,
        4,
        4,
        0,
        4,
        4,
        4,
        3,
        3,
        4,
        4,
        1,
        4,
        4,
        4,
        4,
        3,
        4,
        1,
        1,
        4,
        1,
        4,
        3,
        4,
        3,
        1,
        4,
        4,
        4,
        4,
        1,
        4,
        3,
        1,
        4,
        1,
        1,
        4,
        3,
        1,
        4,
        1,
        4,
        4,
        3,
        3,
        3,
        3,
        1,
        1,
        4,
        1,
        4,
        4,
        3,
        4,
        1,
        4,
        3,
        4,
        4,
        4,
        4,
        1,
        1,
        1,
        1,
        0,
        4,
        4,
        3,
        4,
        1,
        1,
        4,
        4,
        4,
        0,
        3,
        4,
        4,
        3,
        4,
        1,
        4,
        1,
        4,
        4,
        3,
        4,
        4,
        3,
        4,
        4,
        3,
        1,
        1,
        4,
        3,
        1,
        1,
        1,
        1,
        4,
        1,
        1,
        4,
        4,
        4,
        4,
        3,
        4,
        4,
        4,
        4,
        4,
        4,
        1,
        1,
        1,
        4,
        1,
        4,
        3,
        4,
        4,
        4,
        4,
        4,
        4,
        1,
        1,
        0,
        4,
        1,
        1,
        1,
        1,
        1,
        4,
        1,
        4,
        4,
        4,
        1,
        4,
        3,
        4,
        1,
        4,
        4,
        4,
        4,
        4,
        0,
        4,
        3,
        1,
        4,
        4,
        4,
        4,
        4,
        1,
        4,
        1,
        4,
        4,
        2,
        1,
        1,
        4,
        1,
        4,
        3,
        1,
        4,
        4,
        3,
        1,
        4,
        4,
        4,
        4,
        4,
        1,
        4,
        4,
        4,
        1,
        4,
        4,
        4,
        1,
        1,
        4,
        4,
        1,
        4,
        1,
        3,
        1,
        1,
        4,
        4,
        4,
        4,
        3,
        1,
        4,
        4,
        4,
        4,
        4,
        1,
        4,
        3,
        3,
        3,
        4,
        3,
        4,
        4,
        4,
        0,
        4,
        3,
        1,
        4,
        1,
        4,
        1,
        4,
        0,
        4,
        4,
        4,
        1,
        0,
        4,
        4,
        4,
        3,
        4,
        1,
        1,
        3,
        4,
