{
    "with_labels": 1,
    "burn_in": 500,
    "thinning": 1,
    "runtime": 367.09037160873413,
    "healthy_ratio": 0.5,
    "max_log_likelihood": -2296.3361500200676,
    "kendalls_tau": 0.22727272727272724,
    "subtype_acc": 0.10020815877783062,
    "n_subtypes": 5,
    "mean_stage_healthy": 0.068,
    "ml_subtype": [
        1,
        1,
        1,
        1,
        1,
        1,
        1,
        1,
        1,
        1,
        4,
        0,
        1,
        0,
        1,
        1,
        1,
        1,
        0,
        1,
        0,
        1,
        1,
        1,
        0,
        1,
        1,
        1,
        1,
        1,
        1,
        0,
        1,
        0,
        1,
        0,
        0,
        0,
        1,
        0,
        0,
        1,
        0,
        1,
        1,
        1,
        1,
        1,
        1,
        1,
        1,
        1,
        4,
        1,
        1,
        1,
        0,
        1,
        1,
        1,
        1,
        1,
        1,
        0,
        1,
        4,
        1,
        3,
        1,
        1,
        0,
        1,
        1,
        3,
        1,
        4,
        0,
        1,
        0,
        0,
        1,
        0,
        0,
        1,
        0,
        1,
        0,
        1,
        0,
        1,
        1,
        0,
        1,
        0,
        0,
        1,
        1,
        1,
        0,
        4,
        2,
        0,
        1,
        1,
        1,
        0,
        3,
        1,
        1,
        1,
        0,
        1,
        4,
        1,
        1,
        0,
        1,
        1,
        1,
        1,
        1,
        1,
        2,
        0,
        1,
        1,
        1,
        1,
        0,
        3,
        4,
        1,
        4,
        1,
        1,
        0,
        0,
        4,
        1,
        1,
        1,
        1,
        0,
        1,
        1,
        1,
        1,
        1,
        1,
        1,
        0,
        0,
        0,
        1,
        1,
        1,
        1,
        1,
        1,
        1,
        1,
        1,
        1,
        1,
        0,
        4,
        4,
        4,
        1,
        0,
        1,
        1,
        4,
        0,
        1,
        0,
        4,
        1,
        4,
        1,
        1,
        0,
        1,
        1,
        1,
        1,
        1,
        1,
        4,
        1,
        0,
        0,
        0,
        0,
        0,
        3,
        1,
        4,
        1,
        1,
        1,
        1,
        1,
        0,
        1,
        1,
        4,
        3,
        0,
        1,
        3,
        1,
        1,
        1,
        3,
        0,
        1,
        1,
        1,
        0,
        1,
        1,
        0,
        0,
        1,
        1,
        0,
        0,
        3,
        1,
        1,
        1,
        1,
        1,
        1,
        4,
        0,
        1,
        1,
        0,
        0,
        1,
        1,
        1,
        1,
        1,
        1,
        1,
        0,
        1,
        1,
        1,
        0,
        1,
        4,
        1,
        0,
        1,
        1,
        0,
        0,
        0,
        0,
        1,
        1,
        1,
        3,
        1,
        0,
        1,
        1,
        1,
        3,
        0,
        1,
        3,
        1,
        1,
        0,
        1,
        1,
        1,
        2,
        3,
        1,
        3,
        1,
        1,
        1,
        1,
        1,
        1,
        1,
        1,
        4,
        4,
        3,
        3,
        1,
        0,
        1,
        0,
        1,
        3,
        1,
        1,
        1,
        3,
        2,
        3,
        1,
        3,
        1,
        1,
        4,
        1,
        3,
        3,
        3,
        3,
        1,
        1,
        1,
        1,
        1,
        1,
        3,
        1,
        3,
        0,
        1,
        1,
        0,
        1,
        1,
        3,
        1,
        1,
        1,
        1,
        3,
        3,
        4,
        1,
        3,
        3,
        1,
        3,
        0,
        1,
        3,
        1,
        3,
        1,
        3,
        1,
        1,
        1,
        1,
        4,
        3,
        1,
        3,
        1,
        3,
        4,
        1,
        1,
        1,
        3,
        1,
        0,
        4,
        1,
        3,
        1,
        2,
        1,
        1,
        3,
        1,
        1,
        1,
        1,
        3,
        1,
        2,
        1,
        3,
        1,
        1,
        1,
        1,
        3,
        1,
        4,
        4,
        1,
        3,
        1,
        1,
        0,
        1,
        1,
        1,
        1,
        1,
        3,
        4,
        1,
        4,
        2,
        0,
        1,
        2,
        2,
        1,
        4,
        1,
        1,
        2,
        1,
        1,
        2,
        1,
        1,
        3,
        1,
        1,
        1,
        1,
        1,
        1,
        4,
        1,
        1,
        1,
        1,
        3,
        3,
        2,
        4,
        4,
        2,
        1,
        1,
        1,
        1,
        3,
        2,
        1,
        3,
        1,
        1,
        2,
        2,
        1,
        3,
        3,
        3,
        1,
        1,
        3,
        1,
        0,
        1,
        3,
        2,
        4,
        3,
        1,
        1,
        1,
        4,
        1,
        1,
        1,
        1,
        2,
        3,
        2,
        4,
        0,
        4,
        4,
        1,
        2,
        2,
        1,
        2,
        1,
        3,
        3,
        1,
        4,
        4,
        1,
        1,
        1,
        2,
        1,
        2,
        2,
        1,
        3,
        3,
        1,
        1,
        1,
        1,
        1,
        4,
        2,
        1,
        3,
        1,
        1,
        1,
        4,
        1,
        3,
        1,
        4,
        0,
        1,
        1,
        1,
        2,
        4,
        1,
        1,
        1,
        3,
        1,
        2,
        1,
        3,
        4,
        4,
        1,
        1,
        1,
        3,
        1,
        4,
        2,
        4,
        1,
        1,
        4,
        4,
        4,
        1,
        1,
        1,
        4,
        1,
        3,
        1,
        4,
        1,
        1,
        2,
        1,
        1,
        1,
        4,
        4,
        1,
        2,
        0,
        4,
        4,
        1,
        4,
        1,
        1,
        1,
        1,
        4,
        3,
        1,
        2,
        1,
        1,
        4,
        1,
        2,
        1,
        4,
        2,
        1,
        4,
        1,
        3,
        1,
        1,
        4,
        1,
        4,
        3,
        4,
        1,
        4,
        4,
        1,
        2,
        1,
        3,
        2,
        4,
        0,
        1,
        1,
        4,
        1,
        3,
        2,
        2,
        1,
        2,
        4,
        1,
        1,
        1,
        1,
        1,
        1,
        4,
        2,
        1,
        4,
        1,
        4,
        3,
        1,
        1,
        4,
        1,
        1,
        4,
        4,
        1,
        4,
        1,
        1,
        1,
        2,
        2,
        1,
        1,
        4,
        1,
        1,
        4,
        1,
        1,
        1,
        1,
        2,
        1,
        4,
        1,
        1,
        1,
        1,
        1,
        1,
        4,
        4,
        1,
        3,
        1,
        1,
        0,
        1,
        4,
        1,
        1,
        1,
        1,
        1,
        1,
        1,
        4,
        1,
        1,
        1,
        1,
        1,
        1,
        2,
        4,
        4,
        3,
        2,
        0,
