{
    "with_labels": 1,
    "burn_in": 500,
    "thinning": 1,
    "runtime": 404.2218768596649,
    "healthy_ratio": 0.24866666666666667,
    "max_log_likelihood": -3183.544848332728,
    "kendalls_tau": 0.23863636363636365,
    "subtype_acc": 0.30475064881244446,
    "n_subtypes": 4,
    "mean_stage_healthy": 0.08579088471849866,
    "ml_subtype": [
        3,
        2,
        3,
        0,
        3,
        2,
        0,
        3,
        3,
        2,
        3,
        0,
        3,
        1,
        3,
        3,
        3,
        1,
        3,
        3,
        3,
        3,
        3,
        1,
        3,
        3,
        3,
        1,
        0,
        3,
        0,
        3,
        2,
        0,
        3,
        3,
        3,
        2,
        2,
        3,
        2,
        2,
        0,
        2,
        2,
        3,
        3,
        3,
        3,
        3,
        2,
        2,
        3,
        0,
        3,
        1,
        3,
        3,
        3,
        2,
        0,
        1,
        3,
        2,
        3,
        3,
        3,
        3,
        2,
        3,
        2,
        3,
        3,
        3,
        0,
        3,
        2,
        2,
        0,
        3,
        3,
        3,
        3,
        3,
        2,
        3,
        2,
        3,
        0,
        3,
        3,
        3,
        0,
        3,
        0,
        3,
        3,
        0,
        2,
        3,
        3,
        3,
        3,
        3,
        3,
        3,
        3,
        3,
        2,
        3,
        0,
        0,
        0,
        3,
        2,
        1,
        3,
        0,
        1,
        0,
        0,
        0,
        0,
        3,
        0,
        3,
        0,
        3,
        3,
        3,
        0,
        0,
        0,
        0,
        3,
        3,
        3,
        0,
        3,
        0,
        3,
        0,
        1,
        0,
        2,
        3,
        2,
        3,
        3,
        3,
        0,
        3,
        3,
        0,
        0,
        3,
        2,
        3,
        2,
        2,
        3,
        3,
        3,
        3,
        3,
        3,
        3,
        2,
        3,
        3,
        3,
        3,
        3,
        3,
        3,
        3,
        1,
        3,
        3,
        3,
        3,
        3,
        0,
        3,
        3,
        2,
        3,
        3,
        0,
        3,
        2,
        3,
        2,
        0,
        3,
        2,
        0,
        3,
        3,
        3,
        3,
        0,
        0,
        3,
        0,
        2,
        3,
        0,
        3,
        2,
        3,
        3,
        2,
        3,
        2,
        3,
        3,
        2,
        3,
        3,
        3,
        0,
        3,
        3,
        3,
        2,
        3,
        0,
        3,
        3,
        3,
        3,
        3,
        0,
        3,
        1,
        0,
        0,
        3,
        0,
        0,
        0,
        1,
        3,
        2,
        0,
        3,
        3,
        3,
        3,
        3,
        0,
        3,
        3,
        2,
        3,
        3,
        2,
        3,
        3,
        2,
        3,
        2,
        0,
        0,
        2,
        3,
        3,
        0,
        3,
        3,
        3,
        0,
        0,
        2,
        3,
        2,
        3,
        3,
        3,
        3,
        0,
        3,
        3,
        0,
        3,
        3,
        0,
        3,
        1,
        2,
        3,
        3,
        2,
        3,
        2,
        3,
        3,
        3,
        3,
        2,
        0,
        3,
        3,
        3,
        0,
        2,
        3,
        3,
        3,
        3,
        2,
        3,
        0,
        3,
        3,
        1,
        3,
        3,
        3,
        3,
        3,
        3,
        3,
        3,
        0,
        3,
        0,
        3,
        3,
        3,
        2,
        0,
        2,
        3,
        3,
        0,
        3,
        3,
        3,
        3,
        0,
        2,
        3,
        3,
        3,
        3,
        3,
        3,
        3,
        3,
        3,
        3,
        3,
        3,
        3,
        3,
        0,
        2,
        3,
        3,
        3,
        2,
        0,
        3,
        2,
        2,
        3,
        0,
        3,
        3,
        3,
        3,
        0,
        3,
        3,
        0,
        3,
        3,
        2,
        0,
        0,
        1,
        2,
        2,
        3,
        3,
        3,
        2,
        2,
        0,
        3,
        3,
        2,
        1,
        3,
        2,
        3,
        2,
        0,
        3,
        3,
        3,
        3,
        3,
        3,
        0,
        3,
        3,
        1,
        2,
        3,
        0,
        3,
        0,
        0,
        0,
        3,
        3,
        3,
        3,
        3,
        3,
        3,
        3,
        3,
        3,
        0,
        3,
        2,
        3,
        0,
        3,
        0,
        3,
        3,
        3,
        3,
        1,
        3,
        3,
        1,
        3,
        3,
        3,
        2,
        1,
        0,
        2,
        3,
        3,
        3,
        3,
        0,
        2,
        3,
        3,
        2,
        1,
        2,
        3,
        2,
        0,
        2,
        2,
        2,
        3,
        3,
        2,
        2,
        1,
        3,
        0,
        3,
        3,
        0,
        3,
        1,
        3,
        3,
        2,
        3,
        2,
        2,
        2,
        2,
        2,
        2,
        3,
        0,
        2,
        0,
        2,
        0,
        0,
        3,
        2,
        3,
        0,
        2,
        3,
        3,
        2,
        3,
        3,
        2,
        2,
        2,
        2,
        3,
        3,
        3,
        0,
        0,
        1,
        2,
        3,
        2,
        3,
        3,
        3,
        3,
        3,
        3,
        2,
        3,
        2,
        3,
        3,
        2,
        0,
        2,
        3,
        3,
        0,
        2,
        3,
        3,
        2,
        3,
        3,
        2,
        2,
        1,
        3,
        1,
        3,
        3,
        1,
        3,
        2,
        0,
        2,
        3,
        2,
        3,
        3,
        1,
        1,
        2,
        3,
        2,
        0,
        3,
        3,
        2,
        3,
        0,
        2,
        3,
        2,
        0,
        2,
        3,
        3,
        2,
        0,
        0,
        3,
        3,
        2,
        3,
        2,
        3,
        0,
        2,
        2,
        2,
        2,
        3,
        2,
        3,
        0,
        3,
        3,
        2,
        2,
        3,
        3,
        0,
        3,
        3,
        3,
        3,
        1,
        2,
        2,
        2,
        3,
        2,
        2,
        2,
        0,
        2,
        2,
        2,
        2,
        1,
        0,
        0,
        2,
        0,
        0,
        3,
        2,
        3,
        3,
        3,
        2,
        3,
        1,
        0,
        3,
        3,
        3,
        1,
        2,
        3,
        1,
        3,
        2,
        3,
        1,
        2,
        3,
        2,
        3,
        2,
        0,
        2,
        2,
        2,
        0,
        0,
        3,
        3,
        0,
        1,
        2,
        2,
        3,
        3,
        0,
        2,
        3,
        2,
        2,
        0,
        2,
        3,
        3,
        2,
        3,
        2,
        3,
        3,
        2,
        3,
        3,
        3,
        3,
        3,
        0,
        2,
        3,
        3,
        0,
        0,
        3,
        3,
        2,
        2,
        3,
        0,
        2,
