{
    "with_labels": 1,
    "burn_in": 500,
    "thinning": 1,
    "runtime": 270.3677842617035,
    "healthy_ratio": 0.5,
    "max_log_likelihood": -2021.4190798428185,
    "kendalls_tau": 0.24545454545454543,
    "subtype_acc": 0.3143208079527952,
    "n_subtypes": 5,
    "mean_stage_healthy": 0.032,
    "ml_subtype": [
        4,
        3,
        3,
        4,
        2,
        2,
        2,
        2,
        2,
        4,
        2,
        2,
        3,
        3,
        2,
        3,
        3,
        3,
        3,
        2,
        2,
        3,
        2,
        4,
        3,
        2,
        3,
        2,
        2,
        4,
        2,
        3,
        1,
        2,
        2,
        2,
        2,
        3,
        2,
        2,
        4,
        3,
        2,
        2,
        4,
        3,
        2,
        2,
        2,
        2,
        2,
        2,
        4,
        4,
        3,
        3,
        2,
        2,
        3,
        3,
        2,
        0,
        3,
        3,
        2,
        2,
        2,
        3,
        3,
        3,
        2,
        2,
        4,
        3,
        2,
        3,
        3,
        2,
        3,
        2,
        2,
        4,
        2,
        2,
        2,
        3,
        2,
        2,
        3,
        2,
        3,
        4,
        2,
        2,
        3,
        2,
        3,
        2,
        2,
        2,
        3,
        2,
        2,
        2,
        2,
        0,
        3,
        2,
        2,
        2,
        2,
        2,
        2,
        3,
        3,
        2,
        2,
        2,
        2,
        3,
        2,
        3,
        2,
        3,
        2,
        2,
        4,
        3,
        2,
        2,
        2,
        2,
        2,
        2,
        3,
        2,
        2,
        4,
        2,
        2,
        3,
        2,
        2,
        2,
        4,
        4,
        3,
        2,
        2,
        2,
        2,
        2,
        2,
        3,
        3,
        2,
        2,
        3,
        4,
        3,
        3,
        2,
        2,
        3,
        2,
        3,
        4,
        3,
        3,
        3,
        3,
        3,
        3,
        2,
        2,
        4,
        3,
        3,
        2,
        2,
        2,
        3,
        3,
        2,
        2,
        2,
        2,
        4,
        2,
        3,
        3,
        3,
        2,
        2,
        2,
        2,
        2,
        3,
        2,
        4,
        2,
        2,
        3,
        3,
        2,
        3,
        0,
        2,
        2,
        3,
        4,
        2,
        2,
        2,
        2,
        2,
        3,
        2,
        3,
        3,
        0,
        2,
        4,
        2,
        3,
        2,
        2,
        2,
        2,
        0,
        2,
        2,
        2,
        2,
        1,
        2,
        2,
        2,
        2,
        2,
        1,
        2,
        2,
        2,
        2,
        4,
        2,
        2,
        2,
        2,
        2,
        2,
        2,
        2,
        2,
        2,
        2,
        2,
        2,
        2,
        2,
        2,
        2,
        2,
        1,
        2,
        2,
        4,
        2,
        3,
        2,
        2,
        1,
        2,
        2,
        2,
        2,
        2,
        2,
        2,
        2,
        2,
        2,
        2,
        2,
        2,
        2,
        2,
        2,
        2,
        4,
        2,
        2,
        2,
        2,
        2,
        2,
        2,
        2,
        2,
        2,
        2,
        2,
        2,
        2,
        2,
        2,
        2,
        2,
        2,
        2,
        2,
        2,
        2,
        2,
        1,
        2,
        2,
        2,
        2,
        2,
        2,
        2,
        2,
        2,
        2,
        2,
        2,
        2,
        1,
        2,
        2,
        2,
        2,
        2,
        0,
        2,
        2,
        3,
        2,
        2,
        2,
        2,
        2,
        2,
        2,
        0,
        2,
        2,
        2,
        2,
        4,
        2,
        2,
        2,
        0,
        2,
        2,
        2,
        2,
        2,
        2,
        2,
        2,
        2,
        2,
        2,
        2,
        2,
        2,
        2,
        2,
        2,
        2,
        2,
        2,
        2,
        2,
        2,
        2,
        2,
        2,
        1,
        2,
        2,
        2,
        0,
        2,
        2,
        2,
        2,
        2,
        2,
        2,
        2,
        2,
        1,
        2,
        2,
        2,
        2,
        2,
        2,
        2,
        2,
        2,
        2,
        0,
        2,
        2,
        2,
        2,
        2,
        2,
        2,
        2,
        2,
        2,
        2,
        2,
        2,
        2,
        2,
        2,
        2,
        2,
        2,
        2,
        2,
        2,
        2,
        2,
        2,
        2,
        2,
        2,
        2,
        2,
        2,
        1,
        2,
        4,
        2,
        2,
        2,
        2,
        4,
        2,
        1,
        2,
        2,
        2,
        2,
        2,
        2,
        2,
        2,
        2,
        2,
        0,
        2,
        2,
        2,
        2,
        2,
        2,
        2,
        2,
        2,
        2,
        2,
        2,
        2,
        0,
        2,
        2,
        4,
        2,
        1,
        1,
        2,
        2,
        4,
        4,
        4,
        2,
        2,
        3,
        2,
        2,
        2,
        2,
        2,
        4,
        4,
        1,
        4,
        2,
        4,
        2,
        4,
        2,
        2,
        4,
        2,
        3,
        3,
        2,
        2,
        4,
        4,
        2,
        4,
        2,
        2,
        3,
        2,
        2,
        3,
        4,
        4,
        2,
        2,
        3,
        2,
        4,
        1,
        2,
        2,
        4,
        4,
        4,
        4,
        1,
        4,
        2,
        4,
        2,
        2,
        4,
        2,
        2,
        2,
        2,
        4,
        4,
        2,
        4,
        2,
        4,
        2,
        4,
        1,
        2,
        4,
        2,
        4,
        2,
        4,
        4,
        4,
        2,
        4,
        2,
        4,
        2,
        2,
        2,
        2,
        2,
        4,
        2,
        3,
        4,
        4,
        2,
        4,
        0,
        2,
        4,
        4,
        4,
        4,
        2,
        3,
        1,
        2,
        2,
        2,
        2,
        2,
        2,
        1,
        3,
        0,
        1,
        2,
        2,
        2,
        4,
        4,
        3,
        2,
        1,
        1,
        4,
        2,
        3,
        2,
        2,
        2,
        1,
        2,
        2,
        4,
        1,
        2,
        2,
        2,
        2,
        2,
        2,
        2,
        4,
        2,
        2,
        2,
        2,
        1,
        1,
        2,
        3,
        4,
        1,
        2,
        2,
        2,
        4,
        2,
        2,
        2,
        4,
        3,
        2,
        4,
        2,
        4,
        2,
        2,
        4,
        1,
        2,
        2,
        2,
        2,
        2,
        2,
        2,
        4,
        4,
        2,
        2,
        2,
        1,
        3,
        1,
        4,
        4,
        2,
        4,
        4,
        1,
        2,
        2,
        3,
        2,
        2,
        4,
        2,
        2,
        2,
        4,
        2,
        2,
        2,
        2,
        2,
        4,
        2,
        2,
        2,
        2,
        4,
        4,
        2,
        2,
        2,
