{
    "with_labels": 1,
    "burn_in": 500,
    "thinning": 1,
    "runtime": 333.50868487358093,
    "healthy_ratio": 0.24933333333333332,
    "max_log_likelihood": 4121.3261444633945,
    "kendalls_tau": 0.3181818181818182,
    "subtype_acc": 0.13571381275495392,
    "n_subtypes": 4,
    "mean_stage_healthy": 0.09090909090909091,
    "ml_subtype": [
        1,
        1,
        1,
        0,
        0,
        1,
        1,
        0,
        0,
        0,
        1,
        1,
        1,
        0,
        1,
        1,
        1,
        1,
        1,
        1,
        1,
        0,
        1,
        1,
        0,
        0,
        1,
        0,
        1,
        1,
        1,
        1,
        0,
        1,
        1,
        1,
        0,
        1,
        0,
        0,
        1,
        1,
        1,
        0,
        1,
        0,
        1,
        0,
        1,
        1,
        1,
        1,
        1,
        1,
        1,
        1,
        0,
        3,
        0,
        0,
        0,
        3,
        3,
        3,
        0,
        0,
        0,
        0,
        0,
        3,
        3,
        0,
        3,
        3,
        0,
        0,
        0,
        0,
        0,
        3,
        3,
        0,
        0,
        3,
        3,
        0,
        0,
        0,
        3,
        3,
        0,
        3,
        3,
        0,
        0,
        0,
        0,
        3,
        0,
        3,
        0,
        0,
        0,
        0,
        3,
        0,
        0,
        0,
        3,
        0,
        0,
        0,
        0,
        0,
        0,
        0,
        3,
        3,
        0,
        0,
        0,
        0,
        0,
        0,
        3,
        0,
        0,
        3,
        0,
        0,
        3,
        3,
        3,
        0,
        3,
        3,
        0,
        0,
        3,
        3,
        0,
        3,
        0,
        0,
        3,
        0,
        3,
        3,
        3,
        1,
        0,
        3,
        0,
        0,
        0,
        0,
        0,
        0,
        0,
        3,
        0,
        3,
        0,
        0,
        0,
        0,
        0,
        3,
        3,
        3,
        3,
        3,
        3,
        3,
        3,
        0,
        0,
        0,
        0,
        0,
        0,
        3,
        0,
        0,
        3,
        0,
        3,
        3,
        3,
        3,
        3,
        3,
        0,
        0,
        0,
        0,
        3,
        0,
        0,
        0,
        0,
        0,
        0,
        0,
        3,
        3,
        3,
        3,
        3,
        0,
        0,
        0,
        0,
        0,
        0,
        3,
        3,
        0,
        0,
        0,
        0,
        0,
        0,
        0,
        3,
        3,
        3,
        3,
        3,
        0,
        3,
        0,
        3,
        3,
        0,
        3,
        3,
        0,
        0,
        0,
        0,
        0,
        0,
        0,
        3,
        3,
        0,
        0,
        3,
        0,
        0,
        0,
        3,
        0,
        0,
        0,
        0,
        0,
        0,
        0,
        0,
        0,
        0,
        0,
        0,
        3,
        3,
        3,
        0,
        3,
        3,
        3,
        0,
        3,
        0,
        0,
        0,
        3,
        3,
        0,
        0,
        0,
        0,
        0,
        0,
        3,
        0,
        0,
        0,
        0,
        0,
        0,
        0,
        3,
        0,
        0,
        3,
        0,
        0,
        0,
        3,
        0,
        0,
        3,
        3,
        0,
        0,
        0,
        0,
        3,
        3,
        3,
        3,
        0,
        0,
        3,
        0,
        3,
        0,
        3,
        0,
        0,
        0,
        0,
        3,
        0,
        0,
        0,
        0,
        0,
        0,
        3,
        0,
        0,
        0,
        0,
        0,
        0,
        3,
        0,
        3,
        0,
        3,
        0,
        3,
        0,
        3,
        3,
        3,
        3,
        0,
        0,
        3,
        0,
        0,
        0,
        0,
        0,
        0,
        0,
        0,
        0,
        0,
        3,
        0,
        0,
        0,
        0,
        3,
        0,
        0,
        0,
        0,
        3,
        0,
        0,
        0,
        3,
        0,
        0,
        0,
        0,
        3,
        0,
        3,
        0,
        0,
        0,
        0,
        0,
        0,
        0,
        3,
        0,
        3,
        0,
        0,
        0,
        0,
        0,
        0,
        3,
        3,
        0,
        0,
        0,
        0,
        0,
        3,
        0,
        3,
        3,
        0,
        3,
        3,
        0,
        0,
        3,
        3,
        0,
        0,
        3,
        3,
        0,
        0,
        0,
        0,
        0,
        0,
        3,
        3,
        3,
        3,
        0,
        0,
        3,
        0,
        0,
        0,
        3,
        3,
        0,
        3,
        3,
        3,
        0,
        0,
        3,
        3,
        3,
        0,
        0,
        0,
        0,
        0,
        3,
        3,
        0,
        3,
        0,
        0,
        0,
        0,
        3,
        3,
        3,
        0,
        3,
        0,
        0,
        3,
        3,
        3,
        0,
        0,
        3,
        0,
        3,
        3,
        0,
        0,
        0,
        3,
        0,
        0,
        3,
        3,
        0,
        3,
        0,
        3,
        0,
        0,
        0,
        3,
        1,
        0,
        3,
        0,
        0,
        0,
        3,
        0,
        3,
        3,
        0,
        3,
        0,
        3,
        0,
        3,
        3,
        0,
        0,
        3,
        0,
        3,
        0,
        3,
        0,
        3,
        0,
        3,
        3,
        0,
        0,
        0,
        3,
        3,
        3,
        0,
        0,
        3,
        3,
        0,
        0,
        0,
        3,
        0,
        3,
        3,
        0,
        0,
        3,
        3,
        3,
        0,
        3,
        0,
        3,
        0,
        3,
        3,
        0,
        3,
        3,
        0,
        3,
        3,
        0,
        3,
        3,
        0,
        0,
        3,
        0,
        0,
        3,
        0,
        3,
        3,
        3,
        0,
        0,
        3,
        3,
        3,
        3,
        3,
        0,
        3,
        3,
        3,
        3,
        3,
        3,
        0,
        3,
        0,
        0,
        0,
        3,
        0,
        3,
        3,
        0,
        0,
        0,
        0,
        3,
        3,
        3,
        3,
        0,
        3,
        3,
        0,
        3,
        0,
        0,
        1,
        3,
        3,
        3,
        3,
        0,
        0,
        3,
        0,
        3,
        3,
        0,
        0,
        3,
        0,
        0,
        3,
        3,
        0,
        0,
        0,
        0,
        0,
        0,
        3,
        3,
        0,
        3,
        0,
        0,
        0,
        0,
        0,
        0,
        0,
        3,
        0,
        3,
        3,
        3,
        3,
        0,
        0,
        0,
        3,
        3,
        3,
        0,
        0,
        0,
        3,
        3,
        3,
        0,
        0,
        3,
        0,
        3,
        3,
        0,
        3,
        3,
        0,
        3,
        3,
        0,
        0,
        0,
        0,
        3,
        3,
        3,
        3,
        0,
        3,
        0,
        3,
        3,
        0,
        3,
        0,
        1,
        0,
        3,
        3,
