{
    "with_labels": 1,
    "burn_in": 500,
    "thinning": 1,
    "runtime": 269.95164942741394,
    "healthy_ratio": 0.5,
    "max_log_likelihood": 1253.7200017451607,
    "kendalls_tau": 0.3515151515151515,
    "subtype_acc": 0.581796754477964,
    "n_subtypes": 5,
    "mean_stage_healthy": 0.06,
    "ml_subtype": [
        4,
        4,
        4,
        2,
        4,
        4,
        4,
        4,
        4,
        4,
        4,
        2,
        2,
        2,
        4,
        4,
        4,
        2,
        2,
        2,
        2,
        4,
        2,
        2,
        4,
        4,
        2,
        4,
        4,
        4,
        2,
        0,
        4,
        4,
        0,
        4,
        4,
        2,
        2,
        2,
        2,
        4,
        4,
        2,
        4,
        2,
        4,
        4,
        2,
        2,
        4,
        2,
        2,
        2,
        2,
        2,
        2,
        0,
        4,
        4,
        4,
        4,
        4,
        4,
        4,
        2,
        2,
        2,
        4,
        2,
        4,
        4,
        4,
        4,
        4,
        4,
        2,
        4,
        2,
        4,
        2,
        4,
        4,
        2,
        2,
        2,
        4,
        4,
        4,
        2,
        2,
        4,
        4,
        4,
        2,
        2,
        4,
        2,
        4,
        4,
        4,
        2,
        2,
        4,
        4,
        2,
        2,
        2,
        4,
        2,
        4,
        4,
        2,
        4,
        4,
        4,
        2,
        2,
        4,
        2,
        2,
        4,
        2,
        2,
        4,
        4,
        4,
        2,
        2,
        2,
        4,
        2,
        4,
        4,
        2,
        2,
        2,
        2,
        4,
        2,
        4,
        2,
        2,
        2,
        4,
        4,
        2,
        4,
        0,
        4,
        4,
        2,
        2,
        2,
        4,
        4,
        4,
        2,
        2,
        2,
        2,
        4,
        4,
        2,
        4,
        2,
        4,
        4,
        2,
        4,
        2,
        2,
        4,
        2,
        4,
        4,
        4,
        2,
        2,
        2,
        4,
        4,
        2,
        4,
        4,
        2,
        4,
        2,
        4,
        2,
        4,
        2,
        4,
        4,
        2,
        2,
        4,
        2,
        4,
        2,
        4,
        2,
        2,
        4,
        4,
        2,
        2,
        4,
        2,
        2,
        4,
        2,
        2,
        2,
        2,
        2,
        4,
        4,
        2,
        4,
        0,
        2,
        2,
        4,
        2,
        2,
        2,
        4,
        2,
        4,
        4,
        4,
        2,
        2,
        4,
        4,
        2,
        4,
        4,
        4,
        4,
        4,
        4,
        4,
        4,
        4,
        4,
        4,
        4,
        4,
        4,
        4,
        4,
        4,
        4,
        4,
        4,
        4,
        4,
        4,
        4,
        4,
        4,
        4,
        4,
        4,
        4,
        4,
        4,
        4,
        4,
        4,
        4,
        4,
        4,
        4,
        0,
        4,
        4,
        4,
        4,
        2,
        4,
        4,
        4,
        4,
        4,
        4,
        4,
        4,
        4,
        0,
        4,
        4,
        4,
        4,
        4,
        4,
        4,
        4,
        4,
        4,
        4,
        4,
        4,
        4,
        4,
        4,
        4,
        4,
        0,
        4,
        4,
        4,
        4,
        4,
        4,
        4,
        4,
        4,
        4,
        4,
        4,
        4,
        4,
        4,
        4,
        4,
        4,
        4,
        4,
        4,
        4,
        4,
        4,
        4,
        4,
        4,
        4,
        4,
        4,
        4,
        0,
        4,
        4,
        4,
        4,
        4,
        4,
        4,
        4,
        4,
        4,
        4,
        4,
        4,
        4,
        4,
        4,
        4,
        4,
        4,
        4,
        4,
        4,
        4,
        4,
        4,
        4,
        4,
        4,
        4,
        4,
        4,
        4,
        0,
        4,
        4,
        4,
        4,
        4,
        4,
        4,
        4,
        4,
        4,
        4,
        4,
        4,
        4,
        0,
        4,
        4,
        4,
        4,
        4,
        4,
        4,
        4,
        4,
        4,
        4,
        4,
        4,
        4,
        4,
        4,
        4,
        4,
        4,
        4,
        4,
        4,
        4,
        4,
        2,
        4,
        4,
        4,
        4,
        4,
        4,
        4,
        4,
        4,
        4,
        4,
        4,
        4,
        4,
        4,
        4,
        4,
        4,
        4,
        4,
        4,
        4,
        4,
        4,
        4,
        4,
        4,
        4,
        0,
        4,
        4,
        4,
        4,
        4,
        4,
        4,
        4,
        4,
        4,
        4,
        4,
        4,
        4,
        4,
        4,
        4,
        4,
        4,
        4,
        4,
        4,
        2,
        4,
        4,
        4,
        4,
        4,
        4,
        4,
        4,
        4,
        4,
        4,
        4,
        4,
        4,
        4,
        4,
        4,
        4,
        4,
        4,
        4,
        4,
        4,
        4,
        0,
        4,
        4,
        4,
        4,
        4,
        4,
        4,
        4,
        4,
        4,
        4,
        4,
        4,
        0,
        4,
        4,
        0,
        4,
        4,
        4,
        4,
        4,
        4,
        0,
        0,
        0,
        0,
        0,
        0,
        4,
        0,
        0,
        4,
        0,
        0,
        0,
        0,
        0,
        0,
        0,
        4,
        0,
        4,
        0,
        0,
        4,
        0,
        0,
        0,
        0,
        4,
        0,
        0,
        4,
        4,
        4,
        0,
        0,
        4,
        0,
        4,
        4,
        4,
        0,
        0,
        0,
        0,
        0,
        0,
        4,
        0,
        4,
        0,
        4,
        4,
        4,
        4,
        4,
        0,
        4,
        0,
        0,
        0,
        4,
        4,
        4,
        0,
        4,
        4,
        4,
        4,
        0,
        0,
        4,
        4,
        0,
        4,
        0,
        0,
        0,
        0,
        4,
        4,
        4,
        4,
        4,
        0,
        4,
        4,
        0,
        0,
        4,
        4,
        4,
        4,
        4,
        4,
        0,
        4,
        4,
        0,
        4,
        0,
        0,
        0,
        0,
        0,
        4,
        0,
        4,
        0,
        0,
        4,
        4,
        4,
        4,
        4,
        4,
        4,
        0,
        4,
        4,
        0,
        0,
        0,
        0,
        0,
        0,
        0,
        0,
        0,
        0,
        0,
        4,
        0,
        4,
        4,
        0,
        0,
        0,
        4,
        0,
        0,
        4,
        4,
        4,
        4,
        0,
        0,
        0,
        4,
        0,
        0,
        4,
        0,
        4,
        0,
        0,
        4,
        4,
        0,
        0,
        4,
        4,
        0,
        4,
        0,
        4,
        0,
        4,
        0,
        0,
        0,
        4,
        0,
        4,
        0,
        0,
        0,
        4,
        0,
        4,
        0,
        0,
        0,
