{
    "with_labels": 1,
    "burn_in": 500,
    "thinning": 1,
    "runtime": 258.3694574832916,
    "healthy_ratio": 0.5,
    "max_log_likelihood": 2733.0564707842577,
    "kendalls_tau": 0.4242424242424242,
    "subtype_acc": 0.46535128065505094,
    "n_subtypes": 4,
    "mean_stage_healthy": 0.018666666666666668,
    "ml_subtype": [
        3,
        1,
        3,
        2,
        2,
        2,
        2,
        3,
        2,
        3,
        2,
        3,
        3,
        2,
        3,
        3,
        3,
        2,
        3,
        2,
        3,
        3,
        3,
        2,
        3,
        3,
        2,
        2,
        3,
        3,
        2,
        2,
        2,
        2,
        2,
        2,
        2,
        2,
        1,
        2,
        3,
        3,
        2,
        3,
        2,
        2,
        2,
        2,
        3,
        2,
        3,
        2,
        2,
        3,
        2,
        3,
        2,
        2,
        2,
        2,
        3,
        3,
        2,
        2,
        3,
        3,
        3,
        3,
        2,
        3,
        2,
        2,
        2,
        3,
        3,
        2,
        2,
        2,
        2,
        2,
        3,
        3,
        3,
        3,
        2,
        2,
        3,
        3,
        2,
        2,
        2,
        3,
        2,
        3,
        3,
        2,
        2,
        2,
        2,
        2,
        3,
        3,
        2,
        3,
        2,
        2,
        3,
        3,
        2,
        3,
        3,
        3,
        2,
        3,
        2,
        2,
        2,
        3,
        2,
        2,
        2,
        3,
        2,
        3,
        2,
        2,
        3,
        2,
        3,
        2,
        2,
        2,
        3,
        2,
        2,
        2,
        2,
        3,
        3,
        2,
        2,
        3,
        2,
        3,
        2,
        2,
        3,
        2,
        3,
        2,
        2,
        3,
        3,
        2,
        2,
        2,
        2,
        2,
        3,
        3,
        2,
        3,
        2,
        2,
        3,
        2,
        2,
        2,
        2,
        3,
        3,
        3,
        2,
        2,
        2,
        2,
        2,
        3,
        2,
        3,
        2,
        3,
        3,
        3,
        2,
        2,
        3,
        2,
        3,
        3,
        2,
        2,
        3,
        3,
        2,
        3,
        2,
        3,
        3,
        2,
        3,
        0,
        3,
        2,
        3,
        3,
        2,
        2,
        2,
        2,
        2,
        2,
        2,
        3,
        3,
        3,
        2,
        3,
        2,
        2,
        2,
        3,
        2,
        3,
        2,
        2,
        2,
        3,
        2,
        2,
        3,
        3,
        3,
        2,
        3,
        2,
        3,
        3,
        3,
        2,
        2,
        3,
        2,
        2,
        2,
        3,
        2,
        3,
        2,
        2,
        2,
        3,
        2,
        3,
        3,
        3,
        2,
        3,
        3,
        2,
        2,
        2,
        3,
        2,
        2,
        3,
        3,
        2,
        2,
        3,
        3,
        3,
        2,
        3,
        2,
        2,
        2,
        3,
        1,
        2,
        2,
        3,
        2,
        2,
        2,
        3,
        2,
        2,
        3,
        2,
        3,
        2,
        2,
        3,
        3,
        2,
        3,
        0,
        2,
        3,
        3,
        2,
        2,
        3,
        2,
        3,
        2,
        2,
        2,
        2,
        2,
        3,
        2,
        2,
        2,
        2,
        3,
        2,
        3,
        2,
        3,
        2,
        2,
        1,
        2,
        2,
        2,
        3,
        3,
        2,
        2,
        2,
        2,
        2,
        2,
        2,
        3,
        2,
        2,
        3,
        2,
        2,
        3,
        2,
        2,
        3,
        3,
        2,
        2,
        3,
        2,
        2,
        3,
        3,
        3,
        2,
        2,
        3,
        3,
        2,
        2,
        3,
        3,
        2,
        2,
        2,
        3,
        2,
        3,
        2,
        3,
        2,
        2,
        3,
        1,
        2,
        3,
        3,
        3,
        2,
        3,
        2,
        3,
        3,
        2,
        2,
        2,
        2,
        3,
        2,
        2,
        3,
        1,
        2,
        2,
        2,
        2,
        2,
        2,
        1,
        2,
        1,
        2,
        1,
        2,
        1,
        2,
        1,
        2,
        2,
        2,
        2,
        2,
        1,
        1,
        1,
        2,
        1,
        1,
        2,
        2,
        1,
        2,
        2,
        2,
        1,
        1,
        1,
        2,
        2,
        2,
        1,
        1,
        2,
        2,
        2,
        2,
        1,
        1,
        2,
        1,
        2,
        2,
        1,
        2,
        2,
        2,
        2,
        2,
        2,
        2,
        2,
        1,
        2,
        2,
        1,
        1,
        1,
        2,
        2,
        1,
        1,
        2,
        2,
        2,
        1,
        2,
        2,
        1,
        2,
        1,
        1,
        1,
        1,
        2,
        2,
        1,
        1,
        2,
        1,
        2,
        1,
        1,
        1,
        1,
        2,
        2,
        1,
        1,
        1,
        1,
        1,
        1,
        2,
        1,
        2,
        1,
        1,
        1,
        1,
        2,
        1,
        2,
        1,
        1,
        2,
        2,
        2,
        1,
        2,
        1,
        2,
        2,
        2,
        2,
        2,
        2,
        2,
        2,
        2,
        1,
        1,
        2,
        2,
        2,
        1,
        1,
        1,
        1,
        1,
        2,
        2,
        1,
        1,
        1,
        2,
        2,
        2,
        2,
        2,
        2,
        2,
        1,
        2,
        1,
        2,
        1,
        2,
        2,
        2,
        1,
        2,
        2,
        2,
        1,
        1,
        2,
        1,
        2,
        2,
        1,
        2,
        2,
        2,
        1,
        1,
        3,
        1,
        1,
        2,
        2,
        1,
        2,
        1,
        2,
        1,
        2,
        1,
        1,
        2,
        1,
        1,
        1,
        1,
        2,
        2,
        2,
        2,
        2,
        1,
        1,
        1,
        2,
        1,
        2,
        2,
        1,
        1,
        2,
        2,
        2,
        2,
        1,
        1,
        1,
        2,
        2,
        1,
        1,
        2,
        2,
        1,
        2,
        1,
        2,
        1,
        2,
        2,
        2,
        2,
        1,
        2,
        2,
        2,
        1,
        1,
        2,
        1,
        1,
        2,
        1,
        2,
        1,
        2,
        2,
        2,
        1,
        2,
        1,
        2,
        2,
        2,
        2,
        1,
        1,
        2,
        2,
        2,
        1,
        1,
        2,
        1,
        2,
        1,
        1,
        2,
        1,
        2,
        1,
        1,
        1,
        1,
        1,
        2,
        2,
        2,
        2,
        2,
        2,
        2,
        2,
        2,
        2,
        1,
        1,
        1,
        2,
        1,
        2,
        2,
        2,
        1,
        2,
        1,
        1,
        2,
        2,
        2,
        2,
        1,
        1,
        1,
        1,
        2,
        1,
        2,
