{
    "with_labels": 1,
    "burn_in": 500,
    "thinning": 1,
    "runtime": 431.7573518753052,
    "healthy_ratio": 0.24866666666666667,
    "max_log_likelihood": 707.7540755041945,
    "kendalls_tau": 0.26136363636363635,
    "subtype_acc": 0.2108073324433937,
    "n_subtypes": 4,
    "mean_stage_healthy": 0.010723860589812333,
    "ml_subtype": [
        0,
        0,
        3,
        3,
        0,
        0,
        3,
        1,
        3,
        3,
        3,
        3,
        3,
        3,
        0,
        0,
        2,
        0,
        3,
        3,
        3,
        0,
        0,
        3,
        0,
        0,
        0,
        3,
        3,
        0,
        3,
        0,
        3,
        0,
        3,
        0,
        0,
        3,
        3,
        3,
        3,
        0,
        0,
        2,
        3,
        3,
        3,
        3,
        0,
        3,
        0,
        0,
        2,
        3,
        0,
        0,
        0,
        0,
        3,
        3,
        3,
        3,
        0,
        3,
        0,
        0,
        0,
        3,
        0,
        3,
        3,
        3,
        3,
        2,
        3,
        2,
        3,
        0,
        3,
        0,
        0,
        0,
        0,
        3,
        3,
        3,
        3,
        3,
        0,
        0,
        3,
        3,
        2,
        3,
        3,
        3,
        3,
        3,
        3,
        3,
        0,
        0,
        3,
        3,
        3,
        0,
        3,
        3,
        0,
        0,
        0,
        3,
        3,
        3,
        3,
        0,
        3,
        3,
        1,
        3,
        0,
        0,
        3,
        0,
        3,
        0,
        3,
        0,
        3,
        3,
        2,
        3,
        3,
        3,
        3,
        3,
        3,
        3,
        3,
        3,
        3,
        3,
        3,
        0,
        3,
        3,
        3,
        3,
        0,
        0,
        3,
        3,
        0,
        3,
        3,
        0,
        3,
        3,
        3,
        0,
        3,
        2,
        1,
        3,
        0,
        3,
        0,
        3,
        3,
        3,
        3,
        0,
        3,
        1,
        0,
        3,
        3,
        2,
        0,
        1,
        0,
        0,
        3,
        0,
        0,
        0,
        3,
        3,
        3,
        0,
        0,
        3,
        3,
        2,
        0,
        0,
        0,
        3,
        0,
        0,
        3,
        0,
        0,
        0,
        3,
        3,
        3,
        3,
        3,
        0,
        0,
        3,
        0,
        0,
        3,
        1,
        3,
        3,
        3,
        3,
        3,
        3,
        0,
        3,
        3,
        3,
        0,
        3,
        3,
        3,
        0,
        3,
        2,
        3,
        3,
        3,
        0,
        0,
        0,
        1,
        0,
        3,
        3,
        0,
        1,
        0,
        0,
        0,
        1,
        3,
        3,
        0,
        0,
        0,
        0,
        3,
        3,
        3,
        0,
        3,
        0,
        3,
        0,
        0,
        2,
        3,
        0,
        3,
        0,
        0,
        0,
        0,
        0,
        3,
        3,
        3,
        3,
        3,
        0,
        3,
        3,
        3,
        3,
        3,
        3,
        3,
        3,
        0,
        3,
        3,
        3,
        0,
        3,
        3,
        0,
        0,
        3,
        3,
        3,
        3,
        3,
        3,
        3,
        0,
        0,
        3,
        0,
        3,
        0,
        0,
        0,
        0,
        0,
        3,
        3,
        3,
        1,
        3,
        3,
        0,
        3,
        3,
        3,
        0,
        0,
        3,
        0,
        2,
        2,
        3,
        2,
        2,
        2,
        3,
        3,
        2,
        2,
        2,
        2,
        3,
        2,
        3,
        3,
        2,
        3,
        2,
        3,
        3,
        3,
        3,
        2,
        3,
        2,
        2,
        2,
        3,
        3,
        2,
        1,
        2,
        1,
        3,
        1,
        2,
        1,
        2,
        1,
        2,
        3,
        3,
        2,
        3,
        3,
        3,
        2,
        3,
        2,
        2,
        3,
        3,
        3,
        2,
        3,
        3,
        3,
        2,
        2,
        3,
        2,
        2,
        2,
        2,
        2,
        0,
        0,
        2,
        3,
        1,
        2,
        3,
        3,
        3,
        3,
        3,
        2,
        2,
        3,
        2,
        2,
        0,
        2,
        2,
        2,
        0,
        3,
        2,
        2,
        2,
        2,
        2,
        2,
        3,
        2,
        3,
        0,
        3,
        3,
        3,
        0,
        3,
        3,
        2,
        2,
        2,
        2,
        3,
        3,
        2,
        0,
        2,
        2,
        2,
        2,
        2,
        3,
        3,
        2,
        3,
        3,
        3,
        2,
        0,
        0,
        2,
        2,
        0,
        2,
        2,
        3,
        0,
        2,
        1,
        3,
        2,
        2,
        3,
        2,
        2,
        2,
        3,
        2,
        0,
        2,
        3,
        2,
        2,
        3,
        3,
        3,
        3,
        3,
        2,
        2,
        2,
        2,
        2,
        3,
        2,
        2,
        2,
        2,
        3,
        3,
        3,
        3,
        3,
        2,
        3,
        3,
        3,
        2,
        2,
        2,
        2,
        3,
        2,
        3,
        0,
        3,
        2,
        3,
        0,
        2,
        2,
        2,
        2,
        2,
        2,
        2,
        2,
        3,
        2,
        2,
        2,
        0,
        2,
        2,
        3,
        2,
        3,
        1,
        2,
        2,
        2,
        3,
        3,
        3,
        3,
        3,
        2,
        3,
        3,
        1,
        3,
        3,
        3,
        3,
        0,
        3,
        3,
        3,
        3,
        3,
        3,
        3,
        3,
        3,
        3,
        3,
        3,
        1,
        3,
        3,
        3,
        3,
        3,
        3,
        3,
        3,
        3,
        3,
        3,
        3,
        3,
        3,
        3,
        3,
        3,
        0,
        3,
        3,
        3,
        3,
        3,
        3,
        3,
        3,
        3,
        3,
        3,
        3,
        1,
        3,
        3,
        3,
        3,
        3,
        3,
        3,
        3,
        3,
        3,
        3,
        3,
        3,
        3,
        1,
        3,
        3,
        3,
        3,
        3,
        3,
        3,
        3,
        3,
        1,
        3,
        3,
        3,
        3,
        3,
        1,
        3,
        3,
        1,
        3,
        3,
        3,
        3,
        3,
        3,
        3,
        1,
        3,
        3,
        3,
        3,
        3,
        0,
        3,
        3,
        3,
        3,
        3,
        3,
        3,
        3,
        1,
        3,
        3,
        3,
        3,
        3,
        1,
        3,
        3,
        3,
        3,
        3,
        1,
        3,
        3,
        3,
        3,
        3,
        3,
        3,
        3,
        1,
        3,
        3,
        3,
        3,
        3,
        3,
        3,
        3,
        3,
        3,
        3,
        1,
        1,
        3,
        3,
        3,
        3,
        3,
        3,
        3,
        3,
        3,
        3,
        3,
        1,
