{
    "with_labels": 1,
    "burn_in": 500,
    "thinning": 1,
    "runtime": 314.8347418308258,
    "healthy_ratio": 0.24933333333333332,
    "max_log_likelihood": -3206.961522945959,
    "kendalls_tau": 0.24621212121212122,
    "subtype_acc": 0.33317623383283645,
    "n_subtypes": 4,
    "mean_stage_healthy": 0.27807486631016043,
    "ml_subtype": [
        0,
        3,
        1,
        1,
        0,
        1,
        1,
        1,
        1,
        0,
        1,
        1,
        1,
        1,
        1,
        1,
        0,
        0,
        1,
        1,
        1,
        1,
        1,
        1,
        1,
        0,
        1,
        3,
        0,
        1,
        1,
        1,
        1,
        0,
        1,
        0,
        3,
        0,
        1,
        1,
        1,
        1,
        1,
        1,
        1,
        1,
        1,
        1,
        1,
        0,
        1,
        1,
        1,
        1,
        0,
        1,
        1,
        0,
        1,
        0,
        1,
        1,
        1,
        1,
        1,
        1,
        1,
        0,
        1,
        1,
        1,
        0,
        1,
        1,
        0,
        1,
        0,
        0,
        0,
        0,
        0,
        1,
        0,
        1,
        0,
        1,
        1,
        0,
        3,
        1,
        1,
        0,
        0,
        1,
        1,
        1,
        1,
        0,
        1,
        0,
        1,
        0,
        1,
        1,
        0,
        1,
        1,
        1,
        1,
        1,
        1,
        1,
        0,
        0,
        1,
        1,
        0,
        1,
        1,
        0,
        1,
        1,
        0,
        1,
        1,
        0,
        0,
        1,
        1,
        0,
        0,
        1,
        0,
        1,
        1,
        0,
        0,
        1,
        0,
        1,
        1,
        1,
        1,
        1,
        1,
        3,
        1,
        1,
        0,
        1,
        1,
        0,
        1,
        1,
        1,
        0,
        0,
        1,
        1,
        0,
        1,
        0,
        0,
        0,
        3,
        1,
        1,
        0,
        0,
        1,
        1,
        0,
        1,
        1,
        1,
        1,
        1,
        1,
        1,
        0,
        1,
        1,
        1,
        0,
        1,
        0,
        1,
        0,
        0,
        0,
        1,
        0,
        1,
        0,
        1,
        1,
        2,
        1,
        1,
        1,
        0,
        1,
        1,
        1,
        3,
        1,
        1,
        1,
        0,
        1,
        1,
        1,
        1,
        1,
        0,
        0,
        1,
        1,
        1,
        1,
        1,
        1,
        0,
        1,
        1,
        0,
        0,
        0,
        0,
        0,
        0,
        1,
        1,
        1,
        1,
        1,
        1,
        1,
        1,
        0,
        1,
        0,
        1,
        0,
        1,
        1,
        1,
        0,
        1,
        1,
        1,
        1,
        0,
        0,
        0,
        1,
        1,
        1,
        1,
        1,
        0,
        1,
        3,
        1,
        1,
        1,
        1,
        1,
        0,
        0,
        1,
        1,
        1,
        1,
        1,
        0,
        1,
        0,
        1,
        1,
        1,
        1,
        0,
        1,
        1,
        1,
        0,
        0,
        1,
        0,
        1,
        0,
        1,
        1,
        0,
        1,
        0,
        1,
        1,
        1,
        0,
        0,
        0,
        0,
        1,
        1,
        2,
        0,
        1,
        1,
        1,
        1,
        0,
        1,
        0,
        1,
        1,
        1,
        1,
        0,
        1,
        1,
        1,
        0,
        0,
        0,
        1,
        1,
        0,
        0,
        1,
        1,
        1,
        0,
        1,
        1,
        1,
        1,
        1,
        3,
        0,
        1,
        0,
        1,
        1,
        0,
        0,
        1,
        0,
        0,
        1,
        0,
        1,
        1,
        1,
        1,
        0,
        1,
        1,
        0,
        1,
        0,
        1,
        0,
        2,
        0,
        1,
        1,
        1,
        0,
        0,
        0,
        0,
        1,
        0,
        1,
        3,
        3,
        3,
        0,
        0,
        0,
        0,
        2,
        2,
        0,
        3,
        3,
        3,
        3,
        3,
        0,
        0,
        0,
        0,
        3,
        1,
        0,
        3,
        1,
        0,
        1,
        3,
        2,
        3,
        0,
        0,
        0,
        3,
        3,
        3,
        0,
        3,
        3,
        3,
        0,
        3,
        1,
        3,
        3,
        0,
        3,
        0,
        0,
        1,
        3,
        3,
        3,
        3,
        0,
        0,
        3,
        0,
        3,
        0,
        3,
        3,
        3,
        3,
        1,
        0,
        3,
        3,
        0,
        3,
        3,
        3,
        3,
        3,
        1,
        0,
        0,
        3,
        3,
        0,
        1,
        0,
        3,
        3,
        0,
        0,
        3,
        1,
        3,
        1,
        0,
        3,
        3,
        0,
        3,
        0,
        3,
        0,
        0,
        0,
        3,
        0,
        1,
        0,
        0,
        1,
        0,
        3,
        1,
        2,
        0,
        3,
        3,
        0,
        1,
        0,
        3,
        3,
        2,
        3,
        3,
        0,
        3,
        3,
        0,
        0,
        3,
        3,
        0,
        0,
        3,
        3,
        3,
        3,
        3,
        0,
        3,
        3,
        0,
        0,
        3,
        0,
        0,
        3,
        3,
        3,
        3,
        2,
        3,
        3,
        1,
        3,
        3,
        3,
        3,
        0,
        0,
        0,
        3,
        3,
        3,
        3,
        0,
        0,
        3,
        3,
        3,
        0,
        1,
        0,
        0,
        0,
        3,
        1,
        3,
        3,
        0,
        3,
        0,
        0,
        3,
        3,
        3,
        0,
        3,
        3,
        3,
        3,
        1,
        0,
        3,
        0,
        0,
        3,
        0,
        0,
        0,
        0,
        3,
        0,
        3,
        3,
        3,
        0,
        3,
        0,
        3,
        0,
        0,
        0,
        0,
        0,
        0,
        3,
        3,
        0,
        0,
        3,
        0,
        0,
        0,
        0,
        3,
        3,
        0,
        1,
        3,
        3,
        0,
        0,
        3,
        0,
        0,
        3,
        2,
        3,
        2,
        0,
        0,
        3,
        3,
        0,
        0,
        0,
        1,
        0,
        3,
        3,
        3,
        1,
        3,
        2,
        3,
        0,
        0,
        0,
        3,
        3,
        3,
        0,
        0,
        0,
        0,
        0,
        3,
        3,
        3,
        0,
        0,
        3,
        0,
        0,
        2,
        2,
        0,
        0,
        0,
        2,
        0,
        2,
        0,
        0,
        0,
        0,
        0,
        0,
        3,
        0,
        0,
        0,
        0,
        3,
        3,
        3,
        0,
        0,
        0,
        3,
        0,
        3,
        3,
        0,
        0,
        0,
        0,
        3,
        0,
        0,
        3,
        3,
        0,
        0,
        0,
        0,
        0,
        0,
        0,
        3,
        0,
        0,
