{
    "with_labels": 1,
    "burn_in": 500,
    "thinning": 1,
    "runtime": 335.22798776626587,
    "healthy_ratio": 0.24933333333333332,
    "max_log_likelihood": 2379.7313454943646,
    "kendalls_tau": 0.08585858585858586,
    "subtype_acc": 0.14160463678122534,
    "n_subtypes": 3,
    "mean_stage_healthy": 0.13101604278074866,
    "ml_subtype": [
        2,
        2,
        0,
        2,
        1,
        0,
        0,
        2,
        2,
        2,
        2,
        2,
        2,
        2,
        2,
        1,
        2,
        0,
        2,
        2,
        0,
        2,
        2,
        2,
        2,
        2,
        2,
        1,
        2,
        2,
        2,
        1,
        2,
        2,
        2,
        2,
        0,
        2,
        2,
        2,
        1,
        2,
        2,
        2,
        0,
        0,
        2,
        2,
        2,
        0,
        2,
        2,
        2,
        1,
        2,
        1,
        2,
        2,
        2,
        0,
        2,
        2,
        1,
        0,
        2,
        2,
        2,
        2,
        2,
        0,
        2,
        2,
        2,
        2,
        0,
        2,
        1,
        2,
        1,
        2,
        0,
        2,
        0,
        2,
        0,
        2,
        1,
        0,
        2,
        2,
        2,
        0,
        2,
        2,
        0,
        2,
        2,
        2,
        2,
        2,
        2,
        0,
        0,
        0,
        2,
        0,
        2,
        2,
        2,
        2,
        1,
        2,
        2,
        0,
        2,
        0,
        2,
        0,
        2,
        2,
        0,
        2,
        2,
        2,
        2,
        0,
        2,
        2,
        2,
        1,
        1,
        2,
        2,
        2,
        2,
        2,
        2,
        1,
        2,
        2,
        2,
        2,
        1,
        2,
        2,
        2,
        2,
        2,
        2,
        2,
        1,
        2,
        2,
        2,
        2,
        2,
        2,
        2,
        2,
        1,
        2,
        2,
        2,
        2,
        2,
        2,
        0,
        2,
        2,
        0,
        2,
        2,
        2,
        2,
        1,
        2,
        1,
        1,
        2,
        0,
        2,
        0,
        2,
        2,
        2,
        2,
        1,
        2,
        2,
        1,
        2,
        1,
        2,
        2,
        2,
        2,
        2,
        1,
        2,
        1,
        2,
        1,
        2,
        1,
        2,
        2,
        2,
        1,
        2,
        1,
        2,
        2,
        2,
        2,
        2,
        1,
        1,
        1,
        2,
        1,
        2,
        2,
        1,
        2,
        0,
        2,
        1,
        2,
        2,
        1,
        2,
        0,
        2,
        2,
        2,
        1,
        2,
        2,
        1,
        2,
        1,
        1,
        2,
        2,
        2,
        1,
        1,
        1,
        1,
        1,
        1,
        2,
        2,
        2,
        2,
        2,
        2,
        0,
        2,
        2,
        2,
        1,
        1,
        2,
        2,
        2,
        2,
        2,
        1,
        2,
        1,
        1,
        1,
        2,
        2,
        2,
        2,
        2,
        2,
        2,
        2,
        2,
        2,
        1,
        2,
        2,
        2,
        1,
        2,
        2,
        2,
        1,
        2,
        2,
        2,
        2,
        2,
        2,
        2,
        0,
        1,
        0,
        2,
        1,
        2,
        2,
        1,
        1,
        2,
        2,
        2,
        2,
        2,
        2,
        1,
        0,
        2,
        1,
        2,
        2,
        1,
        1,
        1,
        2,
        2,
        2,
        2,
        1,
        2,
        2,
        0,
        2,
        2,
        1,
        1,
        2,
        2,
        2,
        2,
        2,
        2,
        2,
        1,
        2,
        1,
        2,
        2,
        2,
        2,
        2,
        1,
        2,
        2,
        2,
        2,
        1,
        2,
        1,
        2,
        2,
        2,
        1,
        1,
        1,
        1,
        2,
        2,
        2,
        1,
        2,
        1,
        2,
        2,
        2,
        1,
        1,
        2,
        1,
        1,
        2,
        2,
        2,
        2,
        0,
        2,
        0,
        2,
        2,
        2,
        1,
        2,
        2,
        1,
        1,
        0,
        1,
        2,
        2,
        1,
        1,
        2,
        1,
        1,
        2,
        2,
        2,
        2,
        2,
        2,
        1,
        1,
        1,
        1,
        2,
        1,
        2,
        2,
        1,
        1,
        1,
        2,
        1,
        1,
        1,
        2,
        1,
        2,
        2,
        1,
        2,
        2,
        2,
        2,
        2,
        2,
        1,
        1,
        1,
        2,
        1,
        2,
        1,
        1,
        1,
        2,
        2,
        2,
        2,
        2,
        2,
        1,
        2,
        1,
        1,
        2,
        2,
        2,
        2,
        2,
        2,
        1,
        2,
        2,
        1,
        2,
        1,
        1,
        2,
        2,
        2,
        2,
        1,
        1,
        2,
        2,
        1,
        1,
        1,
        2,
        2,
        1,
        2,
        2,
        2,
        1,
        2,
        2,
        2,
        2,
        2,
        2,
        2,
        2,
        1,
        2,
        2,
        2,
        2,
        1,
        2,
        2,
        2,
        2,
        2,
        1,
        1,
        2,
        1,
        2,
        2,
        2,
        1,
        2,
        2,
        2,
        1,
        1,
        1,
        2,
        2,
        2,
        2,
        2,
        2,
        0,
        2,
        2,
        1,
        1,
        1,
        2,
        1,
        2,
        1,
        2,
        2,
        1,
        2,
        1,
        2,
        2,
        2,
        2,
        1,
        2,
        1,
        1,
        1,
        1,
        2,
        2,
        1,
        1,
        2,
        2,
        2,
        1,
        1,
        1,
        2,
        2,
        2,
        1,
        1,
        1,
        1,
        1,
        1,
        2,
        2,
        1,
        2,
        1,
        2,
        1,
        2,
        2,
        1,
        2,
        1,
        2,
        2,
        1,
        2,
        1,
        2,
        2,
        1,
        2,
        1,
        1,
        1,
        2,
        1,
        2,
        2,
        1,
        2,
        1,
        2,
        1,
        1,
        2,
        2,
        2,
        1,
        2,
        2,
        2,
        1,
        2,
        2,
        1,
        2,
        2,
        2,
        1,
        1,
        1,
        2,
        2,
        1,
        1,
        2,
        2,
        2,
        2,
        2,
        1,
        1,
        1,
        1,
        1,
        1,
        2,
        2,
        2,
        1,
        1,
        2,
        2,
        2,
        2,
        2,
        1,
        2,
        1,
        2,
        2,
        0,
        1,
        2,
        2,
        2,
        2,
        2,
        2,
        1,
        2,
        2,
        2,
        1,
        2,
        2,
        2,
        2,
        2,
        2,
        1,
        2,
        1,
        2,
        2,
        2,
        2,
        1,
        1,
        1,
        1,
        2,
        2,
        1,
        2,
        2,
        2,
        2,
        1,
        2,
        1,
        2,
        2,
        1,
        1,
        2,
        1,
