{
    "with_labels": 1,
    "burn_in": 500,
    "thinning": 1,
    "runtime": 207.20805096626282,
    "healthy_ratio": 0.5,
    "max_log_likelihood": -1505.301708419753,
    "kendalls_tau": 0.29292929292929293,
    "subtype_acc": 0.1507141573871543,
    "n_subtypes": 3,
    "mean_stage_healthy": 0.096,
    "ml_subtype": [
        2,
        2,
        0,
        0,
        0,
        2,
        0,
        2,
        2,
        2,
        2,
        0,
        1,
        2,
        0,
        1,
        0,
        0,
        2,
        2,
        2,
        0,
        2,
        1,
        2,
        2,
        2,
        2,
        2,
        2,
        2,
        2,
        2,
        0,
        2,
        2,
        2,
        0,
        2,
        0,
        2,
        0,
        0,
        2,
        0,
        1,
        2,
        0,
        0,
        2,
        2,
        2,
        2,
        2,
        1,
        0,
        2,
        2,
        2,
        1,
        0,
        2,
        0,
        2,
        2,
        2,
        2,
        0,
        2,
        0,
        2,
        2,
        2,
        0,
        0,
        1,
        1,
        2,
        0,
        2,
        2,
        2,
        0,
        2,
        0,
        2,
        0,
        2,
        2,
        0,
        1,
        0,
        2,
        2,
        2,
        2,
        2,
        0,
        0,
        2,
        2,
        2,
        0,
        2,
        2,
        2,
        2,
        0,
        2,
        1,
        0,
        0,
        2,
        2,
        2,
        2,
        0,
        2,
        0,
        2,
        0,
        2,
        2,
        2,
        0,
        0,
        2,
        0,
        0,
        2,
        0,
        0,
        2,
        1,
        0,
        2,
        2,
        2,
        2,
        2,
        0,
        2,
        2,
        0,
        2,
        2,
        1,
        0,
        0,
        2,
        2,
        2,
        0,
        2,
        1,
        2,
        2,
        2,
        2,
        0,
        2,
        2,
        2,
        0,
        0,
        0,
        2,
        2,
        2,
        0,
        2,
        2,
        2,
        2,
        2,
        0,
        0,
        2,
        0,
        2,
        1,
        0,
        2,
        0,
        1,
        2,
        0,
        2,
        0,
        2,
        2,
        2,
        2,
        1,
        2,
        2,
        0,
        0,
        0,
        2,
        2,
        0,
        2,
        0,
        0,
        2,
        0,
        1,
        2,
        0,
        1,
        0,
        2,
        0,
        2,
        0,
        2,
        2,
        2,
        2,
        2,
        2,
        0,
        0,
        2,
        2,
        2,
        2,
        1,
        0,
        0,
        2,
        2,
        2,
        2,
        0,
        2,
        2,
        2,
        0,
        0,
        0,
        0,
        2,
        0,
        2,
        1,
        0,
        0,
        1,
        2,
        2,
        0,
        2,
        2,
        2,
        1,
        2,
        0,
        2,
        2,
        0,
        2,
        1,
        0,
        1,
        2,
        2,
        2,
        2,
        2,
        0,
        2,
        2,
        2,
        0,
        2,
        0,
        2,
        2,
        0,
        2,
        2,
        2,
        2,
        0,
        2,
        2,
        2,
        2,
        0,
        0,
        0,
        0,
        2,
        2,
        0,
        2,
        2,
        0,
        2,
        2,
        0,
        0,
        0,
        2,
        2,
        2,
        2,
        0,
        1,
        0,
        2,
        1,
        2,
        2,
        0,
        2,
        0,
        2,
        0,
        2,
        2,
        2,
        2,
        1,
        0,
        2,
        0,
        2,
        0,
        2,
        0,
        2,
        2,
        2,
        2,
        0,
        2,
        0,
        2,
        2,
        2,
        2,
        0,
        0,
        0,
        2,
        2,
        2,
        2,
        2,
        2,
        2,
        2,
        2,
        2,
        1,
        2,
        0,
        2,
        0,
        0,
        2,
        0,
        0,
        2,
        2,
        0,
        2,
        2,
        0,
        2,
        2,
        2,
        2,
        0,
        1,
        2,
        0,
        0,
        2,
        0,
        2,
        0,
        2,
        0,
        0,
        1,
        2,
        2,
        2,
        0,
        2,
        0,
        1,
        0,
        0,
        1,
        0,
        0,
        1,
        2,
        2,
        2,
        0,
        2,
        0,
        2,
        2,
        2,
        2,
        2,
        0,
        0,
        2,
        2,
        0,
        1,
        1,
        2,
        2,
        0,
        0,
        1,
        2,
        2,
        2,
        2,
        0,
        1,
        2,
        2,
        2,
        2,
        1,
        2,
        0,
        0,
        0,
        1,
        0,
        2,
        2,
        2,
        0,
        2,
        2,
        2,
        2,
        2,
        2,
        2,
        2,
        2,
        0,
        2,
        2,
        2,
        2,
        2,
        0,
        2,
        2,
        2,
        0,
        0,
        2,
        2,
        2,
        0,
        2,
        0,
        2,
        2,
        0,
        2,
        1,
        0,
        0,
        2,
        2,
        2,
        0,
        2,
        0,
        2,
        2,
        0,
        2,
        0,
        2,
        0,
        2,
        2,
        2,
        2,
        2,
        2,
        2,
        0,
        0,
        0,
        2,
        2,
        2,
        2,
        2,
        0,
        0,
        0,
        2,
        2,
        0,
        2,
        1,
        0,
        2,
        2,
        2,
        0,
        0,
        2,
        2,
        2,
        0,
        0,
        2,
        0,
        2,
        1,
        0,
        0,
        2,
        0,
        2,
        2,
        0,
        1,
        2,
        2,
        0,
        2,
        0,
        1,
        2,
        2,
        2,
        2,
        2,
        2,
        2,
        2,
        2,
        2,
        2,
        0,
        2,
        0,
        2,
        0,
        2,
        0,
        1,
        2,
        0,
        0,
        2,
        2,
        2,
        0,
        2,
        0,
        0,
        2,
        2,
        2,
        2,
        2,
        2,
        0,
        0,
        2,
        2,
        1,
        0,
        1,
        2,
        2,
        2,
        2,
        0,
        0,
        0,
        2,
        2,
        2,
        2,
        2,
        2,
        0,
        2,
        2,
        2,
        0,
        2,
        2,
        2,
        1,
        2,
        2,
        2,
        2,
        2,
        2,
        2,
        2,
        2,
        2,
        0,
        2,
        2,
        2,
        2,
        2,
        2,
        2,
        2,
        2,
        2,
        2,
        2,
        0,
        2,
        2,
        2,
        2,
        2,
        0,
        2,
        2,
        2,
        0,
        2,
        1,
        1,
        1,
        2,
        2,
        2,
        2,
        2,
        2,
        2,
        2,
        2,
        2,
        1,
        2,
        2,
        2,
        2,
        2,
        1,
        2,
        2,
        2,
        2,
        2,
        1,
        2,
        2,
        2,
        2,
        2,
        2,
        2,
        2,
        2,
        2,
        2,
        2,
        2,
        2,
        2,
        2,
        1,
        1,
        2,
        2,
        2,
        2,
        2,
        2,
        2,
        1,
        2,
