{
    "with_labels": 1,
    "burn_in": 500,
    "thinning": 1,
    "runtime": 327.5586814880371,
    "healthy_ratio": 0.24850099933377748,
    "max_log_likelihood": -2001.6724831315028,
    "kendalls_tau": 0.18939393939393936,
    "subtype_acc": 0.13426735756482946,
    "n_subtypes": 4,
    "mean_stage_healthy": 0.10187667560321716,
    "ml_subtype": [
        3,
        0,
        3,
        3,
        2,
        3,
        1,
        2,
        2,
        3,
        3,
        2,
        3,
        2,
        2,
        2,
        3,
        3,
        3,
        2,
        2,
        3,
        3,
        2,
        2,
        0,
        2,
        3,
        3,
        2,
        3,
        3,
        3,
        3,
        2,
        2,
        3,
        2,
        3,
        2,
        3,
        3,
        3,
        3,
        3,
        2,
        2,
        3,
        2,
        2,
        2,
        2,
        0,
        3,
        3,
        2,
        2,
        3,
        2,
        3,
        3,
        2,
        2,
        2,
        3,
        3,
        3,
        2,
        2,
        2,
        3,
        3,
        2,
        3,
        2,
        3,
        2,
        3,
        2,
        1,
        2,
        3,
        2,
        3,
        3,
        3,
        3,
        2,
        2,
        2,
        3,
        2,
        3,
        3,
        2,
        3,
        1,
        1,
        2,
        2,
        3,
        3,
        3,
        3,
        3,
        3,
        2,
        3,
        3,
        2,
        2,
        2,
        1,
        2,
        3,
        2,
        2,
        3,
        3,
        3,
        1,
        3,
        3,
        0,
        2,
        3,
        3,
        2,
        3,
        2,
        2,
        2,
        3,
        2,
        3,
        3,
        3,
        2,
        2,
        2,
        3,
        3,
        3,
        1,
        2,
        3,
        2,
        0,
        2,
        3,
        2,
        3,
        2,
        3,
        3,
        3,
        3,
        2,
        2,
        3,
        2,
        1,
        3,
        2,
        3,
        2,
        3,
        3,
        2,
        2,
        3,
        3,
        3,
        3,
        3,
        3,
        3,
        2,
        3,
        3,
        2,
        3,
        3,
        2,
        3,
        3,
        2,
        3,
        1,
        3,
        1,
        3,
        2,
        1,
        3,
        1,
        1,
        3,
        1,
        0,
        3,
        3,
        3,
        1,
        1,
        1,
        2,
        1,
        1,
        2,
        2,
        3,
        1,
        2,
        3,
        1,
        3,
        1,
        3,
        1,
        2,
        3,
        3,
        3,
        3,
        2,
        2,
        2,
        2,
        3,
        3,
        2,
        3,
        1,
        1,
        1,
        3,
        1,
        1,
        1,
        2,
        3,
        2,
        3,
        3,
        1,
        3,
        3,
        1,
        0,
        3,
        3,
        3,
        1,
        1,
        1,
        3,
        1,
        3,
        1,
        3,
        3,
        2,
        3,
        2,
        2,
        1,
        3,
        1,
        2,
        1,
        3,
        0,
        1,
        3,
        0,
        3,
        3,
        1,
        1,
        1,
        2,
        1,
        2,
        1,
        1,
        3,
        1,
        1,
        3,
        2,
        0,
        1,
        1,
        1,
        3,
        1,
        1,
        1,
        0,
        2,
        2,
        2,
        1,
        1,
        3,
        2,
        2,
        3,
        1,
        1,
        3,
        2,
        0,
        3,
        0,
        2,
        3,
        3,
        1,
        3,
        2,
        1,
        1,
        2,
        3,
        2,
        3,
        3,
        1,
        1,
        3,
        1,
        1,
        1,
        2,
        3,
        1,
        1,
        0,
        1,
        2,
        0,
        1,
        0,
        1,
        3,
        0,
        0,
        0,
        1,
        1,
        3,
        1,
        3,
        1,
        1,
        2,
        3,
        1,
        2,
        3,
        1,
        2,
        2,
        2,
        2,
        1,
        1,
        1,
        0,
        1,
        3,
        1,
        3,
        1,
        2,
        2,
        2,
        3,
        3,
        0,
        3,
        0,
        0,
        3,
        3,
        2,
        2,
        3,
        2,
        3,
        2,
        3,
        2,
        2,
        2,
        2,
        2,
        3,
        2,
        3,
        2,
        0,
        2,
        3,
        2,
        3,
        3,
        3,
        2,
        2,
        3,
        3,
        2,
        3,
        2,
        2,
        3,
        2,
        2,
        2,
        2,
        2,
        2,
        2,
        3,
        3,
        2,
        3,
        3,
        3,
        2,
        2,
        3,
        2,
        3,
        2,
        3,
        3,
        2,
        3,
        3,
        2,
        2,
        2,
        2,
        0,
        2,
        1,
        2,
        2,
        2,
        3,
        3,
        2,
        3,
        2,
        3,
        3,
        3,
        3,
        2,
        2,
        2,
        3,
        2,
        2,
        2,
        2,
        3,
        2,
        3,
        2,
        3,
        2,
        2,
        3,
        3,
        3,
        2,
        2,
        3,
        2,
        3,
        2,
        3,
        2,
        3,
        3,
        3,
        0,
        2,
        2,
        3,
        3,
        3,
        2,
        3,
        2,
        2,
        2,
        2,
        3,
        3,
        2,
        3,
        1,
        2,
        3,
        3,
        2,
        3,
        3,
        2,
        3,
        3,
        2,
        3,
        3,
        2,
        3,
        2,
        3,
        2,
        2,
        3,
        2,
        2,
        1,
        3,
        3,
        2,
        3,
        2,
        3,
        2,
        2,
        3,
        2,
        3,
        2,
        2,
        2,
        2,
        3,
        3,
        3,
        2,
        3,
        3,
        2,
        2,
        3,
        2,
        1,
        2,
        2,
        3,
        2,
        2,
        2,
        2,
        2,
        2,
        2,
        2,
        2,
        2,
        2,
        2,
        1,
        2,
        0,
        3,
        3,
        3,
        3,
        3,
        1,
        3,
        2,
        1,
        2,
        3,
        2,
        2,
        3,
        3,
        2,
        3,
        2,
        3,
        2,
        2,
        2,
        3,
        2,
        3,
        3,
        3,
        3,
        2,
        2,
        2,
        1,
        2,
        3,
        3,
        2,
        1,
        3,
        0,
        2,
        2,
        3,
        3,
        2,
        3,
        3,
        3,
        2,
        3,
        2,
        3,
        2,
        3,
        3,
        2,
        2,
        3,
        3,
        3,
        3,
        3,
        3,
        2,
        2,
        2,
        3,
        2,
        2,
        1,
        2,
        2,
        0,
        2,
        3,
        2,
        2,
        2,
        3,
        2,
        0,
        2,
        2,
        2,
        2,
        2,
        3,
        2,
        3,
        2,
        3,
        2,
        2,
        2,
        1,
        3,
        2,
        2,
        2,
        3,
        2,
        2,
        2,
        3,
        2,
        2,
        1,
        1,
        2,
        2,
        2,
        2,
        2,
        3,
        3,
        3,
        2,
        2,
        2,
        2,
        1,
        3,
