{
    "with_labels": 1,
    "burn_in": 500,
    "thinning": 1,
    "runtime": 712.8052852153778,
    "healthy_ratio": 0.24866666666666667,
    "max_log_likelihood": 1449.9540474007347,
    "kendalls_tau": 0.20454545454545453,
    "subtype_acc": 0.1759073266830098,
    "n_subtypes": 4,
    "mean_stage_healthy": 0.10723860589812333,
    "ml_subtype": [
        3,
        1,
        1,
        1,
        3,
        3,
        2,
        2,
        3,
        3,
        3,
        3,
        3,
        1,
        2,
        3,
        1,
        2,
        3,
        1,
        3,
        2,
        1,
        1,
        1,
        1,
        1,
        3,
        1,
        1,
        3,
        1,
        1,
        1,
        1,
        3,
        1,
        1,
        2,
        1,
        2,
        1,
        2,
        2,
        1,
        3,
        3,
        1,
        0,
        1,
        1,
        1,
        1,
        3,
        3,
        1,
        3,
        1,
        2,
        1,
        1,
        2,
        1,
        3,
        1,
        0,
        1,
        1,
        2,
        1,
        3,
        1,
        2,
        1,
        1,
        1,
        1,
        3,
        0,
        2,
        2,
        2,
        3,
        1,
        2,
        3,
        1,
        1,
        1,
        2,
        2,
        2,
        3,
        1,
        1,
        1,
        1,
        0,
        1,
        0,
        1,
        1,
        1,
        1,
        0,
        1,
        0,
        0,
        1,
        3,
        3,
        1,
        1,
        1,
        1,
        0,
        3,
        1,
        1,
        2,
        0,
        1,
        1,
        1,
        2,
        0,
        0,
        1,
        2,
        1,
        1,
        1,
        3,
        1,
        1,
        2,
        1,
        1,
        1,
        0,
        1,
        1,
        1,
        3,
        1,
        0,
        3,
        1,
        2,
        1,
        0,
        1,
        2,
        2,
        3,
        1,
        1,
        1,
        2,
        1,
        1,
        1,
        2,
        2,
        2,
        1,
        3,
        2,
        2,
        1,
        3,
        1,
        2,
        1,
        3,
        1,
        2,
        1,
        2,
        0,
        1,
        2,
        2,
        1,
        1,
        1,
        1,
        2,
        2,
        2,
        1,
        3,
        2,
        1,
        3,
        1,
        1,
        1,
        3,
        2,
        2,
        1,
        1,
        3,
        3,
        1,
        1,
        1,
        2,
        2,
        2,
        1,
        1,
        2,
        2,
        1,
        2,
        1,
        2,
        1,
        0,
        0,
        1,
        1,
        1,
        3,
        0,
        1,
        0,
        1,
        1,
        1,
        2,
        1,
        2,
        3,
        1,
        1,
        0,
        1,
        0,
        3,
        1,
        1,
        3,
        1,
        2,
        3,
        1,
        3,
        1,
        0,
        1,
        1,
        1,
        1,
        3,
        1,
        2,
        3,
        1,
        1,
        2,
        2,
        1,
        1,
        2,
        2,
        3,
        2,
        1,
        2,
        2,
        1,
        3,
        1,
        0,
        2,
        2,
        1,
        3,
        1,
        1,
        3,
        1,
        1,
        0,
        1,
        3,
        2,
        2,
        3,
        2,
        3,
        0,
        2,
        1,
        1,
        1,
        1,
        2,
        1,
        1,
        3,
        1,
        3,
        3,
        1,
        1,
        2,
        3,
        1,
        2,
        1,
        1,
        1,
        2,
        1,
        1,
        2,
        1,
        0,
        3,
        3,
        2,
        3,
        1,
        2,
        2,
        0,
        1,
        1,
        1,
        0,
        2,
        1,
        0,
        1,
        3,
        2,
        2,
        2,
        3,
        2,
        0,
        1,
        2,
        1,
        3,
        3,
        1,
        1,
        1,
        1,
        3,
        2,
        1,
        2,
        1,
        0,
        3,
        1,
        1,
        2,
        3,
        2,
        1,
        1,
        2,
        2,
        2,
        0,
        1,
        3,
        0,
        3,
        3,
        2,
        3,
        0,
        1,
        1,
        3,
        1,
        1,
        3,
        1,
        1,
        2,
        1,
        1,
        1,
        1,
        2,
        1,
        2,
        1,
        1,
        1,
        1,
        1,
        1,
        3,
        1,
        1,
        1,
        1,
        1,
        0,
        0,
        1,
        0,
        0,
        1,
        0,
        1,
        0,
        0,
        0,
        0,
        0,
        0,
        1,
        2,
        1,
        1,
        1,
        1,
        1,
        2,
        0,
        1,
        0,
        2,
        3,
        1,
        3,
        0,
        3,
        0,
        0,
        1,
        1,
        0,
        1,
        0,
        0,
        0,
        0,
        0,
        0,
        1,
        3,
        0,
        1,
        0,
        0,
        0,
        1,
        1,
        1,
        1,
        0,
        0,
        1,
        1,
        0,
        1,
        2,
        1,
        1,
        1,
        1,
        1,
        1,
        0,
        0,
        0,
        0,
        1,
        0,
        0,
        1,
        2,
        1,
        2,
        1,
        0,
        0,
        1,
        1,
        0,
        2,
        1,
        0,
        0,
        0,
        0,
        0,
        0,
        1,
        0,
        0,
        1,
        1,
        1,
        2,
        1,
        0,
        1,
        0,
        2,
        0,
        1,
        1,
        1,
        1,
        0,
        3,
        0,
        0,
        0,
        2,
        3,
        2,
        0,
        0,
        0,
        1,
        0,
        1,
        0,
        0,
        1,
        2,
        0,
        0,
        2,
        0,
        1,
        0,
        2,
        1,
        3,
        0,
        1,
        0,
        0,
        2,
        2,
        0,
        0,
        0,
        0,
        0,
        0,
        1,
        1,
        1,
        0,
        0,
        3,
        2,
        1,
        0,
        0,
        0,
        1,
        1,
        0,
        0,
        0,
        1,
        0,
        1,
        0,
        1,
        1,
        0,
        1,
        1,
        0,
        0,
        0,
        0,
        1,
        1,
        0,
        1,
        1,
        0,
        1,
        0,
        0,
        0,
        1,
        0,
        0,
        0,
        3,
        2,
        1,
        0,
        0,
        1,
        0,
        0,
        0,
        2,
        1,
        1,
        2,
        0,
        0,
        1,
        0,
        1,
        0,
        0,
        0,
        1,
        0,
        1,
        0,
        1,
        1,
        0,
        1,
        1,
        1,
        1,
        0,
        1,
        0,
        0,
        1,
        1,
        1,
        2,
        1,
        0,
        1,
        2,
        0,
        0,
        0,
        1,
        0,
        0,
        0,
        0,
        0,
        1,
        1,
        0,
        3,
        1,
        0,
        0,
        0,
        0,
        0,
        3,
        0,
        1,
        1,
        0,
        0,
        0,
        0,
        0,
        0,
        1,
        0,
        2,
        1,
        1,
        0,
        0,
        0,
        1,
        1,
        0,
        1,
        1,
        0,
        0,
        0,
        0,
        0,
        1,
        0,
        0,
        0,
        1,
