{
    "with_labels": 1,
    "burn_in": 500,
    "thinning": 1,
    "runtime": 270.3255732059479,
    "healthy_ratio": 0.5,
    "max_log_likelihood": -1428.221497988681,
    "kendalls_tau": 0.3090909090909091,
    "subtype_acc": 0.14087483858841446,
    "n_subtypes": 5,
    "mean_stage_healthy": 0.032,
    "ml_subtype": [
        3,
        0,
        0,
        0,
        3,
        0,
        3,
        0,
        0,
        0,
        3,
        0,
        0,
        0,
        3,
        1,
        0,
        3,
        1,
        4,
        0,
        0,
        1,
        3,
        1,
        0,
        0,
        0,
        3,
        3,
        0,
        0,
        3,
        1,
        0,
        1,
        1,
        0,
        0,
        0,
        1,
        0,
        1,
        1,
        0,
        1,
        1,
        2,
        1,
        1,
        0,
        0,
        0,
        0,
        0,
        3,
        0,
        3,
        0,
        2,
        1,
        0,
        0,
        2,
        0,
        0,
        0,
        0,
        1,
        0,
        0,
        0,
        3,
        0,
        1,
        0,
        3,
        3,
        0,
        1,
        0,
        1,
        0,
        0,
        0,
        3,
        0,
        2,
        1,
        1,
        0,
        1,
        3,
        0,
        1,
        0,
        2,
        0,
        0,
        0,
        0,
        3,
        0,
        0,
        0,
        1,
        0,
        0,
        0,
        3,
        0,
        2,
        0,
        1,
        0,
        0,
        0,
        3,
        0,
        0,
        0,
        3,
        0,
        0,
        0,
        0,
        3,
        1,
        0,
        0,
        0,
        0,
        0,
        0,
        3,
        3,
        3,
        3,
        0,
        0,
        0,
        4,
        3,
        0,
        0,
        0,
        0,
        3,
        1,
        0,
        0,
        3,
        3,
        0,
        0,
        0,
        0,
        0,
        0,
        0,
        1,
        0,
        0,
        1,
        0,
        1,
        0,
        3,
        3,
        4,
        0,
        1,
        4,
        1,
        3,
        1,
        0,
        1,
        0,
        1,
        0,
        3,
        0,
        0,
        0,
        1,
        0,
        1,
        2,
        3,
        1,
        0,
        0,
        3,
        0,
        0,
        3,
        0,
        3,
        3,
        3,
        1,
        0,
        3,
        0,
        3,
        0,
        1,
        0,
        0,
        1,
        1,
        3,
        0,
        1,
        1,
        3,
        0,
        0,
        4,
        1,
        0,
        0,
        3,
        1,
        0,
        0,
        0,
        0,
        1,
        3,
        0,
        0,
        0,
        0,
        0,
        0,
        0,
        0,
        3,
        0,
        0,
        2,
        0,
        3,
        0,
        3,
        3,
        2,
        3,
        0,
        0,
        0,
        0,
        0,
        3,
        0,
        1,
        1,
        0,
        1,
        1,
        0,
        0,
        3,
        0,
        0,
        1,
        3,
        0,
        0,
        1,
        3,
        3,
        0,
        0,
        0,
        0,
        0,
        0,
        0,
        1,
        3,
        3,
        1,
        0,
        1,
        0,
        0,
        0,
        0,
        0,
        1,
        0,
        0,
        0,
        1,
        0,
        0,
        0,
        1,
        0,
        0,
        0,
        0,
        0,
        0,
        0,
        3,
        1,
        3,
        2,
        0,
        0,
        0,
        1,
        1,
        0,
        4,
        0,
        3,
        0,
        0,
        0,
        3,
        0,
        2,
        0,
        2,
        2,
        2,
        0,
        0,
        0,
        1,
        0,
        0,
        4,
        3,
        0,
        0,
        4,
        2,
        2,
        0,
        2,
        1,
        0,
        0,
        0,
        0,
        2,
        1,
        0,
        0,
        2,
        4,
        0,
        2,
        1,
        0,
        1,
        0,
        0,
        0,
        4,
        1,
        0,
        0,
        0,
        0,
        0,
        0,
        2,
        0,
        0,
        2,
        4,
        0,
        2,
        2,
        2,
        0,
        0,
        0,
        2,
        0,
        0,
        0,
        0,
        0,
        0,
        0,
        2,
        1,
        0,
        0,
        0,
        0,
        2,
        0,
        0,
        0,
        0,
        0,
        0,
        0,
        0,
        0,
        0,
        3,
        4,
        2,
        0,
        4,
        2,
        2,
        0,
        0,
        0,
        2,
        0,
        0,
        2,
        1,
        0,
        0,
        0,
        2,
        0,
        0,
        1,
        4,
        2,
        0,
        0,
        4,
        0,
        0,
        0,
        0,
        2,
        1,
        1,
        0,
        3,
        0,
        0,
        0,
        0,
        2,
        0,
        0,
        2,
        0,
        0,
        0,
        0,
        0,
        2,
        1,
        2,
        0,
        0,
        3,
        1,
        0,
        1,
        4,
        1,
        2,
        2,
        0,
        1,
        1,
        0,
        0,
        0,
        0,
        2,
        0,
        2,
        0,
        0,
        3,
        2,
        0,
        0,
        0,
        2,
        2,
        0,
        0,
        0,
        2,
        0,
        0,
        2,
        2,
        0,
        0,
        0,
        0,
        2,
        1,
        0,
        2,
        0,
        0,
        1,
        0,
        1,
        1,
        0,
        0,
        4,
        3,
        4,
        0,
        0,
        0,
        2,
        0,
        4,
        0,
        2,
        0,
        2,
        0,
        0,
        0,
        0,
        0,
        0,
        0,
        0,
        0,
        0,
        0,
        0,
        0,
        2,
        0,
        0,
        0,
        0,
        0,
        1,
        0,
        0,
        0,
        0,
        0,
        4,
        4,
        0,
        0,
        2,
        0,
        0,
        0,
        0,
        0,
        1,
        0,
        0,
        2,
        0,
        0,
        0,
        2,
        0,
        0,
        0,
        0,
        0,
        0,
        3,
        2,
        3,
        0,
        0,
        2,
        1,
        3,
        0,
        3,
        2,
        0,
        0,
        0,
        0,
        0,
        2,
        0,
        4,
        0,
        2,
        2,
        0,
        0,
        0,
        4,
        0,
        0,
        0,
        0,
        2,
        4,
        0,
        0,
        0,
        0,
        0,
        0,
        0,
        0,
        0,
        2,
        2,
        0,
        1,
        0,
        4,
        0,
        0,
        2,
        0,
        4,
        3,
        0,
        0,
        0,
        0,
        0,
        0,
        0,
        0,
        0,
        2,
        0,
        0,
        0,
        0,
        0,
        2,
        0,
        0,
        3,
        0,
        0,
        0,
        0,
        0,
        0,
        0,
        0,
        0,
        0,
        1,
        0,
        0,
        0,
        0,
        0,
        0,
        4,
        0,
        0,
        0,
        0,
        0,
        1,
        0,
        2,
        0,
        0,
        4,
        0,
        0,
        0,
        4,
        0,
        2,
        0,
        0,
        2,
        0,
        0,
        0,
        3,
        0,
        0,
        2,
        0,
        0,
        0,
