{
    "with_labels": 1,
    "burn_in": 500,
    "thinning": 1,
    "runtime": 364.32389521598816,
    "healthy_ratio": 0.5,
    "max_log_likelihood": -1040.1118562428048,
    "kendalls_tau": 0.24545454545454545,
    "subtype_acc": 0.2586220911120016,
    "n_subtypes": 5,
    "mean_stage_healthy": 0.04,
    "ml_subtype": [
        3,
        4,
        3,
        4,
        4,
        3,
        4,
        3,
        2,
        4,
        4,
        3,
        4,
        4,
        4,
        4,
        1,
        4,
        3,
        4,
        4,
        4,
        4,
        4,
        4,
        4,
        4,
        3,
        3,
        4,
        3,
        3,
        4,
        4,
        4,
        3,
        4,
        4,
        4,
        4,
        4,
        3,
        4,
        3,
        3,
        4,
        4,
        4,
        3,
        3,
        3,
        3,
        4,
        3,
        3,
        4,
        0,
        3,
        4,
        3,
        4,
        4,
        3,
        4,
        4,
        3,
        0,
        4,
        4,
        3,
        4,
        3,
        4,
        3,
        4,
        3,
        3,
        4,
        4,
        3,
        0,
        3,
        3,
        4,
        4,
        4,
        4,
        3,
        4,
        3,
        4,
        4,
        4,
        4,
        4,
        4,
        4,
        4,
        3,
        4,
        3,
        4,
        4,
        4,
        2,
        4,
        4,
        3,
        3,
        4,
        3,
        4,
        4,
        4,
        3,
        4,
        3,
        4,
        4,
        4,
        1,
        4,
        4,
        4,
        4,
        3,
        4,
        3,
        4,
        4,
        3,
        4,
        3,
        0,
        3,
        3,
        4,
        3,
        4,
        4,
        4,
        3,
        3,
        3,
        3,
        4,
        3,
        4,
        3,
        4,
        4,
        3,
        4,
        3,
        4,
        4,
        4,
        4,
        4,
        4,
        4,
        4,
        4,
        4,
        4,
        3,
        4,
        2,
        3,
        3,
        3,
        3,
        4,
        4,
        4,
        3,
        4,
        4,
        3,
        3,
        3,
        4,
        4,
        3,
        3,
        3,
        4,
        4,
        4,
        3,
        3,
        0,
        3,
        3,
        4,
        4,
        3,
        4,
        3,
        3,
        3,
        0,
        4,
        3,
        3,
        4,
        3,
        3,
        4,
        4,
        4,
        4,
        3,
        4,
        3,
        4,
        4,
        4,
        4,
        4,
        3,
        4,
        3,
        3,
        4,
        4,
        3,
        3,
        0,
        3,
        3,
        4,
        4,
        4,
        3,
        3,
        4,
        0,
        3,
        3,
        3,
        4,
        4,
        4,
        0,
        4,
        4,
        4,
        4,
        3,
        4,
        3,
        4,
        4,
        3,
        4,
        4,
        4,
        3,
        4,
        3,
        3,
        3,
        3,
        0,
        3,
        4,
        4,
        0,
        4,
        1,
        1,
        4,
        3,
        4,
        3,
        4,
        4,
        4,
        4,
        3,
        3,
        4,
        4,
        3,
        4,
        3,
        4,
        3,
        4,
        4,
        4,
        4,
        3,
        3,
        3,
        3,
        3,
        4,
        4,
        4,
        3,
        2,
        3,
        4,
        3,
        4,
        4,
        3,
        4,
        3,
        4,
        3,
        4,
        4,
        1,
        0,
        3,
        3,
        3,
        4,
        3,
        4,
        4,
        3,
        3,
        3,
        4,
        3,
        4,
        3,
        4,
        4,
        3,
        3,
        4,
        3,
        4,
        4,
        4,
        4,
        4,
        4,
        4,
        4,
        3,
        3,
        4,
        3,
        3,
        1,
        4,
        3,
        3,
        4,
        4,
        3,
        3,
        4,
        4,
        4,
        3,
        4,
        4,
        3,
        3,
        4,
        3,
        4,
        4,
        3,
        4,
        3,
        3,
        2,
        4,
        4,
        4,
        3,
        4,
        3,
        3,
        4,
        2,
        4,
        3,
        3,
        3,
        3,
        4,
        3,
        3,
        4,
        4,
        4,
        4,
        3,
        4,
        4,
        3,
        3,
        4,
        4,
        3,
        3,
        3,
        4,
        3,
        3,
        3,
        3,
        3,
        2,
        3,
        4,
        3,
        4,
        3,
        4,
        4,
        3,
        4,
        3,
        4,
        3,
        4,
        3,
        4,
        3,
        3,
        2,
        4,
        4,
        4,
        4,
        4,
        3,
        3,
        4,
        0,
        3,
        4,
        3,
        3,
        3,
        4,
        3,
        4,
        4,
        3,
        4,
        2,
        3,
        4,
        3,
        4,
        4,
        4,
        4,
        4,
        4,
        3,
        4,
        4,
        4,
        4,
        3,
        4,
        3,
        4,
        3,
        4,
        4,
        3,
        3,
        4,
        3,
        3,
        4,
        4,
        4,
        3,
        4,
        4,
        4,
        3,
        3,
        3,
        3,
        3,
        4,
        4,
        4,
        3,
        4,
        3,
        4,
        4,
        4,
        4,
        4,
        2,
        4,
        4,
        4,
        3,
        3,
        4,
        1,
        4,
        3,
        4,
        4,
        4,
        4,
        4,
        4,
        3,
        4,
        4,
        3,
        3,
        0,
        4,
        3,
        4,
        3,
        4,
        4,
        4,
        3,
        3,
        4,
        4,
        3,
        3,
        4,
        2,
        3,
        4,
        3,
        3,
        3,
        4,
        4,
        4,
        4,
        4,
        4,
        4,
        4,
        4,
        3,
        4,
        4,
        1,
        3,
        3,
        3,
        4,
        4,
        3,
        4,
        3,
        4,
        4,
        3,
        4,
        3,
        0,
        4,
        4,
        4,
        2,
        4,
        4,
        3,
        4,
        3,
        4,
        4,
        1,
        4,
        3,
        4,
        4,
        3,
        3,
        4,
        4,
        2,
        4,
        4,
        3,
        4,
        4,
        4,
        3,
        4,
        4,
        0,
        4,
        4,
        4,
        3,
        1,
        4,
        4,
        4,
        0,
        4,
        4,
        4,
        2,
        4,
        4,
        4,
        4,
        2,
        3,
        3,
        4,
        3,
        3,
        4,
        4,
        2,
        4,
        4,
        4,
        4,
        4,
        4,
        3,
        4,
        4,
        4,
        4,
        4,
        3,
        4,
        4,
        4,
        4,
        4,
        4,
        1,
        4,
        4,
        4,
        0,
        4,
        3,
        4,
        0,
        4,
        4,
        4,
        4,
        3,
        4,
        4,
        4,
        3,
        3,
        4,
        4,
        4,
        4,
        4,
        4,
        3,
        4,
        4,
        4,
        4,
        4,
        4,
        2,
        4,
        4,
        4,
        0,
        4,
        0,
        4,
        4,
        4,
        4,
        4,
        4,
        4,
        4,
        3,
        4,
        4,
        4,
