{
    "with_labels": 1,
    "burn_in": 500,
    "thinning": 1,
    "runtime": 318.7168252468109,
    "healthy_ratio": 0.24866666666666667,
    "max_log_likelihood": 2044.0882301616557,
    "kendalls_tau": 0.16666666666666666,
    "subtype_acc": 0.18154947326698545,
    "n_subtypes": 4,
    "mean_stage_healthy": 0.128686327077748,
    "ml_subtype": [
        1,
        1,
        3,
        1,
        3,
        3,
        1,
        1,
        1,
        1,
        1,
        1,
        3,
        3,
        3,
        3,
        3,
        3,
        2,
        3,
        1,
        1,
        3,
        1,
        3,
        1,
        3,
        3,
        1,
        3,
        3,
        3,
        1,
        3,
        3,
        3,
        3,
        1,
        3,
        3,
        0,
        3,
        3,
        1,
        3,
        1,
        3,
        1,
        3,
        1,
        3,
        3,
        3,
        1,
        1,
        3,
        1,
        3,
        1,
        3,
        3,
        2,
        3,
        1,
        3,
        2,
        3,
        3,
        1,
        2,
        3,
        3,
        3,
        3,
        3,
        3,
        1,
        3,
        3,
        3,
        3,
        3,
        3,
        3,
        1,
        3,
        3,
        3,
        2,
        1,
        3,
        3,
        3,
        1,
        3,
        1,
        1,
        2,
        3,
        2,
        2,
        3,
        1,
        1,
        2,
        2,
        1,
        1,
        3,
        1,
        3,
        3,
        3,
        3,
        1,
        3,
        1,
        3,
        3,
        1,
        1,
        3,
        3,
        3,
        1,
        2,
        3,
        1,
        3,
        1,
        1,
        3,
        3,
        1,
        1,
        3,
        3,
        1,
        1,
        2,
        1,
        3,
        1,
        1,
        1,
        3,
        1,
        3,
        2,
        1,
        1,
        2,
        1,
        3,
        3,
        1,
        1,
        2,
        1,
        1,
        3,
        3,
        1,
        1,
        1,
        1,
        3,
        1,
        3,
        3,
        3,
        2,
        3,
        3,
        1,
        3,
        3,
        3,
        1,
        3,
        1,
        3,
        2,
        3,
        1,
        1,
        1,
        3,
        2,
        1,
        3,
        1,
        3,
        2,
        3,
        1,
        2,
        2,
        3,
        2,
        3,
        1,
        1,
        1,
        3,
        1,
        1,
        1,
        1,
        3,
        2,
        3,
        3,
        3,
        1,
        3,
        3,
        3,
        3,
        2,
        1,
        3,
        1,
        3,
        1,
        3,
        1,
        2,
        1,
        1,
        3,
        3,
        2,
        3,
        3,
        3,
        3,
        2,
        1,
        2,
        3,
        3,
        1,
        3,
        1,
        2,
        2,
        1,
        1,
        3,
        3,
        3,
        1,
        1,
        3,
        3,
        3,
        3,
        1,
        1,
        1,
        1,
        1,
        3,
        3,
        1,
        1,
        1,
        1,
        1,
        3,
        3,
        2,
        3,
        2,
        3,
        2,
        1,
        3,
        3,
        3,
        1,
        1,
        3,
        3,
        1,
        3,
        1,
        1,
        1,
        1,
        3,
        1,
        1,
        1,
        2,
        1,
        3,
        1,
        2,
        1,
        3,
        3,
        3,
        2,
        1,
        3,
        1,
        1,
        1,
        3,
        3,
        3,
        3,
        1,
        1,
        1,
        3,
        1,
        3,
        3,
        3,
        3,
        3,
        2,
        3,
        3,
        2,
        3,
        1,
        3,
        1,
        2,
        3,
        3,
        2,
        3,
        2,
        3,
        1,
        3,
        1,
        1,
        3,
        1,
        1,
        1,
        1,
        1,
        1,
        1,
        1,
        3,
        1,
        1,
        1,
        3,
        1,
        3,
        1,
        2,
        2,
        1,
        3,
        1,
        1,
        3,
        3,
        1,
        1,
        1,
        1,
        3,
        3,
        2,
        1,
        1,
        1,
        3,
        3,
        1,
        2,
        1,
        1,
        3,
        1,
        3,
        1,
        1,
        1,
        3,
        2,
        2,
        1,
        1,
        3,
        1,
        2,
        1,
        3,
        1,
        1,
        2,
        1,
        3,
        3,
        2,
        1,
        1,
        1,
        1,
        1,
        1,
        1,
        3,
        1,
        3,
        1,
        3,
        1,
        1,
        1,
        3,
        3,
        1,
        1,
        1,
        1,
        3,
        1,
        1,
        3,
        3,
        1,
        1,
        1,
        1,
        1,
        1,
        1,
        1,
        1,
        3,
        3,
        1,
        2,
        1,
        1,
        1,
        3,
        1,
        1,
        3,
        1,
        3,
        1,
        3,
        1,
        1,
        3,
        3,
        3,
        1,
        1,
        1,
        3,
        1,
        3,
        1,
        3,
        1,
        3,
        1,
        1,
        1,
        1,
        1,
        3,
        1,
        1,
        3,
        1,
        3,
        1,
        1,
        1,
        1,
        2,
        3,
        3,
        3,
        3,
        1,
        2,
        1,
        3,
        3,
        2,
        1,
        1,
        1,
        1,
        1,
        3,
        1,
        2,
        3,
        1,
        1,
        1,
        1,
        1,
        3,
        3,
        1,
        1,
        1,
        1,
        1,
        1,
        1,
        3,
        3,
        3,
        1,
        1,
        1,
        1,
        1,
        1,
        3,
        3,
        2,
        3,
        3,
        2,
        1,
        1,
        3,
        3,
        3,
        1,
        1,
        1,
        3,
        1,
        1,
        1,
        1,
        1,
        3,
        1,
        1,
        3,
        1,
        2,
        1,
        1,
        1,
        1,
        3,
        1,
        3,
        1,
        1,
        1,
        3,
        1,
        3,
        3,
        1,
        1,
        1,
        1,
        3,
        1,
        1,
        1,
        3,
        1,
        1,
        1,
        2,
        2,
        1,
        1,
        3,
        1,
        2,
        1,
        3,
        1,
        3,
        2,
        2,
        3,
        1,
        1,
        1,
        3,
        1,
        1,
        3,
        1,
        3,
        1,
        1,
        3,
        1,
        1,
        3,
        1,
        1,
        1,
        2,
        3,
        1,
        1,
        3,
        1,
        1,
        1,
        1,
        1,
        1,
        1,
        1,
        1,
        3,
        1,
        1,
        1,
        3,
        1,
        1,
        1,
        1,
        1,
        1,
        1,
        1,
        1,
        1,
        3,
        1,
        1,
        3,
        1,
        3,
        1,
        1,
        3,
        1,
        1,
        3,
        1,
        3,
        3,
        3,
        1,
        2,
        1,
        3,
        1,
        1,
        3,
        3,
        3,
        1,
        1,
        1,
        3,
        3,
        1,
        1,
        1,
        1,
        1,
        2,
        3,
        3,
        3,
        1,
        2,
        1,
        1,
        1,
        2,
        1,
        1,
        1,
        1,
        1,
        1,
        1,
