{
    "with_labels": 1,
    "burn_in": 500,
    "thinning": 1,
    "runtime": 405.28943943977356,
    "healthy_ratio": 0.24866666666666667,
    "max_log_likelihood": 788.4557694532384,
    "kendalls_tau": 0.41515151515151516,
    "subtype_acc": 0.25191799315007735,
    "n_subtypes": 5,
    "mean_stage_healthy": 0.19302949061662197,
    "ml_subtype": [
        2,
        0,
        0,
        0,
        0,
        0,
        0,
        0,
        0,
        0,
        0,
        0,
        0,
        0,
        0,
        2,
        2,
        0,
        0,
        0,
        0,
        0,
        0,
        0,
        0,
        0,
        0,
        0,
        0,
        0,
        4,
        0,
        0,
        0,
        0,
        0,
        0,
        0,
        0,
        0,
        0,
        0,
        0,
        0,
        0,
        2,
        0,
        0,
        0,
        0,
        0,
        0,
        0,
        0,
        0,
        0,
        0,
        0,
        0,
        0,
        0,
        0,
        0,
        0,
        0,
        0,
        0,
        0,
        0,
        0,
        0,
        0,
        0,
        0,
        2,
        0,
        0,
        0,
        0,
        0,
        0,
        0,
        0,
        0,
        0,
        0,
        0,
        0,
        0,
        0,
        0,
        0,
        0,
        0,
        0,
        0,
        0,
        0,
        0,
        0,
        0,
        0,
        4,
        0,
        0,
        0,
        0,
        0,
        0,
        0,
        0,
        0,
        0,
        0,
        0,
        0,
        0,
        0,
        0,
        0,
        0,
        0,
        0,
        0,
        0,
        0,
        0,
        0,
        0,
        0,
        0,
        0,
        2,
        0,
        0,
        0,
        0,
        0,
        0,
        0,
        0,
        0,
        0,
        0,
        0,
        0,
        0,
        0,
        0,
        0,
        0,
        0,
        0,
        0,
        0,
        0,
        0,
        0,
        0,
        0,
        0,
        0,
        0,
        0,
        0,
        0,
        0,
        0,
        0,
        0,
        0,
        0,
        0,
        0,
        0,
        0,
        0,
        0,
        4,
        0,
        0,
        0,
        0,
        0,
        0,
        0,
        0,
        0,
        0,
        0,
        0,
        0,
        0,
        0,
        0,
        0,
        0,
        0,
        0,
        0,
        0,
        0,
        0,
        0,
        0,
        0,
        0,
        0,
        0,
        0,
        0,
        0,
        0,
        0,
        0,
        0,
        0,
        0,
        0,
        0,
        0,
        0,
        0,
        0,
        0,
        0,
        0,
        0,
        0,
        0,
        0,
        0,
        0,
        0,
        0,
        0,
        0,
        0,
        0,
        0,
        0,
        0,
        0,
        0,
        0,
        0,
        0,
        0,
        0,
        0,
        0,
        0,
        0,
        0,
        0,
        0,
        0,
        0,
        0,
        2,
        0,
        0,
        0,
        0,
        0,
        0,
        0,
        0,
        0,
        0,
        0,
        0,
        4,
        0,
        0,
        0,
        0,
        0,
        0,
        0,
        0,
        0,
        0,
        0,
        0,
        0,
        0,
        0,
        0,
        0,
        0,
        0,
        0,
        0,
        2,
        0,
        2,
        0,
        2,
        0,
        0,
        0,
        0,
        2,
        2,
        2,
        0,
        2,
        2,
        0,
        2,
        2,
        2,
        2,
        2,
        0,
        2,
        2,
        0,
        2,
        2,
        0,
        2,
        2,
        2,
        0,
        2,
        0,
        2,
        0,
        2,
        0,
        0,
        0,
        2,
        2,
        2,
        0,
        2,
        2,
        2,
        2,
        2,
        2,
        2,
        2,
        0,
        0,
        2,
        2,
        2,
        2,
        0,
        2,
        2,
        0,
        0,
        0,
        2,
        2,
        2,
        0,
        2,
        0,
        2,
        0,
        2,
        2,
        0,
        2,
        2,
        0,
        2,
        0,
        2,
        0,
        0,
        2,
        2,
        2,
        2,
        2,
        2,
        2,
        0,
        2,
        0,
        2,
        2,
        2,
        0,
        2,
        2,
        0,
        0,
        2,
        0,
        2,
        2,
        0,
        0,
        2,
        0,
        2,
        0,
        2,
        2,
        2,
        0,
        0,
        2,
        2,
        2,
        2,
        2,
        0,
        2,
        2,
        0,
        0,
        2,
        0,
        2,
        0,
        2,
        2,
        2,
        2,
        2,
        0,
        2,
        2,
        2,
        2,
        0,
        2,
        2,
        0,
        2,
        2,
        0,
        2,
        0,
        2,
        2,
        2,
        2,
        0,
        2,
        0,
        2,
        2,
        2,
        2,
        0,
        2,
        2,
        2,
        2,
        2,
        0,
        2,
        2,
        0,
        0,
        2,
        0,
        0,
        2,
        2,
        2,
        0,
        2,
        2,
        0,
        0,
        2,
        0,
        2,
        0,
        0,
        0,
        4,
        4,
        4,
        4,
        0,
        4,
        4,
        0,
        0,
        0,
        4,
        0,
        4,
        4,
        0,
        4,
        4,
        4,
        0,
        0,
        4,
        4,
        4,
        0,
        0,
        0,
        2,
        4,
        4,
        0,
        0,
        0,
        0,
        0,
        0,
        0,
        0,
        0,
        0,
        0,
        4,
        0,
        0,
        4,
        0,
        0,
        4,
        4,
        0,
        4,
        4,
        0,
        4,
        0,
        4,
        0,
        0,
        0,
        0,
        4,
        0,
        0,
        0,
        0,
        4,
        4,
        4,
        0,
        4,
        0,
        0,
        4,
        0,
        0,
        4,
        0,
        4,
        0,
        0,
        0,
        0,
        0,
        0,
        4,
        4,
        0,
        4,
        0,
        0,
        4,
        4,
        0,
        0,
        0,
        4,
        4,
        4,
        0,
        0,
        4,
        0,
        0,
        0,
        4,
        0,
        4,
        0,
        0,
        0,
        4,
        2,
        4,
        4,
        0,
        4,
        4,
        4,
        4,
        0,
        4,
        4,
        4,
        0,
        4,
        4,
        4,
        0,
        4,
        4,
        4,
        0,
        4,
        0,
        4,
        4,
        4,
        0,
        0,
        4,
        0,
        4,
        4,
        0,
        4,
        0,
        0,
        0,
        4,
        0,
        4,
        0,
        0,
        4,
        4,
        4,
        0,
        0,
        0,
        0,
        0,
        0,
        4,
        4,
        0,
        0,
        0,
        0,
        0,
        4,
        2,
        0,
        0,
        0,
        4,
        4,
        4,
        4,
        4,
        0,
        4,
        0,
        0,
        4,
        4,
        0,
        0,
        4,
        0,
        0,
        0,
        4,
        4,
        0,
        0,
        0,
        4,
        4,
        4,
        4,
        4,
        0,
        0,
        0,
        0,
        0,
        4,
        4,
        0,
        0,
        4,
        0,
        4,
        4,
