{
    "with_labels": 1,
    "burn_in": 500,
    "thinning": 1,
    "runtime": 483.75471019744873,
    "healthy_ratio": 0.24866666666666667,
    "max_log_likelihood": -3282.3639081825195,
    "kendalls_tau": 0.27575757575757576,
    "subtype_acc": 0.2836250703608152,
    "n_subtypes": 5,
    "mean_stage_healthy": 0.16621983914209115,
    "ml_subtype": [
        1,
        2,
        2,
        3,
        2,
        0,
        2,
        2,
        2,
        0,
        2,
        2,
        1,
        0,
        0,
        2,
        0,
        1,
        2,
        0,
        3,
        0,
        2,
        0,
        0,
        1,
        2,
        2,
        2,
        0,
        2,
        0,
        0,
        0,
        2,
        2,
        0,
        1,
        0,
        0,
        1,
        0,
        0,
        2,
        0,
        0,
        1,
        0,
        0,
        2,
        0,
        3,
        1,
        2,
        4,
        0,
        0,
        2,
        1,
        2,
        2,
        0,
        0,
        2,
        1,
        4,
        0,
        1,
        2,
        2,
        2,
        2,
        2,
        2,
        2,
        1,
        2,
        0,
        2,
        3,
        0,
        0,
        1,
        0,
        0,
        1,
        2,
        0,
        0,
        0,
        2,
        0,
        2,
        2,
        0,
        0,
        2,
        2,
        3,
        2,
        0,
        2,
        2,
        2,
        2,
        2,
        2,
        2,
        0,
        0,
        0,
        0,
        1,
        2,
        0,
        0,
        0,
        0,
        0,
        0,
        0,
        0,
        1,
        2,
        2,
        2,
        2,
        2,
        0,
        3,
        3,
        1,
        2,
        0,
        2,
        2,
        1,
        2,
        3,
        4,
        3,
        3,
        0,
        2,
        2,
        4,
        1,
        2,
        0,
        2,
        0,
        0,
        0,
        0,
        1,
        2,
        2,
        0,
        2,
        0,
        2,
        2,
        2,
        3,
        4,
        0,
        1,
        0,
        1,
        0,
        1,
        2,
        0,
        0,
        0,
        2,
        2,
        2,
        0,
        0,
        0,
        1,
        2,
        0,
        1,
        0,
        2,
        2,
        3,
        1,
        1,
        2,
        2,
        1,
        2,
        2,
        0,
        0,
        1,
        1,
        2,
        1,
        4,
        2,
        0,
        0,
        0,
        2,
        0,
        2,
        0,
        2,
        2,
        1,
        2,
        0,
        0,
        2,
        2,
        1,
        0,
        1,
        2,
        4,
        2,
        2,
        1,
        0,
        0,
        0,
        1,
        2,
        2,
        2,
        2,
        1,
        3,
        2,
        2,
        2,
        1,
        1,
        3,
        1,
        2,
        1,
        1,
        2,
        1,
        0,
        2,
        3,
        1,
        1,
        1,
        1,
        2,
        1,
        2,
        1,
        1,
        0,
        2,
        1,
        1,
        4,
        2,
        1,
        0,
        0,
        1,
        0,
        2,
        1,
        1,
        3,
        2,
        2,
        4,
        2,
        1,
        1,
        0,
        1,
        2,
        2,
        0,
        1,
        2,
        2,
        1,
        0,
        2,
        2,
        1,
        2,
        2,
        0,
        4,
        0,
        2,
        0,
        2,
        2,
        3,
        3,
        1,
        3,
        2,
        1,
        2,
        1,
        0,
        2,
        1,
        1,
        1,
        1,
        2,
        2,
        2,
        2,
        1,
        2,
        0,
        1,
        2,
        2,
        2,
        1,
        0,
        2,
        2,
        2,
        1,
        1,
        2,
        2,
        1,
        4,
        1,
        1,
        2,
        0,
        2,
        2,
        1,
        1,
        2,
        2,
        4,
        1,
        2,
        2,
        2,
        1,
        1,
        2,
        2,
        0,
        2,
        0,
        0,
        3,
        2,
        1,
        2,
        1,
        2,
        2,
        2,
        2,
        0,
        1,
        2,
        2,
        2,
        2,
        0,
        1,
        1,
        1,
        2,
        2,
        4,
        1,
        1,
        1,
        0,
        2,
        1,
        1,
        2,
        0,
        0,
        2,
        0,
        1,
        3,
        2,
        1,
        2,
        2,
        2,
        3,
        1,
        3,
        2,
        0,
        4,
        1,
        1,
        2,
        2,
        0,
        0,
        1,
        0,
        0,
        2,
        0,
        2,
        2,
        0,
        2,
        3,
        3,
        0,
        2,
        3,
        3,
        2,
        2,
        3,
        2,
        1,
        2,
        1,
        2,
        0,
        2,
        3,
        0,
        3,
        4,
        1,
        0,
        2,
        1,
        2,
        3,
        2,
        3,
        1,
        2,
        1,
        3,
        1,
        1,
        3,
        2,
        3,
        2,
        0,
        0,
        2,
        1,
        4,
        0,
        1,
        2,
        0,
        0,
        2,
        1,
        0,
        3,
        3,
        3,
        0,
        2,
        1,
        0,
        0,
        4,
        1,
        1,
        2,
        1,
        3,
        1,
        2,
        3,
        3,
        2,
        3,
        1,
        2,
        2,
        1,
        3,
        2,
        0,
        3,
        0,
        2,
        0,
        2,
        1,
        3,
        1,
        2,
        1,
        0,
        1,
        2,
        3,
        1,
        2,
        3,
        3,
        3,
        3,
        0,
        1,
        1,
        0,
        2,
        2,
        1,
        2,
        2,
        2,
        1,
        2,
        2,
        3,
        1,
        1,
        3,
        0,
        0,
        1,
        2,
        3,
        1,
        2,
        3,
        0,
        2,
        3,
        3,
        2,
        2,
        2,
        2,
        2,
        3,
        3,
        3,
        2,
        3,
        2,
        1,
        0,
        2,
        3,
        3,
        1,
        0,
        3,
        2,
        0,
        1,
        2,
        0,
        0,
        0,
        0,
        3,
        2,
        2,
        2,
        2,
        2,
        3,
        2,
        0,
        2,
        1,
        3,
        3,
        2,
        2,
        0,
        2,
        3,
        1,
        3,
        3,
        1,
        2,
        1,
        2,
        3,
        2,
        1,
        3,
        1,
        1,
        2,
        2,
        2,
        0,
        1,
        3,
        3,
        2,
        0,
        3,
        2,
        2,
        2,
        2,
        2,
        2,
        0,
        2,
        0,
        1,
        2,
        3,
        2,
        2,
        0,
        2,
        0,
        0,
        2,
        3,
        2,
        0,
        0,
        2,
        1,
        2,
        2,
        2,
        3,
        3,
        1,
        2,
        2,
        0,
        3,
        1,
        1,
        0,
        1,
        3,
        2,
        2,
        2,
        0,
        2,
        3,
        2,
        0,
        1,
        3,
        0,
        0,
        2,
        0,
        2,
        2,
        2,
        2,
        2,
        2,
        4,
        3,
        3,
        0,
        3,
        1,
        2,
        2,
        2,
        1,
        1,
        2,
        2,
        2,
        1,
