{
    "with_labels": 1,
    "burn_in": 500,
    "thinning": 1,
    "runtime": 265.32241201400757,
    "healthy_ratio": 0.5,
    "max_log_likelihood": 3087.3651283355166,
    "kendalls_tau": 0.1553030303030303,
    "subtype_acc": 0.56739370886833,
    "n_subtypes": 4,
    "mean_stage_healthy": 0.04133333333333333,
    "ml_subtype": [
        3,
        1,
        1,
        3,
        3,
        1,
        1,
        1,
        1,
        3,
        1,
        1,
        1,
        1,
        1,
        3,
        3,
        3,
        1,
        3,
        3,
        3,
        3,
        3,
        3,
        3,
        3,
        1,
        1,
        3,
        1,
        3,
        3,
        3,
        3,
        1,
        3,
        1,
        3,
        3,
        3,
        1,
        3,
        1,
        3,
        1,
        3,
        1,
        1,
        1,
        3,
        3,
        3,
        3,
        1,
        1,
        1,
        1,
        1,
        1,
        1,
        1,
        1,
        3,
        1,
        1,
        3,
        3,
        3,
        1,
        1,
        1,
        1,
        3,
        3,
        3,
        1,
        1,
        1,
        3,
        1,
        3,
        1,
        1,
        1,
        1,
        3,
        1,
        3,
        3,
        1,
        3,
        1,
        1,
        3,
        3,
        1,
        3,
        1,
        3,
        3,
        1,
        3,
        1,
        1,
        1,
        1,
        3,
        3,
        1,
        1,
        1,
        1,
        3,
        1,
        1,
        1,
        1,
        3,
        3,
        3,
        1,
        3,
        1,
        3,
        3,
        1,
        3,
        3,
        1,
        1,
        3,
        3,
        1,
        3,
        1,
        3,
        1,
        1,
        1,
        3,
        1,
        1,
        3,
        3,
        3,
        3,
        1,
        1,
        3,
        1,
        3,
        1,
        3,
        1,
        3,
        1,
        3,
        3,
        3,
        1,
        1,
        3,
        0,
        1,
        1,
        1,
        1,
        1,
        1,
        1,
        1,
        2,
        1,
        1,
        1,
        1,
        1,
        1,
        1,
        3,
        1,
        1,
        3,
        1,
        3,
        3,
        3,
        1,
        1,
        1,
        1,
        1,
        1,
        1,
        1,
        3,
        1,
        3,
        1,
        2,
        3,
        1,
        1,
        1,
        1,
        1,
        1,
        1,
        1,
        1,
        1,
        3,
        3,
        3,
        1,
        3,
        1,
        1,
        1,
        3,
        3,
        1,
        3,
        1,
        3,
        1,
        1,
        1,
        1,
        3,
        2,
        1,
        1,
        2,
        1,
        3,
        1,
        1,
        3,
        2,
        1,
        1,
        1,
        3,
        1,
        3,
        1,
        3,
        2,
        1,
        1,
        3,
        3,
        1,
        3,
        3,
        1,
        1,
        3,
        1,
        3,
        3,
        1,
        3,
        1,
        1,
        1,
        3,
        1,
        1,
        3,
        1,
        3,
        3,
        1,
        1,
        1,
        3,
        3,
        3,
        3,
        3,
        1,
        3,
        1,
        1,
        1,
        1,
        1,
        1,
        1,
        3,
        3,
        1,
        1,
        3,
        1,
        1,
        3,
        1,
        1,
        1,
        1,
        1,
        2,
        3,
        1,
        1,
        2,
        1,
        1,
        3,
        1,
        3,
        3,
        3,
        1,
        1,
        1,
        1,
        1,
        1,
        1,
        3,
        1,
        1,
        3,
        3,
        2,
        1,
        3,
        1,
        1,
        3,
        3,
        3,
        1,
        1,
        1,
        1,
        1,
        1,
        1,
        3,
        1,
        1,
        1,
        1,
        3,
        3,
        3,
        1,
        1,
        1,
        1,
        1,
        3,
        3,
        1,
        1,
        1,
        3,
        1,
        3,
        1,
        3,
        1,
        1,
        1,
        1,
        3,
        1,
        3,
        1,
        3,
        3,
        1,
        1,
        3,
        1,
        3,
        1,
        1,
        1,
        1,
        1,
        1,
        1,
        1,
        3,
        3,
        3,
        3,
        1,
        1,
        3,
        3,
        1,
        1,
        3,
        3,
        1,
        1,
        3,
        3,
        1,
        1,
        3,
        1,
        1,
        1,
        1,
        1,
        1,
        1,
        1,
        3,
        3,
        1,
        3,
        3,
        1,
        2,
        1,
        1,
        1,
        3,
        3,
        1,
        1,
        3,
        1,
        1,
        1,
        1,
        1,
        3,
        3,
        1,
        3,
        3,
        3,
        1,
        3,
        1,
        3,
        1,
        3,
        2,
        1,
        3,
        3,
        1,
        2,
        1,
        1,
        3,
        1,
        3,
        3,
        1,
        3,
        1,
        1,
        3,
        1,
        3,
        3,
        2,
        1,
        1,
        3,
        1,
        1,
        1,
        1,
        1,
        2,
        3,
        3,
        3,
        3,
        3,
        1,
        3,
        3,
        3,
        1,
        3,
        1,
        1,
        1,
        3,
        1,
        3,
        1,
        3,
        1,
        1,
        1,
        1,
        3,
        1,
        3,
        3,
        1,
        3,
        2,
        3,
        1,
        1,
        1,
        1,
        1,
        1,
        1,
        1,
        1,
        1,
        1,
        3,
        1,
        3,
        3,
        1,
        1,
        3,
        1,
        3,
        3,
        3,
        1,
        1,
        3,
        1,
        1,
        1,
        3,
        1,
        1,
        1,
        1,
        2,
        3,
        1,
        3,
        3,
        1,
        3,
        1,
        1,
        3,
        1,
        3,
        1,
        1,
        1,
        3,
        1,
        3,
        1,
        3,
        3,
        3,
        1,
        1,
        3,
        1,
        1,
        1,
        1,
        3,
        1,
        1,
        1,
        3,
        3,
        1,
        1,
        1,
        1,
        1,
        3,
        1,
        3,
        3,
        3,
        1,
        1,
        3,
        1,
        1,
        3,
        3,
        1,
        1,
        3,
        3,
        1,
        3,
        1,
        3,
        1,
        1,
        1,
        3,
        1,
        0,
        3,
        3,
        1,
        3,
        1,
        1,
        1,
        3,
        3,
        1,
        1,
        3,
        3,
        3,
        1,
        3,
        1,
        1,
        3,
        3,
        2,
        3,
        1,
        1,
        3,
        1,
        3,
        3,
        1,
        3,
        3,
        1,
        1,
        1,
        3,
        1,
        1,
        3,
        1,
        0,
        0,
        1,
        1,
        3,
        0,
        1,
        2,
        1,
        1,
        3,
        1,
        0,
        0,
        1,
        1,
        1,
        1,
        1,
        3,
        1,
        1,
        1,
        1,
        2,
        1,
        0,
        1,
        1,
        1,
        0,
        1,
        2,
        1,
        1,
        1,
        1,
        0,
        0,
        1,
        0,
        1,
        1,
        1,
        1,
        0,
        0,
        1,
