{
    "with_labels": 1,
    "burn_in": 500,
    "thinning": 1,
    "runtime": 455.94084453582764,
    "healthy_ratio": 0.24883255503669113,
    "max_log_likelihood": -3257.425659700056,
    "kendalls_tau": 0.2454545454545455,
    "subtype_acc": 0.2862431617331607,
    "n_subtypes": 5,
    "mean_stage_healthy": 0.11796246648793565,
    "ml_subtype": [
        0,
        2,
        2,
        2,
        0,
        0,
        2,
        0,
        4,
        2,
        0,
        4,
        2,
        2,
        2,
        4,
        3,
        2,
        0,
        0,
        0,
        4,
        2,
        2,
        0,
        0,
        0,
        0,
        2,
        4,
        0,
        2,
        0,
        2,
        0,
        0,
        0,
        2,
        4,
        0,
        0,
        4,
        3,
        0,
        0,
        2,
        0,
        0,
        2,
        2,
        3,
        3,
        0,
        2,
        2,
        2,
        1,
        4,
        0,
        3,
        4,
        4,
        4,
        0,
        0,
        2,
        2,
        2,
        4,
        2,
        0,
        0,
        4,
        0,
        0,
        4,
        0,
        0,
        0,
        0,
        2,
        0,
        3,
        2,
        0,
        4,
        4,
        2,
        4,
        0,
        2,
        3,
        0,
        0,
        0,
        2,
        4,
        2,
        2,
        2,
        3,
        2,
        0,
        2,
        4,
        0,
        2,
        1,
        2,
        0,
        3,
        0,
        0,
        4,
        0,
        1,
        2,
        2,
        0,
        0,
        2,
        0,
        0,
        4,
        0,
        2,
        3,
        4,
        4,
        2,
        2,
        0,
        0,
        0,
        2,
        0,
        2,
        2,
        0,
        4,
        2,
        2,
        3,
        0,
        2,
        4,
        2,
        0,
        4,
        0,
        0,
        2,
        2,
        4,
        3,
        0,
        0,
        2,
        4,
        0,
        2,
        0,
        0,
        0,
        2,
        2,
        2,
        2,
        2,
        0,
        0,
        0,
        4,
        2,
        0,
        0,
        2,
        0,
        0,
        2,
        0,
        0,
        0,
        2,
        3,
        0,
        4,
        2,
        0,
        0,
        0,
        2,
        0,
        2,
        2,
        0,
        0,
        0,
        4,
        0,
        0,
        3,
        3,
        0,
        0,
        4,
        0,
        2,
        0,
        2,
        2,
        3,
        4,
        0,
        0,
        2,
        2,
        2,
        0,
        0,
        2,
        4,
        2,
        2,
        2,
        0,
        0,
        2,
        2,
        2,
        2,
        0,
        3,
        0,
        2,
        0,
        0,
        2,
        2,
        0,
        3,
        2,
        4,
        0,
        0,
        0,
        3,
        4,
        2,
        2,
        0,
        0,
        2,
        3,
        2,
        4,
        4,
        0,
        0,
        2,
        2,
        3,
        4,
        4,
        0,
        4,
        0,
        0,
        0,
        0,
        4,
        2,
        0,
        2,
        2,
        4,
        0,
        3,
        2,
        2,
        2,
        2,
        4,
        4,
        3,
        1,
        2,
        2,
        2,
        3,
        4,
        0,
        2,
        2,
        0,
        4,
        1,
        1,
        2,
        3,
        4,
        0,
        3,
        2,
        2,
        2,
        2,
        2,
        2,
        3,
        4,
        0,
        0,
        0,
        2,
        0,
        0,
        2,
        4,
        3,
        4,
        0,
        0,
        2,
        0,
        2,
        0,
        0,
        4,
        2,
        0,
        2,
        2,
        2,
        0,
        2,
        4,
        2,
        2,
        0,
        0,
        0,
        4,
        0,
        2,
        4,
        0,
        4,
        2,
        4,
        2,
        2,
        0,
        0,
        4,
        2,
        4,
        2,
        0,
        4,
        0,
        2,
        2,
        0,
        4,
        0,
        3,
        2,
        0,
        4,
        0,
        0,
        0,
        2,
        0,
        0,
        2,
        4,
        2,
        0,
        3,
        0,
        3,
        0,
        2,
        3,
        4,
        0,
        2,
        4,
        0,
        2,
        0,
        0,
        2,
        2,
        4,
        0,
        4,
        2,
        0,
        0,
        0,
        2,
        2,
        2,
        2,
        0,
        0,
        0,
        2,
        0,
        0,
        4,
        0,
        0,
        0,
        3,
        0,
        2,
        0,
        0,
        2,
        0,
        0,
        0,
        2,
        4,
        0,
        0,
        0,
        0,
        3,
        2,
        0,
        2,
        0,
        0,
        0,
        2,
        4,
        2,
        0,
        2,
        4,
        4,
        4,
        0,
        2,
        2,
        4,
        2,
        2,
        4,
        4,
        2,
        0,
        3,
        2,
        0,
        0,
        0,
        2,
        4,
        2,
        4,
        0,
        0,
        2,
        4,
        0,
        4,
        4,
        4,
        2,
        2,
        4,
        4,
        4,
        2,
        0,
        4,
        2,
        2,
        2,
        0,
        2,
        0,
        2,
        4,
        4,
        4,
        0,
        4,
        0,
        4,
        0,
        4,
        4,
        2,
        2,
        2,
        0,
        4,
        2,
        0,
        4,
        2,
        2,
        4,
        4,
        4,
        4,
        4,
        4,
        2,
        2,
        0,
        4,
        0,
        2,
        3,
        4,
        2,
        0,
        4,
        4,
        0,
        0,
        0,
        4,
        0,
        0,
        4,
        4,
        0,
        0,
        4,
        2,
        2,
        0,
        2,
        4,
        0,
        1,
        4,
        4,
        4,
        4,
        0,
        4,
        0,
        4,
        2,
        2,
        0,
        4,
        2,
        0,
        2,
        2,
        4,
        2,
        4,
        4,
        1,
        4,
        4,
        2,
        3,
        2,
        4,
        0,
        4,
        2,
        0,
        0,
        4,
        4,
        0,
        0,
        2,
        4,
        2,
        4,
        1,
        2,
        4,
        4,
        2,
        0,
        2,
        4,
        4,
        0,
        2,
        4,
        4,
        0,
        2,
        4,
        4,
        4,
        0,
        4,
        0,
        4,
        2,
        4,
        4,
        0,
        4,
        2,
        4,
        2,
        0,
        2,
        4,
        2,
        4,
        3,
        4,
        4,
        2,
        4,
        2,
        2,
        0,
        2,
        2,
        4,
        4,
        0,
        4,
        2,
        2,
        4,
        0,
        0,
        0,
        4,
        0,
        2,
        2,
        4,
        4,
        2,
        2,
        4,
        4,
        3,
        2,
        0,
        2,
        4,
        2,
        4,
        2,
        4,
        4,
        4,
        2,
        2,
        0,
        2,
        4,
        4,
        4,
        0,
        0,
        1,
        4,
        2,
        4,
        0,
        2,
        2,
        0,
        0,
        0,
        2,
        3,
        4,
        2,
        4,
        4,
        2,
        2,
        0,
        0,
        2,
        0,
        4,
        4,
        2,
