{
    "with_labels": 1,
    "burn_in": 500,
    "thinning": 1,
    "runtime": 89.84472727775574,
    "healthy_ratio": 0.24666666666666667,
    "max_log_likelihood": 301.80280770095766,
    "kendalls_tau": 0.3825757575757575,
    "subtype_acc": 0.4599820385856736,
    "n_subtypes": 4,
    "mean_stage_healthy": 1.7432432432432432,
    "ml_subtype": [
        1,
        1,
        1,
        1,
        1,
        3,
        1,
        1,
        1,
        2,
        1,
        1,
        1,
        1,
        3,
        1,
        1,
        3,
        1,
        1,
        1,
        1,
        1,
        1,
        1,
        3,
        1,
        1,
        1,
        3,
        3,
        3,
        3,
        3,
        1,
        1,
        1,
        1,
        1,
        1,
        2,
        1,
        1,
        1,
        1,
        3,
        1,
        1,
        3,
        3,
        1,
        1,
        1,
        1,
        1,
        1,
        3,
        1,
        3,
        3,
        1,
        1,
        1,
        2,
        1,
        1,
        1,
        1,
        1,
        1,
        3,
        1,
        1,
        1,
        3,
        1,
        3,
        3,
        3,
        3,
        3,
        1,
        3,
        3,
        3,
        3,
        2,
        3,
        3,
        3,
        2,
        3,
        3,
        3,
        3,
        3,
        3,
        3,
        3,
        3,
        3,
        1,
        3,
        3,
        1,
        3,
        1,
        3,
        3,
        3,
        3,
        3,
        3,
        3,
        3,
        3,
        3,
        2,
        3,
        3,
        3,
        3,
        2,
        3,
        3,
        3,
        3,
        3,
        3,
        3,
        3,
        3,
        3,
        3,
        2,
        3,
        1,
        3,
        3,
        3,
        1,
        3,
        3,
        3,
        3,
        3,
        3,
        3,
        3,
        2,
        3,
        3,
        3,
        3,
        3,
        3,
        3,
        3,
        1,
        3,
        3,
        3,
        3,
        3,
        3,
        3,
        3,
        2,
        3,
        3,
        3,
        3,
        3,
        3,
        3,
        2,
        3,
        3,
        3,
        3,
        3,
        3,
        3,
        3,
        3,
        3,
        3,
        3,
        3,
        3,
        3,
        3,
        3,
        3,
        3,
        3,
        3,
        3,
        3,
        3,
        3,
        3,
        3,
        3,
        3,
        3,
        3,
        2,
        3,
        3,
        3,
        3,
        3,
        3,
        3,
        3,
        3,
        3,
        3,
        3,
        1,
        3,
        3,
        3,
        3,
        3,
        3,
        3,
        3,
        3,
        3,
        3,
        3,
        3,
        3,
        3,
        2,
        3,
        3,
        3,
        3,
        3,
        2,
        3,
        3,
        3,
        2,
        3,
        3,
        3,
        3,
        2,
        2,
        2,
        1,
        3,
        2,
        2,
        2,
        2,
        3,
        3,
        2,
        2,
        3,
        1,
        3,
        2,
        2,
        3,
        3,
        2,
        2,
        2,
        3,
        3,
        3,
        2,
        2,
        3,
        2,
        2,
        2,
        2,
        3,
        3,
        2,
        2,
        2,
        2,
        3,
        2,
        3,
        2,
        3,
        2,
        2,
        3,
        2,
        3
    ]
}