{
    "with_labels": 1,
    "burn_in": 500,
    "thinning": 1,
    "runtime": 92.19942712783813,
    "healthy_ratio": 0.24333333333333335,
    "max_log_likelihood": -558.0080087826494,
    "kendalls_tau": 0.2803030303030303,
    "subtype_acc": 0.25681938238131946,
    "n_subtypes": 4,
    "mean_stage_healthy": 0.3698630136986301,
    "ml_subtype": [
        2,
        1,
        1,
        1,
        1,
        1,
        2,
        1,
        1,
        3,
        1,
        1,
        3,
        1,
        1,
        1,
        1,
        1,
        1,
        0,
        1,
        2,
        1,
        1,
        0,
        2,
        1,
        1,
        1,
        1,
        1,
        3,
        1,
        2,
        3,
        0,
        0,
        0,
        1,
        3,
        1,
        2,
        2,
        0,
        1,
        1,
        1,
        0,
        1,
        1,
        1,
        1,
        1,
        2,
        2,
        1,
        1,
        1,
        1,
        2,
        1,
        1,
        3,
        1,
        1,
        2,
        1,
        1,
        2,
        0,
        1,
        2,
        1,
        1,
        1,
        2,
        1,
        2,
        1,
        1,
        3,
        1,
        1,
        3,
        0,
        0,
        1,
        0,
        1,
        0,
        0,
        0,
        0,
        0,
        0,
        0,
        1,
        1,
        0,
        0,
        3,
        0,
        1,
        1,
        1,
        1,
        0,
        0,
        1,
        0,
        0,
        1,
        0,
        0,
        3,
        1,
        0,
        3,
        0,
        0,
        3,
        0,
        0,
        0,
        0,
        0,
        0,
        1,
        0,
        0,
        0,
        1,
        0,
        1,
        1,
        1,
        1,
        1,
        1,
        2,
        1,
        1,
        1,
        1,
        0,
        1,
        1,
        1,
        1,
        1,
        1,
        3,
        3,
        3,
        3,
        3,
        3,
        3,
        0,
        1,
        3,
        0,
        3,
        3,
        1,
        3,
        1,
        3,
        1,
        3,
        3,
        1,
        1,
        2,
        3,
        0,
        1,
        1,
        0,
        2,
        1,
        2,
        2,
        1,
        0,
        3,
        3,
        2,
        1,
        3,
        1,
        1,
        3,
        1,
        3,
        1,
        3,
        3,
        1,
        3,
        0,
        0,
        2,
        3,
        1,
        3,
        3,
        3,
        3,
        3,
        3,
        1,
        1,
        3,
        1,
        0,
        3,
        2,
        2,
        3,
        0,
        1,
        0,
        1,
        3,
        1,
        3,
        3,
        3,
        3,
        3,
        2,
        3,
        3,
        1,
        0,
        3,
        1,
        3,
        1,
        3,
        3,
        3,
        0,
        1,
        1,
        3,
        1,
        1,
        0,
        1,
        1,
        0,
        3,
        1,
        1,
        3,
        1,
        1,
        1,
        3,
        3,
        3,
        0,
        0,
        3,
        1,
        3,
        3,
        3,
        2,
        1,
        3,
        3,
        1,
        3,
        3,
        3,
        3,
        1,
        2,
        3,
        2,
        1,
        1,
        2,
        1,
        3,
        0,
        1,
        3,
        1,
        2,
        2,
        1,
        1,
        1,
        3,
        1,
        3
    ]
}