{
    "with_labels": 1,
    "burn_in": 500,
    "thinning": 1,
    "runtime": 90.3721604347229,
    "healthy_ratio": 0.24414715719063546,
    "max_log_likelihood": -821.6462704877273,
    "kendalls_tau": 0.3787878787878788,
    "subtype_acc": 0.07380809674434897,
    "n_subtypes": 5,
    "mean_stage_healthy": 0.0547945205479452,
    "ml_subtype": [
        4,
        2,
        2,
        4,
        4,
        1,
        3,
        3,
        1,
        3,
        2,
        1,
        2,
        2,
        4,
        1,
        2,
        3,
        1,
        2,
        2,
        3,
        1,
        4,
        1,
        4,
        2,
        4,
        2,
        4,
        1,
        1,
        1,
        2,
        4,
        4,
        4,
        2,
        2,
        1,
        2,
        1,
        3,
        3,
        1,
        2,
        2,
        4,
        4,
        4,
        4,
        2,
        2,
        1,
        4,
        4,
        0,
        1,
        2,
        2,
        4,
        1,
        4,
        2,
        4,
        4,
        4,
        0,
        1,
        4,
        2,
        4,
        4,
        2,
        4,
        1,
        4,
        4,
        4,
        4,
        1,
        1,
        4,
        4,
        4,
        1,
        1,
        2,
        2,
        4,
        4,
        1,
        2,
        4,
        4,
        4,
        0,
        0,
        4,
        4,
        4,
        4,
        4,
        0,
        0,
        4,
        4,
        0,
        3,
        0,
        1,
        4,
        0,
        1,
        0,
        4,
        4,
        2,
        4,
        1,
        2,
        4,
        1,
        4,
        0,
        0,
        0,
        4,
        4,
        2,
        4,
        4,
        4,
        4,
        0,
        4,
        0,
        1,
        3,
        1,
        4,
        0,
        4,
        3,
        4,
        3,
        4,
        4,
        4,
        4,
        4,
        4,
        1,
        4,
        4,
        4,
        1,
        4,
        4,
        4,
        0,
        4,
        1,
        2,
        0,
        4,
        4,
        4,
        4,
        3,
        4,
        4,
        3,
        4,
        4,
        2,
        4,
        2,
        2,
        4,
        4,
        3,
        0,
        4,
        4,
        4,
        0,
        4,
        3,
        4,
        0,
        4,
        4,
        4,
        4,
        4,
        3,
        3,
        4,
        1,
        0,
        4,
        3,
        3,
        0,
        0,
        3,
        4,
        4,
        4,
        4,
        4,
        0,
        4,
        3,
        4,
        4,
        4,
        0,
        0,
        4,
        1,
        4,
        4,
        0,
        4,
        1,
        4,
        4,
        2,
        4,
        1,
        4,
        2,
        4,
        4,
        3,
        1,
        4,
        1,
        4,
        4,
        3,
        2,
        1,
        4,
        4,
        3,
        4,
        0,
        4,
        3,
        0,
        4,
        4,
        4,
        3,
        4,
        4,
        4,
        4,
        4,
        3,
        4,
        4,
        4,
        3,
        4,
        2,
        4,
        4,
        1,
        4,
        4,
        4,
        1,
        4,
        4,
        4,
        4,
        3,
        4,
        4,
        0,
        4,
        3,
        3,
        4,
        0,
        0,
        3,
        4,
        0,
        3,
        4,
        0,
        3,
        2,
        4
    ]
}