{
    "with_labels": 1,
    "burn_in": 500,
    "thinning": 1,
    "runtime": 75.81260538101196,
    "healthy_ratio": 0.24666666666666667,
    "max_log_likelihood": 172.75841493874412,
    "kendalls_tau": 0.45454545454545453,
    "subtype_acc": 0.666217978720558,
    "n_subtypes": 4,
    "mean_stage_healthy": 0.24324324324324326,
    "ml_subtype": [
        1,
        2,
        3,
        1,
        1,
        3,
        1,
        3,
        1,
        3,
        3,
        3,
        3,
        1,
        3,
        1,
        1,
        1,
        3,
        1,
        3,
        1,
        1,
        1,
        3,
        1,
        3,
        1,
        1,
        3,
        1,
        1,
        1,
        1,
        3,
        1,
        1,
        1,
        1,
        1,
        3,
        3,
        3,
        3,
        3,
        1,
        1,
        3,
        3,
        3,
        3,
        1,
        1,
        3,
        3,
        3,
        1,
        3,
        3,
        3,
        3,
        3,
        3,
        3,
        3,
        3,
        1,
        3,
        3,
        3,
        3,
        3,
        3,
        3,
        1,
        3,
        3,
        1,
        3,
        3,
        3,
        3,
        3,
        3,
        1,
        3,
        3,
        3,
        3,
        1,
        3,
        3,
        3,
        3,
        1,
        3,
        1,
        3,
        3,
        3,
        3,
        3,
        1,
        3,
        3,
        3,
        3,
        3,
        3,
        1,
        1,
        3,
        3,
        3,
        3,
        3,
        1,
        3,
        3,
        3,
        1,
        1,
        1,
        3,
        3,
        3,
        3,
        2,
        2,
        2,
        1,
        1,
        2,
        2,
        2,
        2,
        1,
        3,
        3,
        1,
        1,
        2,
        1,
        2,
        2,
        2,
        2,
        2,
        2,
        2,
        2,
        1,
        2,
        2,
        2,
        2,
        2,
        1,
        1,
        2,
        2,
        2,
        2,
        2,
        2,
        2,
        2,
        1,
        2,
        1,
        2,
        2,
        1,
        2,
        2,
        3,
        2,
        2,
        2,
        1,
        2,
        2,
        2,
        2,
        2,
        1,
        2,
        1,
        2,
        2,
        2,
        2,
        2,
        2,
        2,
        1,
        1,
        2,
        1,
        1,
        1,
        1,
        1,
        1,
        1,
        1,
        1,
        1,
        3,
        1,
        1,
        1,
        1,
        1,
        1,
        1,
        1,
        1,
        1,
        1,
        1,
        1,
        1,
        1,
        1,
        3,
        1,
        1,
        2,
        1,
        1,
        1,
        1,
        1,
        1,
        1,
        1,
        1,
        1,
        1,
        1,
        1,
        1,
        1,
        1,
        1,
        3,
        1,
        1,
        1,
        1,
        1,
        1,
        2,
        1,
        1,
        1,
        1,
        1,
        1,
        1,
        1,
        1,
        1,
        1,
        1,
        1,
        1,
        1,
        1,
        1,
        1,
        1,
        1,
        1,
        1,
        1,
        2,
        1,
        1,
        1,
        1,
        1,
        1,
        1,
        1,
        1,
        1,
        1,
        1,
        1,
        1,
        1,
        1,
        1,
        1,
        1,
        1,
        1,
        1
    ]
}