{
    "with_labels": 1,
    "burn_in": 500,
    "thinning": 1,
    "runtime": 98.0843997001648,
    "healthy_ratio": 0.24666666666666667,
    "max_log_likelihood": -611.9922590149741,
    "kendalls_tau": 0.27272727272727276,
    "subtype_acc": 0.0031231095643360954,
    "n_subtypes": 3,
    "mean_stage_healthy": 0.918918918918919,
    "ml_subtype": [
        1,
        1,
        2,
        1,
        1,
        1,
        1,
        0,
        1,
        1,
        2,
        1,
        1,
        1,
        1,
        1,
        1,
        0,
        1,
        2,
        1,
        1,
        1,
        1,
        0,
        1,
        1,
        0,
        1,
        0,
        2,
        1,
        1,
        1,
        1,
        1,
        1,
        1,
        1,
        1,
        2,
        1,
        1,
        0,
        1,
        1,
        0,
        1,
        2,
        1,
        0,
        1,
        1,
        2,
        1,
        1,
        1,
        1,
        0,
        1,
        0,
        1,
        1,
        1,
        0,
        0,
        1,
        1,
        1,
        1,
        1,
        1,
        1,
        0,
        0,
        0,
        0,
        0,
        2,
        1,
        1,
        1,
        0,
        1,
        1,
        1,
        1,
        1,
        1,
        1,
        1,
        1,
        1,
        1,
        2,
        0,
        0,
        0,
        0,
        1,
        1,
        0,
        1,
        0,
        1,
        0,
        1,
        1,
        1,
        1,
        1,
        1,
        2,
        1,
        1,
        0,
        0,
        1,
        1,
        1,
        1,
        2,
        1,
        1,
        1,
        0,
        1,
        0,
        1,
        1,
        0,
        0,
        1,
        1,
        0,
        1,
        1,
        0,
        1,
        0,
        1,
        2,
        0,
        1,
        0,
        0,
        2,
        2,
        0,
        2,
        1,
        0,
        1,
        1,
        0,
        0,
        1,
        1,
        1,
        1,
        1,
        0,
        0,
        0,
        1,
        1,
        1,
        2,
        0,
        1,
        2,
        1,
        1,
        1,
        1,
        0,
        0,
        1,
        1,
        0,
        1,
        1,
        2,
        0,
        1,
        0,
        0,
        0,
        1,
        1,
        1,
        1,
        1,
        1,
        0,
        2,
        0,
        2,
        1,
        1,
        2,
        1,
        0,
        1,
        0,
        0,
        0,
        1,
        0,
        1,
        1,
        1,
        1,
        0,
        1,
        1,
        1,
        1,
        1,
        1,
        1,
        1,
        1,
        1,
        1,
        1,
        1,
        1,
        1,
        1,
        2,
        1,
        2,
        2,
        1,
        1,
        1,
        1,
        2,
        1,
        2,
        2,
        0,
        1,
        1,
        1,
        1,
        1,
        1,
        1,
        1,
        1,
        1,
        1,
        1,
        1,
        1,
        1,
        1,
        1,
        1,
        1,
        1,
        1,
        1,
        1,
        1,
        1,
        1,
        2,
        1,
        1,
        1,
        2,
        1,
        1,
        1,
        0,
        1,
        1,
        0,
        2,
        0,
        1,
        2,
        1,
        1,
        1,
        1,
        2,
        1,
        1,
        1,
        2,
        1,
        1,
        2,
        1,
        0,
        2
    ]
}