{
    "with_labels": 1,
    "burn_in": 500,
    "thinning": 1,
    "runtime": 64.8774061203003,
    "healthy_ratio": 0.5,
    "max_log_likelihood": 550.1959207181849,
    "kendalls_tau": 0.26666666666666666,
    "subtype_acc": 0.14986702848387323,
    "n_subtypes": 5,
    "mean_stage_healthy": 0.0,
    "ml_subtype": [
        3,
        4,
        4,
        4,
        4,
        4,
        3,
        4,
        4,
        4,
        4,
        4,
        4,
        3,
        4,
        4,
        3,
        4,
        4,
        4,
        4,
        3,
        3,
        4,
        4,
        0,
        4,
        4,
        4,
        3,
        4,
        3,
        1,
        2,
        4,
        1,
        1,
        4,
        1,
        1,
        3,
        4,
        4,
        3,
        4,
        1,
        3,
        1,
        0,
        4,
        4,
        4,
        4,
        4,
        4,
        4,
        4,
        1,
        4,
        4,
        2,
        4,
        4,
        4,
        1,
        1,
        0,
        4,
        1,
        1,
        2,
        3,
        4,
        4,
        4,
        3,
        3,
        4,
        4,
        4,
        4,
        4,
        4,
        3,
        2,
        4,
        4,
        4,
        1,
        3,
        4,
        4,
        0,
        4,
        1,
        4,
        4,
        3,
        3,
        2,
        3,
        4,
        4,
        3,
        4,
        3,
        4,
        3,
        4,
        3,
        3,
        1,
        1,
        4,
        4,
        4,
        2,
        3,
        4,
        0,
        4,
        0,
        2,
        4,
        2,
        1,
        4,
        3,
        0,
        4,
        4,
        4,
        1,
        4,
        4,
        4,
        4,
        4,
        4,
        4,
        4,
        4,
        4,
        3,
        4,
        4,
        4,
        4,
        4,
        1,
        1,
        4,
        4,
        2,
        3,
        3,
        4,
        4,
        3,
        4,
        3,
        3,
        4,
        2,
        4,
        4,
        3,
        4,
        4,
        4,
        4,
        4,
        4,
        0,
        4,
        4,
        4,
        2,
        3,
        4,
        3,
        4,
        4,
        4,
        3,
        4,
        4,
        4,
        4,
        3,
        4,
        4,
        4,
        2,
        4,
        4,
        4,
        4,
        4,
        3,
        4,
        4,
        4,
        4,
        4,
        4,
        4,
        4,
        4,
        1,
        4,
        4,
        4,
        4,
        0,
        4,
        4,
        4,
        4,
        4,
        4,
        4,
        4,
        4,
        2,
        4,
        4,
        4,
        0,
        4,
        2,
        2,
        2,
        4,
        4,
        4,
        4,
        4,
        2,
        0,
        4,
        4,
        0,
        4,
        4,
        0,
        4,
        4,
        4,
        4,
        4,
        2,
        2,
        4,
        4,
        0,
        4,
        4,
        4,
        2,
        2,
        4,
        4,
        4,
        2,
        4,
        4,
        0,
        2,
        4,
        4,
        2,
        2,
        4,
        2,
        4,
        2,
        4,
        4,
        4,
        2,
        4,
        2,
        4,
        4,
        1,
        4,
        4,
        4,
        4,
        2,
        2,
        1,
        4,
        2,
        4,
        2,
        4,
        4,
        4
    ]
}