{
    "with_labels": 1,
    "burn_in": 500,
    "thinning": 1,
    "runtime": 58.42094802856445,
    "healthy_ratio": 0.5,
    "max_log_likelihood": -131.1350077672566,
    "kendalls_tau": 0.24242424242424243,
    "subtype_acc": 0.1995164570451303,
    "n_subtypes": 4,
    "mean_stage_healthy": 0.13333333333333333,
    "ml_subtype": [
        3,
        3,
        3,
        0,
        3,
        3,
        3,
        3,
        2,
        3,
        0,
        3,
        2,
        0,
        0,
        3,
        0,
        3,
        0,
        0,
        2,
        3,
        3,
        1,
        3,
        3,
        3,
        3,
        3,
        3,
        0,
        1,
        3,
        3,
        0,
        2,
        3,
        0,
        0,
        1,
        0,
        2,
        0,
        2,
        0,
        3,
        0,
        3,
        3,
        0,
        3,
        0,
        3,
        3,
        3,
        3,
        0,
        3,
        3,
        3,
        3,
        3,
        3,
        2,
        3,
        2,
        3,
        3,
        3,
        2,
        3,
        0,
        2,
        3,
        3,
        3,
        2,
        0,
        3,
        3,
        3,
        2,
        3,
        3,
        2,
        2,
        2,
        3,
        3,
        3,
        2,
        3,
        3,
        2,
        2,
        2,
        3,
        3,
        3,
        3,
        3,
        3,
        3,
        3,
        2,
        3,
        2,
        2,
        3,
        3,
        3,
        0,
        3,
        3,
        3,
        3,
        3,
        3,
        2,
        3,
        3,
        3,
        3,
        3,
        3,
        3,
        3,
        3,
        3,
        3,
        3,
        3,
        3,
        3,
        2,
        3,
        2,
        3,
        3,
        3,
        2,
        3,
        3,
        3,
        0,
        3,
        2,
        2,
        2,
        2,
        2,
        3,
        3,
        3,
        3,
        3,
        3,
        2,
        2,
        2,
        3,
        3,
        3,
        2,
        3,
        3,
        3,
        3,
        3,
        3,
        3,
        3,
        3,
        2,
        2,
        3,
        2,
        2,
        0,
        3,
        3,
        2,
        3,
        3,
        3,
        3,
        3,
        3,
        3,
        3,
        2,
        2,
        3,
        3,
        2,
        2,
        2,
        0,
        2,
        3,
        3,
        3,
        2,
        3,
        3,
        3,
        3,
        2,
        3,
        2,
        3,
        3,
        3,
        3,
        3,
        3,
        3,
        3,
        3,
        3,
        3,
        3,
        2,
        3,
        3,
        3,
        3,
        0,
        0,
        3,
        3,
        3,
        0,
        3,
        0,
        3,
        0,
        0,
        3,
        0,
        3,
        0,
        0,
        2,
        0,
        3,
        3,
        0,
        3,
        3,
        3,
        3,
        0,
        3,
        0,
        3,
        3,
        0,
        0,
        3,
        3,
        0,
        3,
        3,
        3,
        0,
        3,
        0,
        0,
        0,
        0,
        0,
        3,
        0,
        0,
        3,
        0,
        1,
        3,
        3,
        0,
        3,
        0,
        0,
        3,
        0,
        3,
        3,
        3,
        3,
        3,
        3,
        3,
        3,
        2,
        3,
        0,
        3,
        3,
        3
    ]
}