{
    "with_labels": 1,
    "burn_in": 500,
    "thinning": 1,
    "runtime": 65.63198328018188,
    "healthy_ratio": 0.5,
    "max_log_likelihood": -373.5944011059436,
    "kendalls_tau": 0.3303030303030303,
    "subtype_acc": 0.11780372327343036,
    "n_subtypes": 5,
    "mean_stage_healthy": 0.06,
    "ml_subtype": [
        1,
        1,
        2,
        2,
        1,
        2,
        4,
        2,
        2,
        2,
        1,
        2,
        2,
        1,
        1,
        3,
        1,
        2,
        1,
        1,
        2,
        1,
        1,
        1,
        1,
        1,
        1,
        1,
        4,
        4,
        1,
        1,
        1,
        4,
        1,
        1,
        1,
        1,
        1,
        1,
        1,
        4,
        4,
        4,
        4,
        2,
        1,
        4,
        4,
        4,
        1,
        1,
        1,
        3,
        1,
        1,
        3,
        1,
        0,
        1,
        1,
        0,
        2,
        1,
        0,
        0,
        1,
        0,
        1,
        1,
        1,
        1,
        1,
        1,
        1,
        1,
        1,
        1,
        1,
        1,
        1,
        1,
        1,
        1,
        1,
        1,
        3,
        2,
        1,
        3,
        1,
        1,
        1,
        3,
        1,
        1,
        1,
        1,
        3,
        1,
        1,
        1,
        1,
        3,
        2,
        3,
        3,
        0,
        2,
        3,
        1,
        1,
        3,
        4,
        3,
        2,
        1,
        1,
        1,
        3,
        3,
        1,
        1,
        1,
        1,
        1,
        1,
        1,
        1,
        3,
        3,
        2,
        1,
        1,
        1,
        1,
        3,
        1,
        4,
        1,
        1,
        1,
        1,
        1,
        2,
        1,
        3,
        4,
        1,
        1,
        1,
        1,
        1,
        3,
        1,
        1,
        1,
        1,
        1,
        1,
        1,
        3,
        1,
        0,
        1,
        1,
        1,
        3,
        1,
        3,
        1,
        3,
        1,
        4,
        2,
        1,
        1,
        2,
        1,
        3,
        1,
        1,
        3,
        1,
        1,
        1,
        3,
        1,
        1,
        3,
        1,
        1,
        1,
        1,
        1,
        3,
        1,
        2,
        3,
        2,
        1,
        1,
        2,
        1,
        1,
        3,
        1,
        1,
        3,
        1,
        1,
        3,
        1,
        1,
        1,
        3,
        1,
        1,
        1,
        1,
        1,
        1,
        3,
        4,
        0,
        1,
        1,
        1,
        1,
        1,
        1,
        4,
        3,
        1,
        1,
        4,
        4,
        1,
        1,
        3,
        1,
        3,
        1,
        4,
        3,
        3,
        0,
        1,
        1,
        1,
        1,
        1,
        1,
        1,
        1,
        4,
        1,
        1,
        1,
        4,
        4,
        3,
        3,
        1,
        1,
        2,
        1,
        1,
        1,
        3,
        3,
        0,
        1,
        1,
        1,
        1,
        3,
        3,
        1,
        1,
        2,
        1,
        1,
        1,
        0,
        4,
        1,
        1,
        1,
        1,
        1,
        1,
        3,
        1,
        1,
        1,
        3,
        1,
        1,
        1
    ]
}