{
    "with_labels": 1,
    "burn_in": 500,
    "thinning": 1,
    "runtime": 52.667640686035156,
    "healthy_ratio": 0.5,
    "max_log_likelihood": -384.6379987193419,
    "kendalls_tau": 0.2828282828282828,
    "subtype_acc": 0.014170085565076533,
    "n_subtypes": 3,
    "mean_stage_healthy": 0.18666666666666668,
    "ml_subtype": [
        0,
        2,
        0,
        0,
        0,
        0,
        0,
        2,
        0,
        2,
        0,
        0,
        2,
        0,
        1,
        2,
        0,
        0,
        0,
        0,
        0,
        0,
        0,
        2,
        0,
        0,
        0,
        0,
        2,
        0,
        0,
        0,
        0,
        0,
        0,
        0,
        2,
        0,
        2,
        0,
        0,
        0,
        0,
        0,
        0,
        2,
        0,
        0,
        0,
        2,
        0,
        0,
        2,
        0,
        0,
        0,
        0,
        0,
        2,
        0,
        0,
        0,
        0,
        2,
        2,
        0,
        2,
        0,
        0,
        0,
        0,
        0,
        0,
        1,
        1,
        0,
        0,
        1,
        0,
        0,
        2,
        0,
        0,
        0,
        0,
        0,
        2,
        0,
        0,
        0,
        1,
        0,
        0,
        0,
        0,
        1,
        0,
        0,
        0,
        0,
        0,
        0,
        0,
        0,
        0,
        0,
        0,
        0,
        1,
        2,
        0,
        0,
        0,
        0,
        1,
        0,
        2,
        0,
        0,
        0,
        0,
        0,
        1,
        0,
        2,
        0,
        0,
        0,
        0,
        0,
        0,
        0,
        1,
        0,
        2,
        2,
        0,
        0,
        2,
        0,
        1,
        0,
        0,
        0,
        0,
        0,
        0,
        2,
        1,
        0,
        0,
        1,
        2,
        1,
        2,
        0,
        0,
        2,
        1,
        0,
        1,
        0,
        1,
        0,
        0,
        0,
        0,
        2,
        2,
        0,
        0,
        0,
        0,
        0,
        0,
        0,
        2,
        0,
        0,
        0,
        0,
        1,
        1,
        0,
        1,
        2,
        0,
        0,
        0,
        0,
        2,
        1,
        0,
        0,
        0,
        0,
        0,
        2,
        1,
        0,
        1,
        2,
        0,
        1,
        0,
        0,
        0,
        0,
        0,
        2,
        2,
        0,
        0,
        1,
        0,
        1,
        0,
        0,
        0,
        2,
        2,
        2,
        0,
        2,
        0,
        0,
        0,
        0,
        0,
        0,
        0,
        0,
        0,
        0,
        2,
        0,
        2,
        0,
        2,
        0,
        0,
        0,
        0,
        0,
        0,
        0,
        0,
        0,
        2,
        2,
        0,
        2,
        0,
        0,
        0,
        0,
        0,
        0,
        0,
        0,
        2,
        0,
        0,
        0,
        2,
        2,
        2,
        0,
        2,
        0,
        0,
        2,
        0,
        0,
        1,
        0,
        2,
        0,
        0,
        2,
        1,
        0,
        0,
        0,
        0,
        0,
        0,
        2,
        0,
        0,
        0,
        0,
        0,
        0,
        0,
        0,
        2,
        0,
        0,
        0
    ]
}