{
    "with_labels": 1,
    "burn_in": 500,
    "thinning": 1,
    "runtime": 65.91007566452026,
    "healthy_ratio": 0.24666666666666667,
    "max_log_likelihood": 328.2896752587779,
    "kendalls_tau": 0.18686868686868685,
    "subtype_acc": 0.28957259122593215,
    "n_subtypes": 3,
    "mean_stage_healthy": 1.1486486486486487,
    "ml_subtype": [
        0,
        0,
        0,
        0,
        0,
        0,
        0,
        1,
        0,
        0,
        0,
        0,
        0,
        0,
        0,
        0,
        0,
        0,
        0,
        0,
        2,
        0,
        0,
        2,
        0,
        0,
        0,
        0,
        1,
        0,
        0,
        0,
        0,
        0,
        0,
        0,
        0,
        0,
        0,
        0,
        0,
        0,
        0,
        0,
        0,
        0,
        0,
        0,
        0,
        0,
        0,
        0,
        0,
        0,
        0,
        0,
        0,
        0,
        0,
        0,
        0,
        0,
        0,
        2,
        0,
        0,
        0,
        0,
        2,
        0,
        0,
        0,
        0,
        0,
        0,
        0,
        0,
        0,
        0,
        0,
        0,
        0,
        0,
        0,
        0,
        0,
        0,
        0,
        0,
        0,
        0,
        0,
        0,
        0,
        0,
        0,
        0,
        0,
        0,
        2,
        0,
        0,
        0,
        0,
        0,
        0,
        0,
        0,
        0,
        0,
        0,
        2,
        1,
        1,
        1,
        1,
        0,
        1,
        0,
        2,
        1,
        0,
        0,
        2,
        0,
        0,
        1,
        1,
        1,
        1,
        0,
        0,
        2,
        0,
        1,
        2,
        0,
        2,
        0,
        0,
        2,
        0,
        0,
        2,
        0,
        0,
        0,
        2,
        0,
        0,
        2,
        1,
        2,
        0,
        0,
        0,
        0,
        1,
        0,
        2,
        0,
        0,
        0,
        0,
        1,
        2,
        0,
        0,
        0,
        0,
        2,
        1,
        1,
        0,
        0,
        0,
        0,
        0,
        0,
        2,
        0,
        2,
        1,
        1,
        2,
        0,
        2,
        0,
        1,
        0,
        1,
        2,
        0,
        0,
        0,
        2,
        0,
        0,
        0,
        0,
        0,
        2,
        0,
        0,
        1,
        0,
        0,
        0,
        0,
        2,
        2,
        1,
        2,
        2,
        2,
        2,
        2,
        0,
        0,
        2,
        2,
        2,
        2,
        2,
        2,
        2,
        0,
        2,
        2,
        0,
        2,
        0,
        2,
        2,
        2,
        2,
        0,
        0,
        2,
        2,
        0,
        0,
        2,
        2,
        2,
        2,
        2,
        2,
        0,
        2,
        0,
        2,
        2,
        2,
        0,
        2,
        2,
        2,
        0,
        0,
        0,
        2,
        0,
        1,
        2,
        1,
        0,
        2,
        1,
        2,
        0,
        2,
        0,
        2,
        2,
        0,
        2,
        2,
        2,
        2,
        2,
        0,
        1,
        0,
        0,
        0,
        0,
        2,
        2,
        2,
        0,
        2,
        0,
        0,
        1,
        2,
        0,
        2,
        0,
        0
    ]
}