{
    "with_labels": 1,
    "burn_in": 500,
    "thinning": 1,
    "runtime": 135.30952882766724,
    "healthy_ratio": 0.24666666666666667,
    "max_log_likelihood": 253.77093546438365,
    "kendalls_tau": 0.196969696969697,
    "subtype_acc": 0.15458452319786326,
    "n_subtypes": 3,
    "mean_stage_healthy": 0.0945945945945946,
    "ml_subtype": [
        1,
        0,
        1,
        0,
        1,
        1,
        0,
        0,
        1,
        0,
        1,
        1,
        1,
        0,
        1,
        1,
        1,
        0,
        1,
        1,
        1,
        1,
        1,
        0,
        2,
        1,
        1,
        1,
        1,
        1,
        0,
        0,
        0,
        1,
        0,
        0,
        0,
        1,
        0,
        1,
        1,
        1,
        1,
        1,
        0,
        1,
        0,
        1,
        0,
        1,
        1,
        0,
        1,
        1,
        0,
        1,
        1,
        1,
        0,
        1,
        1,
        1,
        1,
        1,
        1,
        0,
        0,
        1,
        1,
        1,
        1,
        0,
        1,
        1,
        0,
        1,
        0,
        0,
        0,
        1,
        1,
        1,
        1,
        0,
        0,
        1,
        1,
        2,
        1,
        0,
        1,
        1,
        1,
        1,
        1,
        0,
        0,
        0,
        1,
        1,
        0,
        0,
        1,
        1,
        1,
        1,
        1,
        1,
        0,
        1,
        1,
        2,
        2,
        2,
        2,
        1,
        0,
        1,
        1,
        2,
        1,
        2,
        2,
        1,
        0,
        0,
        2,
        2,
        1,
        0,
        1,
        1,
        0,
        2,
        2,
        0,
        2,
        0,
        1,
        0,
        2,
        2,
        2,
        0,
        2,
        1,
        2,
        1,
        0,
        1,
        1,
        1,
        1,
        0,
        2,
        0,
        1,
        0,
        2,
        2,
        2,
        1,
        2,
        0,
        2,
        2,
        1,
        0,
        2,
        1,
        0,
        2,
        2,
        2,
        2,
        2,
        2,
        1,
        0,
        1,
        0,
        1,
        1,
        2,
        0,
        1,
        1,
        2,
        2,
        2,
        0,
        1,
        2,
        0,
        1,
        2,
        1,
        1,
        1,
        2,
        1,
        1,
        0,
        1,
        1,
        0,
        0,
        1,
        0,
        2,
        1,
        0,
        0,
        0,
        1,
        1,
        1,
        2,
        2,
        2,
        1,
        2,
        1,
        0,
        1,
        1,
        2,
        1,
        2,
        0,
        0,
        0,
        1,
        0,
        0,
        0,
        0,
        0,
        0,
        0,
        0,
        0,
        0,
        1,
        0,
        2,
        1,
        1,
        1,
        1,
        0,
        0,
        1,
        1,
        0,
        0,
        1,
        2,
        0,
        2,
        1,
        1,
        1,
        2,
        0,
        0,
        0,
        0,
        0,
        0,
        0,
        0,
        0,
        1,
        1,
        0,
        0,
        0,
        0,
        0,
        1,
        0,
        0,
        0,
        0,
        0,
        2,
        0,
        0,
        0,
        0,
        1,
        2,
        0,
        0,
        1,
        0,
        0,
        0,
        0
    ]
}