{
    "with_labels": 1,
    "burn_in": 500,
    "thinning": 1,
    "runtime": 115.64853119850159,
    "healthy_ratio": 0.24414715719063546,
    "max_log_likelihood": 245.76947562376048,
    "kendalls_tau": 0.3,
    "subtype_acc": 0.14926296909844253,
    "n_subtypes": 5,
    "mean_stage_healthy": 0.0410958904109589,
    "ml_subtype": [
        3,
        3,
        3,
        3,
        3,
        3,
        3,
        3,
        3,
        3,
        3,
        3,
        3,
        3,
        4,
        3,
        3,
        3,
        4,
        3,
        3,
        3,
        4,
        3,
        1,
        3,
        3,
        3,
        3,
        3,
        3,
        3,
        3,
        3,
        3,
        3,
        3,
        3,
        3,
        3,
        3,
        3,
        3,
        3,
        2,
        3,
        0,
        4,
        4,
        0,
        3,
        3,
        3,
        4,
        0,
        1,
        3,
        4,
        3,
        3,
        3,
        2,
        3,
        3,
        0,
        3,
        1,
        3,
        3,
        3,
        0,
        4,
        4,
        3,
        4,
        0,
        3,
        3,
        0,
        4,
        0,
        1,
        4,
        3,
        1,
        0,
        4,
        3,
        3,
        0,
        0,
        3,
        0,
        4,
        4,
        4,
        3,
        3,
        3,
        3,
        4,
        4,
        4,
        3,
        3,
        3,
        3,
        4,
        3,
        3,
        3,
        3,
        4,
        4,
        3,
        4,
        4,
        3,
        4,
        3,
        0,
        3,
        4,
        3,
        4,
        3,
        4,
        4,
        4,
        4,
        3,
        4,
        3,
        4,
        4,
        4,
        4,
        3,
        4,
        3,
        0,
        3,
        3,
        3,
        4,
        4,
        3,
        4,
        4,
        3,
        4,
        3,
        3,
        3,
        4,
        3,
        3,
        4,
        3,
        4,
        3,
        4,
        4,
        3,
        3,
        1,
        3,
        3,
        1,
        1,
        4,
        3,
        1,
        3,
        4,
        4,
        1,
        0,
        4,
        3,
        1,
        1,
        1,
        1,
        3,
        4,
        1,
        1,
        4,
        4,
        1,
        3,
        3,
        4,
        3,
        1,
        1,
        1,
        3,
        3,
        3,
        3,
        1,
        3,
        4,
        3,
        3,
        1,
        0,
        1,
        4,
        3,
        4,
        1,
        1,
        4,
        4,
        3,
        4,
        3,
        1,
        1,
        3,
        3,
        3,
        2,
        3,
        4,
        3,
        3,
        3,
        3,
        3,
        3,
        4,
        3,
        3,
        3,
        4,
        3,
        3,
        3,
        3,
        2,
        3,
        3,
        3,
        0,
        2,
        4,
        3,
        3,
        3,
        3,
        3,
        3,
        3,
        1,
        3,
        4,
        3,
        3,
        3,
        3,
        2,
        3,
        2,
        3,
        3,
        3,
        3,
        3,
        3,
        3,
        3,
        4,
        3,
        3,
        4,
        4,
        3,
        4,
        3,
        3,
        3,
        3,
        3,
        3,
        3,
        1,
        3,
        3,
        3,
        3,
        4,
        3,
        3,
        3,
        3
    ]
}