{
    "with_labels": 1,
    "burn_in": 500,
    "thinning": 1,
    "runtime": 59.361069679260254,
    "healthy_ratio": 0.5,
    "max_log_likelihood": 727.5797951301819,
    "kendalls_tau": 0.29924242424242425,
    "subtype_acc": 0.23497265079821222,
    "n_subtypes": 4,
    "mean_stage_healthy": 0.02,
    "ml_subtype": [
        2,
        2,
        1,
        2,
        2,
        2,
        2,
        2,
        2,
        2,
        2,
        1,
        1,
        1,
        2,
        2,
        2,
        2,
        2,
        2,
        1,
        1,
        2,
        2,
        2,
        2,
        2,
        1,
        2,
        2,
        2,
        1,
        1,
        2,
        2,
        1,
        2,
        2,
        2,
        2,
        1,
        2,
        2,
        2,
        2,
        1,
        2,
        2,
        2,
        2,
        3,
        2,
        1,
        2,
        1,
        3,
        2,
        2,
        1,
        2,
        2,
        1,
        2,
        2,
        2,
        2,
        1,
        1,
        2,
        3,
        3,
        1,
        2,
        2,
        1,
        2,
        1,
        1,
        2,
        1,
        2,
        2,
        2,
        2,
        1,
        1,
        1,
        1,
        1,
        2,
        2,
        1,
        2,
        1,
        2,
        1,
        2,
        2,
        2,
        2,
        3,
        1,
        1,
        3,
        1,
        1,
        3,
        2,
        2,
        1,
        1,
        1,
        1,
        2,
        2,
        1,
        1,
        1,
        2,
        3,
        1,
        2,
        2,
        2,
        2,
        2,
        2,
        2,
        2,
        1,
        1,
        2,
        2,
        3,
        2,
        2,
        2,
        2,
        1,
        2,
        1,
        2,
        1,
        2,
        2,
        2,
        2,
        2,
        2,
        2,
        1,
        1,
        2,
        2,
        2,
        1,
        2,
        2,
        2,
        2,
        2,
        1,
        2,
        2,
        3,
        3,
        2,
        2,
        3,
        1,
        2,
        2,
        2,
        1,
        2,
        2,
        3,
        2,
        2,
        1,
        2,
        2,
        2,
        1,
        1,
        2,
        2,
        2,
        1,
        2,
        2,
        3,
        2,
        2,
        2,
        3,
        2,
        2,
        2,
        0,
        2,
        2,
        2,
        0,
        2,
        2,
        2,
        2,
        2,
        2,
        2,
        2,
        0,
        0,
        3,
        0,
        0,
        0,
        2,
        0,
        2,
        2,
        2,
        2,
        2,
        0,
        0,
        2,
        2,
        0,
        2,
        2,
        2,
        2,
        2,
        2,
        2,
        2,
        2,
        2,
        2,
        2,
        2,
        0,
        0,
        2,
        2,
        1,
        2,
        2,
        3,
        2,
        2,
        0,
        0,
        2,
        0,
        2,
        2,
        2,
        2,
        2,
        2,
        2,
        3,
        2,
        2,
        2,
        0,
        2,
        2,
        2,
        3,
        2,
        2,
        3,
        2,
        2,
        2,
        2,
        2,
        0,
        2,
        0,
        3,
        2,
        3,
        2,
        0,
        3,
        2,
        3,
        3,
        3,
        2,
        2,
        3,
        2,
        2,
        0
    ]
}