{
    "with_labels": 1,
    "burn_in": 500,
    "thinning": 1,
    "runtime": 75.09932661056519,
    "healthy_ratio": 0.24666666666666667,
    "max_log_likelihood": 394.0430487624472,
    "kendalls_tau": 0.4545454545454546,
    "subtype_acc": 0.3999888534825403,
    "n_subtypes": 4,
    "mean_stage_healthy": 1.0,
    "ml_subtype": [
        3,
        3,
        2,
        2,
        2,
        3,
        3,
        3,
        3,
        2,
        3,
        3,
        3,
        3,
        2,
        3,
        3,
        3,
        3,
        3,
        3,
        3,
        3,
        2,
        3,
        3,
        2,
        3,
        3,
        3,
        3,
        3,
        3,
        2,
        3,
        3,
        2,
        3,
        3,
        3,
        3,
        2,
        2,
        3,
        2,
        3,
        3,
        3,
        3,
        3,
        2,
        3,
        3,
        3,
        3,
        3,
        2,
        3,
        3,
        3,
        3,
        3,
        2,
        2,
        3,
        2,
        3,
        2,
        3,
        3,
        3,
        3,
        3,
        3,
        2,
        2,
        3,
        3,
        2,
        3,
        3,
        3,
        3,
        3,
        3,
        3,
        2,
        3,
        2,
        3,
        3,
        3,
        3,
        3,
        3,
        3,
        3,
        2,
        3,
        3,
        3,
        3,
        3,
        3,
        3,
        3,
        3,
        3,
        3,
        3,
        3,
        3,
        2,
        2,
        3,
        3,
        2,
        3,
        3,
        2,
        3,
        3,
        3,
        3,
        3,
        3,
        3,
        3,
        3,
        2,
        3,
        2,
        3,
        3,
        2,
        3,
        3,
        3,
        2,
        3,
        3,
        3,
        2,
        1,
        3,
        2,
        3,
        3,
        3,
        3,
        2,
        3,
        3,
        3,
        3,
        3,
        3,
        3,
        3,
        3,
        2,
        3,
        3,
        3,
        2,
        3,
        3,
        3,
        3,
        3,
        2,
        3,
        3,
        2,
        3,
        3,
        2,
        3,
        2,
        3,
        3,
        3,
        2,
        3,
        3,
        3,
        3,
        2,
        3,
        3,
        2,
        3,
        3,
        2,
        3,
        3,
        3,
        1,
        3,
        3,
        3,
        2,
        2,
        2,
        2,
        3,
        3,
        3,
        3,
        3,
        3,
        3,
        3,
        2,
        3,
        3,
        2,
        2,
        3,
        2,
        2,
        3,
        3,
        3,
        3,
        3,
        3,
        3,
        3,
        3,
        2,
        3,
        3,
        1,
        2,
        3,
        3,
        3,
        3,
        2,
        3,
        2,
        2,
        3,
        3,
        3,
        1,
        3,
        3,
        3,
        2,
        3,
        1,
        1,
        1,
        1,
        2,
        2,
        1,
        2,
        2,
        2,
        1,
        1,
        1,
        1,
        1,
        2,
        1,
        1,
        1,
        1,
        1,
        1,
        1,
        1,
        1,
        1,
        2,
        2,
        1,
        1,
        1,
        2,
        2,
        1,
        1,
        1,
        2,
        1,
        1,
        1,
        1,
        1,
        1,
        3,
        2,
        2,
        1,
        1
    ]
}