{
    "with_labels": 1,
    "burn_in": 500,
    "thinning": 1,
    "runtime": 67.53661274909973,
    "healthy_ratio": 0.24666666666666667,
    "max_log_likelihood": -441.1356519771834,
    "kendalls_tau": 0.3181818181818182,
    "subtype_acc": 0.04615852284682019,
    "n_subtypes": 3,
    "mean_stage_healthy": 0.972972972972973,
    "ml_subtype": [
        2,
        1,
        2,
        2,
        1,
        0,
        0,
        1,
        2,
        1,
        0,
        2,
        1,
        1,
        2,
        1,
        0,
        2,
        2,
        0,
        1,
        2,
        1,
        2,
        2,
        2,
        2,
        2,
        0,
        1,
        1,
        2,
        0,
        1,
        0,
        2,
        1,
        0,
        1,
        2,
        2,
        2,
        2,
        2,
        0,
        0,
        0,
        0,
        2,
        0,
        0,
        0,
        2,
        2,
        0,
        1,
        0,
        0,
        0,
        0,
        1,
        2,
        0,
        1,
        0,
        0,
        1,
        0,
        2,
        2,
        0,
        0,
        2,
        1,
        2,
        0,
        1,
        2,
        0,
        0,
        2,
        0,
        2,
        0,
        2,
        1,
        1,
        2,
        2,
        0,
        2,
        2,
        1,
        2,
        0,
        1,
        2,
        1,
        2,
        1,
        2,
        2,
        2,
        2,
        2,
        0,
        2,
        2,
        0,
        0,
        2,
        1,
        2,
        0,
        1,
        2,
        0,
        0,
        0,
        0,
        0,
        2,
        2,
        2,
        0,
        2,
        2,
        2,
        2,
        2,
        2,
        1,
        0,
        1,
        2,
        2,
        1,
        1,
        2,
        2,
        2,
        0,
        0,
        1,
        1,
        0,
        2,
        0,
        0,
        0,
        0,
        1,
        2,
        2,
        1,
        2,
        1,
        1,
        2,
        1,
        2,
        0,
        0,
        0,
        1,
        1,
        1,
        2,
        1,
        1,
        2,
        0,
        2,
        2,
        2,
        0,
        2,
        0,
        0,
        2,
        1,
        1,
        1,
        0,
        2,
        2,
        1,
        2,
        2,
        1,
        2,
        2,
        2,
        0,
        2,
        2,
        2,
        2,
        0,
        1,
        0,
        2,
        2,
        2,
        2,
        2,
        0,
        0,
        2,
        0,
        2,
        0,
        0,
        0,
        2,
        2,
        0,
        1,
        2,
        0,
        0,
        2,
        2,
        2,
        2,
        0,
        2,
        2,
        2,
        0,
        0,
        0,
        0,
        0,
        0,
        0,
        2,
        2,
        2,
        2,
        0,
        2,
        0,
        0,
        2,
        2,
        2,
        2,
        0,
        2,
        0,
        0,
        2,
        2,
        0,
        1,
        2,
        2,
        2,
        0,
        2,
        0,
        2,
        0,
        2,
        2,
        2,
        2,
        2,
        2,
        0,
        2,
        2,
        2,
        0,
        0,
        0,
        2,
        0,
        2,
        2,
        0,
        0,
        0,
        2,
        2,
        0,
        2,
        0,
        2,
        2,
        2,
        2,
        0,
        0,
        2,
        2,
        0,
        2,
        2
    ]
}