{
    "with_labels": 1,
    "burn_in": 500,
    "thinning": 1,
    "runtime": 108.60450291633606,
    "healthy_ratio": 0.24333333333333335,
    "max_log_likelihood": -616.570272459974,
    "kendalls_tau": 0.3242424242424242,
    "subtype_acc": 0.08629214938715707,
    "n_subtypes": 5,
    "mean_stage_healthy": 0.1506849315068493,
    "ml_subtype": [
        1,
        1,
        1,
        0,
        0,
        1,
        4,
        0,
        2,
        1,
        0,
        1,
        0,
        1,
        1,
        1,
        1,
        1,
        1,
        1,
        1,
        0,
        3,
        0,
        2,
        0,
        3,
        1,
        1,
        1,
        1,
        1,
        1,
        1,
        0,
        0,
        1,
        1,
        1,
        1,
        0,
        1,
        0,
        1,
        1,
        3,
        1,
        1,
        1,
        1,
        0,
        1,
        3,
        3,
        1,
        1,
        1,
        3,
        3,
        1,
        1,
        1,
        3,
        1,
        1,
        1,
        1,
        1,
        0,
        1,
        1,
        3,
        1,
        1,
        0,
        1,
        1,
        1,
        1,
        1,
        3,
        1,
        1,
        4,
        1,
        0,
        1,
        1,
        1,
        0,
        0,
        1,
        0,
        3,
        0,
        1,
        3,
        1,
        1,
        1,
        0,
        1,
        1,
        0,
        1,
        1,
        1,
        2,
        1,
        0,
        1,
        4,
        1,
        0,
        0,
        0,
        3,
        1,
        1,
        0,
        1,
        1,
        1,
        0,
        0,
        0,
        1,
        1,
        0,
        0,
        1,
        0,
        0,
        1,
        1,
        0,
        1,
        1,
        1,
        1,
        1,
        1,
        1,
        3,
        1,
        1,
        1,
        2,
        3,
        1,
        1,
        1,
        1,
        1,
        1,
        3,
        1,
        2,
        1,
        1,
        1,
        1,
        1,
        2,
        1,
        1,
        3,
        1,
        1,
        1,
        1,
        1,
        1,
        1,
        1,
        1,
        1,
        1,
        1,
        2,
        1,
        1,
        1,
        0,
        1,
        1,
        1,
        1,
        3,
        1,
        2,
        1,
        1,
        1,
        1,
        1,
        1,
        0,
        3,
        1,
        3,
        3,
        1,
        3,
        1,
        3,
        3,
        0,
        3,
        4,
        3,
        4,
        0,
        1,
        1,
        2,
        3,
        3,
        3,
        1,
        1,
        4,
        1,
        1,
        3,
        2,
        1,
        4,
        3,
        1,
        3,
        2,
        3,
        3,
        3,
        1,
        0,
        2,
        1,
        0,
        1,
        1,
        1,
        1,
        1,
        1,
        1,
        1,
        1,
        1,
        1,
        1,
        1,
        1,
        1,
        3,
        1,
        1,
        1,
        1,
        1,
        1,
        1,
        1,
        1,
        1,
        1,
        1,
        1,
        1,
        1,
        3,
        1,
        1,
        1,
        3,
        1,
        1,
        1,
        0,
        1,
        1,
        2,
        1,
        1,
        1,
        2,
        1,
        3,
        1,
        1,
        1,
        1,
        1,
        0,
        1,
        1,
        1,
        1,
        1
    ]
}