{
    "with_labels": 1,
    "burn_in": 500,
    "thinning": 1,
    "runtime": 87.00213980674744,
    "healthy_ratio": 0.24333333333333335,
    "max_log_likelihood": 397.9901608598061,
    "kendalls_tau": 0.396969696969697,
    "subtype_acc": 0.8041832003729729,
    "n_subtypes": 5,
    "mean_stage_healthy": 0.0958904109589041,
    "ml_subtype": [
        0,
        0,
        0,
        0,
        0,
        0,
        0,
        0,
        0,
        0,
        0,
        0,
        0,
        0,
        0,
        0,
        0,
        0,
        0,
        0,
        0,
        0,
        0,
        0,
        0,
        0,
        0,
        0,
        0,
        0,
        0,
        0,
        0,
        0,
        0,
        0,
        0,
        0,
        0,
        0,
        0,
        0,
        0,
        0,
        0,
        0,
        0,
        0,
        0,
        0,
        0,
        0,
        0,
        0,
        0,
        0,
        0,
        0,
        0,
        0,
        0,
        0,
        0,
        0,
        0,
        0,
        0,
        0,
        0,
        0,
        0,
        0,
        0,
        0,
        0,
        0,
        0,
        0,
        0,
        0,
        0,
        0,
        0,
        0,
        0,
        0,
        0,
        0,
        0,
        0,
        0,
        0,
        0,
        0,
        0,
        0,
        0,
        0,
        0,
        0,
        0,
        0,
        0,
        0,
        0,
        0,
        0,
        0,
        0,
        0,
        0,
        3,
        3,
        0,
        0,
        3,
        3,
        3,
        3,
        3,
        0,
        3,
        3,
        3,
        3,
        3,
        3,
        3,
        3,
        3,
        3,
        3,
        3,
        3,
        0,
        3,
        0,
        3,
        0,
        0,
        0,
        3,
        3,
        3,
        3,
        3,
        0,
        0,
        0,
        3,
        3,
        0,
        3,
        3,
        0,
        3,
        3,
        3,
        3,
        3,
        3,
        0,
        0,
        3,
        3,
        0,
        3,
        3,
        3,
        3,
        0,
        3,
        3,
        3,
        3,
        3,
        0,
        0,
        0,
        0,
        0,
        0,
        0,
        0,
        0,
        0,
        4,
        0,
        0,
        0,
        0,
        3,
        3,
        3,
        0,
        4,
        3,
        3,
        3,
        3,
        3,
        0,
        0,
        3,
        3,
        3,
        3,
        4,
        4,
        0,
        4,
        0,
        4,
        0,
        4,
        0,
        0,
        4,
        4,
        3,
        4,
        0,
        4,
        4,
        0,
        4,
        4,
        0,
        4,
        4,
        4,
        4,
        4,
        0,
        0,
        4,
        4,
        4,
        4,
        4,
        4,
        4,
        0,
        4,
        4,
        4,
        0,
        4,
        4,
        4,
        4,
        4,
        0,
        0,
        4,
        4,
        0,
        4,
        4,
        4,
        4,
        4,
        4,
        4,
        0,
        4,
        4,
        4,
        4,
        4,
        4,
        4,
        4,
        4,
        3,
        4,
        4,
        4,
        4,
        0,
        4,
        4,
        4,
        4,
        4,
        4,
        4,
        4,
        4,
        4,
        4,
        0,
        0,
        4,
        4,
        0,
        0,
        0,
        4,
        4
    ]
}