{
    "with_labels": 1,
    "burn_in": 500,
    "thinning": 1,
    "runtime": 57.80369997024536,
    "healthy_ratio": 0.5,
    "max_log_likelihood": 638.3930374256616,
    "kendalls_tau": 0.34848484848484845,
    "subtype_acc": 0.18584428845939527,
    "n_subtypes": 4,
    "mean_stage_healthy": 0.05333333333333334,
    "ml_subtype": [
        3,
        0,
        3,
        2,
        3,
        3,
        0,
        3,
        0,
        0,
        3,
        3,
        3,
        3,
        0,
        3,
        3,
        3,
        3,
        3,
        3,
        2,
        3,
        3,
        3,
        0,
        3,
        3,
        3,
        2,
        2,
        3,
        3,
        2,
        3,
        2,
        3,
        3,
        3,
        3,
        3,
        3,
        3,
        3,
        3,
        3,
        3,
        2,
        3,
        3,
        3,
        3,
        3,
        3,
        3,
        2,
        3,
        3,
        3,
        3,
        3,
        3,
        3,
        3,
        3,
        3,
        3,
        3,
        3,
        3,
        3,
        3,
        3,
        1,
        3,
        3,
        3,
        0,
        3,
        3,
        3,
        0,
        3,
        3,
        3,
        3,
        3,
        3,
        3,
        3,
        3,
        3,
        3,
        3,
        3,
        3,
        3,
        3,
        0,
        3,
        3,
        3,
        3,
        3,
        3,
        3,
        1,
        3,
        1,
        0,
        1,
        1,
        3,
        3,
        1,
        0,
        0,
        3,
        0,
        0,
        3,
        0,
        1,
        3,
        1,
        0,
        3,
        3,
        3,
        1,
        3,
        1,
        3,
        1,
        3,
        3,
        3,
        1,
        1,
        3,
        1,
        3,
        3,
        3,
        0,
        3,
        1,
        3,
        1,
        2,
        3,
        3,
        3,
        3,
        1,
        3,
        0,
        3,
        3,
        1,
        3,
        1,
        0,
        3,
        3,
        3,
        3,
        3,
        3,
        3,
        0,
        3,
        3,
        1,
        0,
        1,
        3,
        0,
        3,
        3,
        3,
        3,
        3,
        3,
        1,
        0,
        0,
        0,
        1,
        3,
        3,
        3,
        0,
        3,
        0,
        3,
        3,
        3,
        3,
        1,
        3,
        1,
        3,
        3,
        1,
        1,
        3,
        3,
        3,
        3,
        3,
        1,
        0,
        1,
        3,
        3,
        3,
        1,
        0,
        0,
        3,
        2,
        3,
        1,
        0,
        1,
        1,
        1,
        3,
        3,
        3,
        0,
        3,
        1,
        3,
        3,
        1,
        0,
        1,
        3,
        3,
        1,
        3,
        3,
        1,
        3,
        3,
        3,
        3,
        3,
        2,
        3,
        3,
        3,
        3,
        3,
        0,
        3,
        3,
        3,
        3,
        3,
        3,
        3,
        3,
        1,
        1,
        3,
        3,
        1,
        3,
        3,
        3,
        3,
        3,
        3,
        3,
        1,
        3,
        3,
        3,
        3,
        1,
        1,
        3,
        3,
        3,
        3,
        1,
        3,
        3,
        3,
        3,
        3,
        3,
        3,
        3,
        3,
        3,
        3
    ]
}