{
    "with_labels": 1,
    "burn_in": 500,
    "thinning": 1,
    "runtime": 84.44632077217102,
    "healthy_ratio": 0.24666666666666667,
    "max_log_likelihood": 383.4199214066064,
    "kendalls_tau": 0.28181818181818186,
    "subtype_acc": 0.23413815864771706,
    "n_subtypes": 5,
    "mean_stage_healthy": 0.6216216216216216,
    "ml_subtype": [
        3,
        3,
        3,
        2,
        2,
        2,
        3,
        2,
        2,
        2,
        0,
        2,
        2,
        3,
        2,
        2,
        4,
        0,
        3,
        3,
        2,
        2,
        3,
        2,
        2,
        2,
        4,
        2,
        4,
        4,
        2,
        2,
        2,
        0,
        0,
        2,
        0,
        4,
        2,
        4,
        2,
        2,
        2,
        2,
        0,
        3,
        0,
        0,
        2,
        2,
        2,
        2,
        0,
        2,
        2,
        0,
        3,
        2,
        3,
        3,
        2,
        0,
        0,
        2,
        2,
        3,
        4,
        0,
        0,
        2,
        0,
        2,
        2,
        2,
        2,
        0,
        2,
        3,
        2,
        0,
        2,
        2,
        2,
        2,
        2,
        2,
        2,
        2,
        2,
        2,
        3,
        3,
        3,
        3,
        3,
        4,
        0,
        3,
        2,
        3,
        3,
        3,
        3,
        3,
        2,
        3,
        2,
        2,
        3,
        2,
        3,
        2,
        2,
        3,
        0,
        2,
        2,
        2,
        2,
        3,
        3,
        2,
        3,
        0,
        2,
        2,
        0,
        0,
        3,
        3,
        2,
        3,
        3,
        2,
        3,
        2,
        2,
        3,
        0,
        2,
        3,
        3,
        3,
        3,
        0,
        4,
        2,
        4,
        2,
        3,
        3,
        3,
        3,
        3,
        4,
        3,
        4,
        4,
        3,
        3,
        3,
        3,
        2,
        3,
        3,
        3,
        4,
        3,
        3,
        4,
        3,
        2,
        4,
        3,
        3,
        3,
        2,
        3,
        3,
        2,
        4,
        3,
        3,
        4,
        2,
        3,
        3,
        2,
        4,
        3,
        3,
        3,
        3,
        3,
        3,
        3,
        3,
        4,
        4,
        3,
        3,
        3,
        3,
        3,
        3,
        3,
        0,
        3,
        0,
        4,
        3,
        3,
        3,
        3,
        3,
        3,
        4,
        2,
        4,
        0,
        3,
        3,
        4,
        3,
        3,
        4,
        4,
        3,
        3,
        0,
        4,
        4,
        3,
        3,
        2,
        4,
        4,
        4,
        4,
        4,
        4,
        4,
        3,
        4,
        0,
        0,
        4,
        3,
        4,
        4,
        4,
        3,
        3,
        4,
        3,
        4,
        0,
        0,
        4,
        2,
        0,
        3,
        2,
        0,
        4,
        3,
        0,
        2,
        3,
        2,
        4,
        3,
        3,
        2,
        4,
        3,
        4,
        4,
        0,
        2,
        0,
        4,
        4,
        3,
        2,
        2,
        2,
        4,
        2,
        0,
        3,
        0,
        0,
        0,
        3,
        4,
        0,
        4,
        0,
        0
    ]
}