{
    "with_labels": 1,
    "burn_in": 500,
    "thinning": 1,
    "runtime": 76.15708780288696,
    "healthy_ratio": 0.24666666666666667,
    "max_log_likelihood": 369.67159473804765,
    "kendalls_tau": 0.19318181818181818,
    "subtype_acc": 0.5278129357852771,
    "n_subtypes": 4,
    "mean_stage_healthy": 0.16216216216216217,
    "ml_subtype": [
        0,
        0,
        0,
        0,
        0,
        0,
        0,
        2,
        1,
        0,
        2,
        0,
        0,
        0,
        0,
        0,
        0,
        0,
        0,
        2,
        0,
        0,
        0,
        0,
        0,
        0,
        2,
        2,
        0,
        0,
        0,
        0,
        0,
        3,
        0,
        0,
        2,
        1,
        0,
        2,
        0,
        0,
        0,
        2,
        2,
        2,
        2,
        2,
        0,
        0,
        0,
        0,
        0,
        2,
        0,
        1,
        2,
        2,
        3,
        0,
        2,
        0,
        2,
        0,
        0,
        0,
        2,
        2,
        1,
        2,
        2,
        0,
        0,
        0,
        0,
        2,
        0,
        2,
        0,
        2,
        2,
        0,
        0,
        2,
        2,
        2,
        0,
        0,
        0,
        0,
        0,
        0,
        0,
        0,
        2,
        0,
        0,
        0,
        2,
        2,
        0,
        0,
        0,
        2,
        0,
        0,
        0,
        2,
        2,
        1,
        1,
        1,
        1,
        1,
        1,
        1,
        2,
        1,
        1,
        1,
        1,
        0,
        1,
        2,
        2,
        1,
        2,
        1,
        1,
        1,
        2,
        1,
        1,
        2,
        2,
        1,
        1,
        1,
        2,
        1,
        1,
        2,
        1,
        2,
        2,
        2,
        2,
        1,
        2,
        2,
        2,
        2,
        0,
        2,
        2,
        1,
        2,
        2,
        2,
        2,
        2,
        2,
        2,
        2,
        2,
        2,
        2,
        2,
        2,
        2,
        2,
        2,
        2,
        2,
        2,
        1,
        2,
        1,
        2,
        2,
        0,
        2,
        0,
        2,
        2,
        2,
        2,
        2,
        2,
        0,
        2,
        2,
        0,
        2,
        2,
        2,
        2,
        2,
        2,
        2,
        0,
        2,
        2,
        0,
        2,
        2,
        2,
        2,
        2,
        2,
        2,
        1,
        2,
        2,
        2,
        2,
        2,
        2,
        2,
        2,
        2,
        2,
        2,
        2,
        2,
        2,
        2,
        2,
        2,
        0,
        2,
        2,
        2,
        2,
        2,
        2,
        0,
        3,
        2,
        3,
        3,
        3,
        0,
        3,
        3,
        0,
        3,
        3,
        0,
        3,
        0,
        3,
        3,
        3,
        3,
        0,
        3,
        3,
        3,
        3,
        3,
        0,
        0,
        2,
        0,
        3,
        3,
        3,
        2,
        2,
        0,
        2,
        3,
        2,
        3,
        2,
        3,
        3,
        2,
        3,
        3,
        2,
        2,
        3,
        2,
        0,
        0,
        3,
        1,
        3,
        2,
        3,
        2,
        0,
        3,
        3,
        0,
        3,
        0,
        0
    ],
    "true_n_subtypes": 4,
    "ml_n_subtypes": 4,
    "correct_bool": 1,
    "absolute_error": 0,
    "relative_error": 0,
    "runtime_cross_validation": 959.1178612709045
}