{
    "with_labels": 1,
    "burn_in": 500,
    "thinning": 1,
    "runtime": 133.06245470046997,
    "healthy_ratio": 0.246,
    "max_log_likelihood": 120.76370870341428,
    "kendalls_tau": 0.46060606060606063,
    "subtype_acc": 0.5857230029928929,
    "n_subtypes": 5,
    "mean_stage_healthy": 0.9186991869918699,
    "ml_subtype": [
        3,
        3,
        3,
        4,
        4,
        3,
        3,
        3,
        4,
        3,
        3,
        4,
        3,
        3,
        3,
        3,
        3,
        3,
        3,
        3,
        3,
        3,
        1,
        3,
        3,
        3,
        3,
        3,
        4,
        4,
        4,
        3,
        3,
        3,
        3,
        4,
        4,
        4,
        3,
        4,
        3,
        4,
        4,
        3,
        4,
        3,
        3,
        4,
        3,
        3,
        4,
        3,
        3,
        3,
        3,
        3,
        3,
        4,
        4,
        3,
        3,
        3,
        3,
        3,
        3,
        3,
        4,
        3,
        4,
        3,
        3,
        3,
        4,
        3,
        4,
        4,
        3,
        4,
        4,
        4,
        4,
        1,
        4,
        4,
        4,
        1,
        4,
        4,
        4,
        4,
        4,
        4,
        4,
        4,
        4,
        4,
        4,
        4,
        4,
        4,
        4,
        4,
        4,
        4,
        4,
        4,
        4,
        4,
        4,
        4,
        4,
        4,
        4,
        4,
        4,
        4,
        4,
        4,
        1,
        4,
        4,
        4,
        4,
        4,
        4,
        4,
        4,
        4,
        4,
        4,
        4,
        4,
        4,
        1,
        0,
        0,
        4,
        4,
        4,
        0,
        0,
        4,
        4,
        4,
        1,
        0,
        0,
        1,
        0,
        0,
        0,
        0,
        0,
        4,
        4,
        0,
        4,
        0,
        4,
        0,
        0,
        0,
        4,
        4,
        0,
        0,
        4,
        0,
        0,
        0,
        0,
        0,
        0,
        4,
        4,
        0,
        0,
        0,
        0,
        4,
        0,
        0,
        0,
        0,
        0,
        0,
        0,
        0,
        0,
        0,
        0,
        0,
        0,
        0,
        0,
        0,
        0,
        0,
        4,
        0,
        0,
        0,
        0,
        0,
        0,
        0,
        0,
        0,
        4,
        0,
        4,
        0,
        0,
        0,
        0,
        0,
        0,
        4,
        0,
        0,
        0,
        4,
        1,
        4,
        0,
        0,
        1,
        4,
        3,
        0,
        0,
        0,
        4,
        0,
        0,
        0,
        0,
        0,
        0,
        1,
        4,
        4,
        0,
        0,
        0,
        0,
        4,
        0,
        0,
        3,
        0,
        4,
        0,
        0,
        0,
        1,
        4,
        0,
        1,
        0,
        0,
        0,
        0,
        0,
        0,
        0,
        0,
        4,
        0,
        0,
        0,
        4,
        0,
        0,
        4,
        4,
        0,
        0,
        0,
        4,
        4,
        4,
        4,
        3,
        4,
        4,
        3,
        4,
        4,
        3,
        4,
        4,
        4,
        4,
        4,
        4,
        4,
        4,
        4,
        4,
        4,
        4,
        4,
        4,
        4,
        4,
        4,
        4,
        4,
        4,
        4,
        4,
        4,
        4,
        4,
        4,
        4,
        4,
        4,
        4,
        4,
        4,
        4,
        4,
        4,
        4,
        4,
        4,
        4,
        4,
        4,
        4,
        4,
        4,
        4,
        4,
        4,
        4,
        4,
        4,
        4,
        4,
        4,
        4,
        4,
        4,
        4,
        4,
        4,
        4,
        4,
        4,
        4,
        4,
        4,
        4,
        4,
        4,
        4,
        4,
        4,
        4,
        4,
        4,
        4,
        4,
        4,
        3,
        4,
        4,
        4,
        4,
        4,
        4,
        4,
        4,
        4,
        4,
        4,
        3,
        4,
        4,
        4,
        4,
        1,
        1,
        3,
        3,
        4,
        4,
        4,
        1,
        1,
        3,
        4,
        4,
        3,
        4,
        3,
        3,
        3,
        3,
        1,
        3,
        3,
        3,
        3,
        4,
        3,
        4,
        1,
        1,
        1,
        3,
        4,
        3,
        1,
        1,
        1,
        3,
        1,
        1,
        4,
        3,
        3,
        4,
        3,
        3,
        3,
        4,
        3,
        3,
        4,
        4,
        3,
        4,
        1,
        3,
        3,
        4,
        1,
        1,
        4,
        3,
        3,
        3,
        3,
        3,
        3,
        4,
        1,
        3,
        1,
        1,
        3,
        1,
        1,
        3,
        3,
        1,
        1,
        3,
        3,
        3,
        4,
        1,
        4,
        3,
        3,
        3,
        1,
        3,
        3,
        3,
        1,
        1,
        3,
        1,
        3,
        1,
        3,
        4,
        3,
        4,
        1,
        1,
        3,
        1,
        3,
        1,
        4,
        3,
        3,
        4,
        4,
        3,
        1,
        1,
        3,
        3
    ]
}