{
    "with_labels": 1,
    "burn_in": 500,
    "thinning": 1,
    "runtime": 90.79385352134705,
    "healthy_ratio": 0.5,
    "max_log_likelihood": 576.4735333855006,
    "kendalls_tau": 0.41666666666666663,
    "subtype_acc": 0.7606455607454701,
    "n_subtypes": 4,
    "mean_stage_healthy": 0.028,
    "ml_subtype": [
        0,
        1,
        1,
        0,
        1,
        0,
        1,
        1,
        1,
        1,
        1,
        1,
        0,
        1,
        1,
        0,
        1,
        0,
        0,
        1,
        1,
        0,
        1,
        0,
        0,
        1,
        0,
        1,
        1,
        0,
        1,
        1,
        1,
        0,
        0,
        1,
        0,
        0,
        0,
        1,
        0,
        1,
        0,
        0,
        0,
        1,
        1,
        0,
        0,
        1,
        1,
        1,
        1,
        1,
        0,
        1,
        1,
        1,
        0,
        0,
        0,
        1,
        1,
        1,
        0,
        1,
        0,
        1,
        0,
        1,
        1,
        0,
        1,
        0,
        0,
        0,
        1,
        1,
        0,
        1,
        0,
        0,
        0,
        0,
        1,
        1,
        0,
        0,
        0,
        0,
        0,
        0,
        1,
        1,
        1,
        1,
        1,
        0,
        0,
        0,
        0,
        0,
        0,
        1,
        0,
        1,
        0,
        1,
        0,
        1,
        0,
        0,
        1,
        0,
        0,
        0,
        1,
        0,
        1,
        1,
        0,
        1,
        1,
        1,
        0,
        0,
        0,
        0,
        0,
        0,
        0,
        0,
        0,
        0,
        3,
        0,
        0,
        0,
        0,
        0,
        0,
        0,
        0,
        0,
        0,
        0,
        0,
        0,
        0,
        0,
        0,
        0,
        0,
        0,
        0,
        0,
        0,
        0,
        0,
        0,
        0,
        0,
        0,
        0,
        0,
        0,
        0,
        0,
        0,
        0,
        0,
        3,
        0,
        0,
        0,
        0,
        0,
        0,
        0,
        0,
        0,
        0,
        0,
        0,
        0,
        0,
        0,
        0,
        0,
        0,
        0,
        0,
        0,
        0,
        0,
        0,
        0,
        0,
        0,
        0,
        3,
        0,
        0,
        0,
        0,
        0,
        0,
        0,
        0,
        0,
        0,
        0,
        0,
        0,
        0,
        0,
        0,
        0,
        0,
        0,
        0,
        0,
        0,
        0,
        0,
        0,
        0,
        0,
        0,
        0,
        0,
        0,
        0,
        0,
        0,
        0,
        0,
        0,
        0,
        0,
        0,
        0,
        0,
        0,
        0,
        0,
        0,
        0,
        0,
        0,
        0,
        0,
        0,
        0,
        0,
        0,
        0,
        0,
        0,
        0,
        0,
        0,
        0,
        0,
        0,
        0,
        0,
        0,
        3,
        0,
        0,
        0,
        0,
        0,
        0,
        0,
        0,
        0,
        0,
        0,
        0,
        0,
        0,
        0,
        0,
        0,
        0,
        0,
        0,
        0,
        0,
        0,
        0,
        0,
        0,
        0,
        0,
        0,
        0,
        0,
        0,
        0,
        0,
        0,
        0,
        0,
        0,
        0,
        0,
        0,
        0,
        0,
        0,
        0,
        0,
        0,
        0,
        0,
        0,
        0,
        0,
        0,
        0,
        0,
        0,
        0,
        0,
        0,
        0,
        0,
        0,
        0,
        0,
        0,
        0,
        0,
        0,
        0,
        0,
        0,
        0,
        0,
        0,
        0,
        0,
        0,
        0,
        0,
        0,
        0,
        3,
        3,
        0,
        3,
        3,
        0,
        0,
        3,
        0,
        3,
        3,
        0,
        3,
        0,
        0,
        0,
        3,
        3,
        0,
        3,
        3,
        3,
        3,
        0,
        3,
        3,
        3,
        0,
        3,
        3,
        3,
        0,
        0,
        0,
        3,
        0,
        3,
        3,
        3,
        3,
        0,
        0,
        3,
        0,
        3,
        3,
        3,
        0,
        3,
        0,
        0,
        0,
        0,
        0,
        3,
        3,
        0,
        3,
        0,
        0,
        0,
        3,
        3,
        3,
        3,
        0,
        0,
        3,
        3,
        0,
        3,
        3,
        3,
        0,
        0,
        3,
        3,
        3,
        0,
        0,
        3,
        0,
        0,
        3,
        3,
        0,
        0,
        0,
        3,
        3,
        0,
        0,
        0,
        3,
        0,
        0,
        3,
        3,
        3,
        0,
        3,
        3,
        0,
        3,
        3,
        3,
        0,
        0,
        3,
        0,
        3,
        3,
        3,
        0,
        0,
        3,
        3,
        3,
        0,
        3,
        0,
        3,
        0,
        0,
        0,
        3,
        0,
        3,
        0,
        0,
        0,
        0,
        3,
        3,
        0,
        0,
        3,
        0,
        3,
        0,
        0,
        0,
        0,
        0,
        3,
        0,
        3,
        0,
        0,
        0
    ]
}