{
    "with_labels": 1,
    "burn_in": 500,
    "thinning": 1,
    "runtime": 168.37638998031616,
    "healthy_ratio": 0.246,
    "max_log_likelihood": 385.9870496946647,
    "kendalls_tau": 0.33939393939393936,
    "subtype_acc": 0.8453537376054793,
    "n_subtypes": 5,
    "mean_stage_healthy": 0.056910569105691054,
    "ml_subtype": [
        0,
        0,
        0,
        2,
        2,
        4,
        0,
        0,
        0,
        2,
        4,
        0,
        0,
        2,
        0,
        0,
        0,
        0,
        0,
        0,
        0,
        4,
        4,
        2,
        0,
        4,
        4,
        0,
        0,
        0,
        0,
        2,
        0,
        0,
        2,
        4,
        0,
        0,
        4,
        0,
        2,
        0,
        2,
        2,
        4,
        0,
        0,
        0,
        0,
        2,
        4,
        4,
        0,
        4,
        0,
        0,
        0,
        0,
        0,
        2,
        2,
        4,
        0,
        0,
        4,
        4,
        2,
        2,
        0,
        0,
        0,
        0,
        0,
        2,
        2,
        0,
        0,
        0,
        4,
        2,
        0,
        4,
        2,
        0,
        2,
        0,
        2,
        0,
        0,
        2,
        2,
        4,
        2,
        4,
        0,
        4,
        0,
        0,
        0,
        0,
        0,
        0,
        4,
        0,
        4,
        2,
        4,
        0,
        2,
        4,
        0,
        4,
        0,
        0,
        0,
        0,
        4,
        2,
        0,
        2,
        0,
        0,
        0,
        0,
        0,
        0,
        0,
        0,
        0,
        4,
        0,
        0,
        0,
        4,
        0,
        0,
        0,
        0,
        0,
        0,
        0,
        0,
        4,
        0,
        0,
        4,
        4,
        4,
        0,
        0,
        0,
        0,
        0,
        0,
        0,
        0,
        0,
        4,
        3,
        3,
        2,
        3,
        3,
        4,
        3,
        3,
        3,
        3,
        3,
        3,
        3,
        3,
        4,
        4,
        3,
        3,
        3,
        1,
        1,
        1,
        1,
        1,
        1,
        1,
        4,
        2,
        2,
        1,
        1,
        1,
        1,
        1,
        1,
        1,
        1,
        1,
        4,
        1,
        1,
        1,
        1,
        3,
        1,
        1,
        1,
        1,
        1,
        1,
        4,
        1,
        4,
        1,
        4,
        1,
        1,
        1,
        1,
        1,
        4,
        4,
        1,
        1,
        1,
        1,
        2,
        1,
        1,
        1,
        1,
        4,
        1,
        4,
        1,
        1,
        4,
        1,
        4,
        1,
        1,
        1,
        1,
        1,
        1,
        1,
        4,
        1,
        1,
        1,
        1,
        1,
        4,
        1,
        1,
        1,
        1,
        1,
        4,
        2,
        2,
        2,
        2,
        2,
        2,
        4,
        2,
        4,
        2,
        2,
        2,
        2,
        2,
        2,
        2,
        2,
        2,
        2,
        4,
        4,
        4,
        4,
        2,
        2,
        2,
        2,
        2,
        2,
        2,
        2,
        2,
        2,
        2,
        2,
        4,
        4,
        4,
        2,
        4,
        2,
        4,
        2,
        2,
        2,
        2,
        2,
        2,
        2,
        2,
        2,
        2,
        2,
        4,
        4,
        2,
        2,
        2,
        2,
        2,
        2,
        2,
        2,
        2,
        2,
        2,
        4,
        2,
        2,
        2,
        4,
        2,
        2,
        4,
        2,
        2,
        2,
        2,
        4,
        2,
        2,
        4,
        4,
        4,
        2,
        4,
        2,
        2,
        2,
        2,
        2,
        2,
        2,
        2,
        2,
        4,
        2,
        2,
        2,
        4,
        4,
        2,
        4,
        4,
        4,
        4,
        4,
        4,
        4,
        4,
        4,
        4,
        4,
        4,
        4,
        4,
        4,
        4,
        2,
        4,
        4,
        4,
        4,
        4,
        4,
        4,
        4,
        3,
        4,
        4,
        4,
        4,
        4,
        4,
        4,
        4,
        4,
        4,
        4,
        4,
        4,
        4,
        4,
        4,
        4,
        4,
        4,
        4,
        4,
        4,
        4,
        4,
        4,
        4,
        4,
        4,
        4,
        4,
        4,
        4,
        4,
        4,
        4,
        4,
        2,
        4,
        4,
        4,
        4,
        4,
        4,
        4,
        4,
        4,
        4,
        2,
        2,
        4,
        2,
        4,
        4,
        4,
        4,
        4,
        4,
        4,
        4,
        4,
        4,
        4,
        4,
        4,
        4,
        2,
        4,
        4,
        4,
        4,
        4,
        4,
        4,
        4,
        4,
        4,
        4,
        4,
        4,
        4,
        4,
        4,
        4,
        4,
        4,
        4,
        4,
        4,
        4,
        4,
        4,
        4,
        4,
        4,
        4,
        1,
        4,
        4,
        4,
        4,
        4,
        4,
        4,
        2,
        4,
        4,
        4,
        4,
        4,
        4,
        4,
        4,
        4,
        3,
        4
    ]
}