{
    "with_labels": 1,
    "burn_in": 500,
    "thinning": 1,
    "runtime": 118.48252606391907,
    "healthy_ratio": 0.248,
    "max_log_likelihood": 198.52845008573976,
    "kendalls_tau": 0.45075757575757575,
    "subtype_acc": 0.3803330564953071,
    "n_subtypes": 4,
    "mean_stage_healthy": 0.9354838709677419,
    "ml_subtype": [
        3,
        3,
        3,
        3,
        3,
        3,
        3,
        0,
        3,
        3,
        3,
        3,
        3,
        3,
        3,
        3,
        3,
        3,
        3,
        0,
        0,
        3,
        0,
        3,
        3,
        3,
        3,
        3,
        3,
        3,
        3,
        0,
        3,
        3,
        3,
        3,
        3,
        3,
        3,
        3,
        3,
        0,
        0,
        3,
        3,
        3,
        3,
        3,
        3,
        3,
        0,
        3,
        0,
        3,
        3,
        3,
        3,
        3,
        3,
        3,
        3,
        3,
        3,
        3,
        3,
        3,
        0,
        3,
        3,
        3,
        3,
        3,
        0,
        0,
        3,
        3,
        3,
        3,
        0,
        3,
        3,
        0,
        3,
        3,
        3,
        3,
        3,
        3,
        3,
        0,
        0,
        3,
        0,
        3,
        3,
        3,
        3,
        3,
        3,
        3,
        0,
        3,
        3,
        3,
        0,
        0,
        3,
        3,
        0,
        3,
        0,
        3,
        3,
        3,
        3,
        3,
        3,
        3,
        3,
        3,
        3,
        3,
        0,
        0,
        3,
        3,
        0,
        3,
        0,
        3,
        3,
        3,
        3,
        3,
        3,
        3,
        3,
        3,
        0,
        3,
        0,
        1,
        1,
        1,
        3,
        3,
        3,
        3,
        0,
        1,
        0,
        0,
        3,
        3,
        3,
        3,
        3,
        3,
        3,
        3,
        3,
        0,
        3,
        3,
        3,
        3,
        3,
        3,
        3,
        1,
        3,
        3,
        3,
        3,
        3,
        3,
        1,
        3,
        3,
        1,
        0,
        3,
        3,
        3,
        0,
        3,
        3,
        1,
        3,
        3,
        3,
        3,
        3,
        1,
        3,
        3,
        0,
        0,
        3,
        3,
        3,
        3,
        0,
        3,
        3,
        3,
        3,
        3,
        3,
        0,
        3,
        0,
        3,
        3,
        3,
        0,
        1,
        1,
        3,
        3,
        1,
        3,
        3,
        3,
        3,
        1,
        3,
        0,
        0,
        3,
        3,
        1,
        3,
        3,
        3,
        3,
        0,
        3,
        3,
        3,
        0,
        3,
        1,
        0,
        1,
        3,
        3,
        3,
        3,
        3,
        3,
        3,
        1,
        1,
        0,
        3,
        3,
        3,
        3,
        3,
        1,
        1,
        3,
        3,
        1,
        3,
        0,
        3,
        0,
        3,
        3,
        3,
        1,
        0,
        0,
        3,
        0,
        0,
        0,
        0,
        0,
        0,
        0,
        0,
        1,
        0,
        0,
        0,
        0,
        0,
        0,
        0,
        3,
        0,
        3,
        0,
        0,
        0,
        0,
        1,
        0,
        1,
        0,
        0,
        3,
        1,
        0,
        0,
        0,
        0,
        0,
        0,
        0,
        1,
        0,
        0,
        0,
        0,
        0,
        0,
        0,
        3,
        3,
        0,
        0,
        0,
        0,
        3,
        0,
        3,
        0,
        0,
        1,
        0,
        0,
        0,
        0,
        0,
        0,
        0,
        0,
        0,
        0,
        0,
        0,
        0,
        0,
        0,
        0,
        0,
        0,
        0,
        0,
        0,
        3,
        0,
        0,
        0,
        0,
        0,
        0,
        0,
        0,
        0,
        0,
        0,
        1,
        0,
        0,
        0,
        0,
        0,
        0,
        0,
        0,
        1,
        0,
        0,
        0,
        0,
        0,
        0,
        0,
        0,
        0,
        3,
        0,
        3,
        0,
        0,
        0,
        0,
        3,
        0,
        0,
        0,
        1,
        1,
        0,
        0,
        0,
        0,
        0,
        0,
        0,
        0,
        0,
        1,
        0,
        0,
        0,
        0,
        0,
        0,
        0,
        0,
        0,
        0,
        0,
        3,
        3,
        0,
        3,
        3,
        3,
        3,
        0,
        0,
        3,
        3,
        3,
        3,
        3,
        3,
        3,
        3,
        3,
        3,
        0,
        3,
        3,
        3,
        3,
        3,
        0,
        3,
        3,
        3,
        0,
        3,
        0,
        0,
        0,
        3,
        3,
        3,
        3,
        3,
        3,
        3,
        0,
        3,
        3,
        3,
        3,
        3,
        1,
        3,
        3,
        3,
        3,
        3,
        3,
        3,
        3,
        0,
        3,
        3,
        0,
        3,
        3,
        3,
        3,
        3,
        3,
        3,
        0,
        3,
        1,
        3,
        3,
        3,
        3,
        0,
        0,
        3,
        3,
        3,
        0,
        3
    ]
}