{
    "with_labels": 1,
    "burn_in": 500,
    "thinning": 1,
    "runtime": 128.56195402145386,
    "healthy_ratio": 0.5,
    "max_log_likelihood": 1149.8210594406596,
    "kendalls_tau": 0.23232323232323235,
    "subtype_acc": 0.2682055202911063,
    "n_subtypes": 3,
    "mean_stage_healthy": 0.064,
    "ml_subtype": [
        2,
        0,
        0,
        2,
        2,
        2,
        2,
        0,
        0,
        0,
        0,
        2,
        2,
        0,
        2,
        0,
        0,
        0,
        2,
        2,
        2,
        0,
        0,
        0,
        2,
        0,
        2,
        2,
        0,
        2,
        2,
        0,
        2,
        2,
        0,
        2,
        0,
        0,
        0,
        2,
        0,
        2,
        0,
        2,
        2,
        2,
        2,
        0,
        2,
        2,
        2,
        0,
        0,
        2,
        2,
        0,
        0,
        2,
        0,
        2,
        0,
        2,
        2,
        2,
        0,
        2,
        0,
        2,
        2,
        2,
        2,
        2,
        0,
        0,
        0,
        0,
        2,
        0,
        1,
        2,
        2,
        0,
        0,
        2,
        2,
        2,
        0,
        2,
        2,
        0,
        2,
        0,
        2,
        2,
        2,
        0,
        2,
        0,
        2,
        2,
        2,
        2,
        2,
        2,
        2,
        0,
        0,
        0,
        2,
        2,
        2,
        0,
        0,
        2,
        0,
        2,
        2,
        0,
        0,
        0,
        2,
        2,
        2,
        2,
        0,
        2,
        2,
        2,
        2,
        0,
        2,
        0,
        0,
        2,
        2,
        2,
        2,
        2,
        0,
        0,
        0,
        0,
        2,
        2,
        1,
        2,
        2,
        2,
        0,
        2,
        2,
        2,
        0,
        2,
        0,
        2,
        2,
        2,
        0,
        2,
        2,
        2,
        2,
        2,
        2,
        2,
        2,
        2,
        2,
        0,
        2,
        0,
        2,
        0,
        2,
        0,
        2,
        2,
        2,
        0,
        2,
        2,
        0,
        2,
        2,
        2,
        0,
        0,
        2,
        0,
        0,
        2,
        2,
        0,
        2,
        0,
        2,
        2,
        2,
        0,
        2,
        0,
        2,
        2,
        2,
        2,
        2,
        0,
        2,
        2,
        2,
        0,
        1,
        2,
        2,
        2,
        2,
        0,
        2,
        2,
        2,
        2,
        0,
        0,
        2,
        2,
        2,
        2,
        2,
        2,
        2,
        2,
        2,
        2,
        2,
        2,
        2,
        2,
        2,
        2,
        0,
        2,
        2,
        2,
        2,
        2,
        2,
        2,
        2,
        2,
        2,
        2,
        2,
        2,
        2,
        0,
        0,
        2,
        2,
        2,
        0,
        2,
        2,
        2,
        0,
        0,
        2,
        0,
        2,
        2,
        2,
        2,
        2,
        2,
        2,
        2,
        2,
        2,
        2,
        2,
        2,
        2,
        2,
        1,
        0,
        0,
        2,
        2,
        2,
        2,
        2,
        2,
        2,
        2,
        2,
        2,
        2,
        2,
        2,
        2,
        2,
        2,
        2,
        2,
        2,
        2,
        0,
        2,
        2,
        2,
        0,
        2,
        0,
        0,
        2,
        2,
        0,
        2,
        2,
        2,
        0,
        2,
        2,
        2,
        2,
        0,
        2,
        2,
        2,
        2,
        2,
        2,
        2,
        2,
        2,
        2,
        2,
        2,
        2,
        2,
        2,
        2,
        2,
        1,
        2,
        2,
        2,
        2,
        1,
        2,
        2,
        2,
        2,
        2,
        1,
        2,
        2,
        1,
        2,
        1,
        2,
        2,
        2,
        2,
        2,
        2,
        2,
        2,
        2,
        2,
        2,
        1,
        2,
        1,
        2,
        2,
        1,
        2,
        2,
        2,
        2,
        2,
        2,
        2,
        1,
        1,
        2,
        2,
        2,
        2,
        2,
        2,
        2,
        1,
        2,
        1,
        2,
        2,
        2,
        2,
        2,
        2,
        1,
        2,
        2,
        2,
        2,
        2,
        2,
        2,
        2,
        1,
        1,
        2,
        2,
        2,
        2,
        2,
        2,
        2,
        2,
        1,
        1,
        1,
        2,
        1,
        1,
        2,
        2,
        2,
        1,
        2,
        2,
        2,
        1,
        2,
        2,
        1,
        2,
        2,
        2,
        2,
        2,
        2,
        2,
        2,
        2,
        1,
        2,
        2,
        1,
        2,
        2,
        2,
        2,
        2,
        1,
        2,
        2,
        2,
        2,
        2,
        2,
        2,
        2,
        1,
        1,
        1,
        2,
        1,
        2,
        0,
        2,
        1,
        2,
        1,
        2,
        2,
        2,
        0,
        2,
        1,
        2,
        2,
        2,
        2,
        2,
        1,
        2,
        2,
        1,
        2,
        2,
        2,
        2,
        2,
        2,
        2,
        2,
        2
    ],
    "true_n_subtypes": 3,
    "ml_n_subtypes": 3,
    "correct_bool": 1,
    "absolute_error": 0,
    "relative_error": 0,
    "runtime_cross_validation": 2422.26784491539
}