{
    "with_labels": 1,
    "burn_in": 500,
    "thinning": 1,
    "runtime": 125.69613456726074,
    "healthy_ratio": 0.248,
    "max_log_likelihood": -824.5525051543283,
    "kendalls_tau": 0.29924242424242425,
    "subtype_acc": 0.08917526432568905,
    "n_subtypes": 4,
    "mean_stage_healthy": 0.21774193548387097,
    "ml_subtype": [
        3,
        3,
        3,
        2,
        3,
        3,
        3,
        2,
        2,
        3,
        3,
        3,
        3,
        3,
        3,
        2,
        3,
        3,
        2,
        3,
        2,
        2,
        2,
        2,
        2,
        1,
        2,
        3,
        3,
        2,
        3,
        2,
        2,
        0,
        3,
        2,
        3,
        3,
        0,
        3,
        3,
        3,
        2,
        3,
        3,
        0,
        3,
        3,
        3,
        1,
        2,
        3,
        2,
        3,
        2,
        3,
        2,
        3,
        3,
        3,
        3,
        3,
        3,
        2,
        3,
        3,
        2,
        3,
        1,
        3,
        2,
        2,
        2,
        3,
        3,
        3,
        3,
        2,
        3,
        3,
        3,
        3,
        3,
        2,
        2,
        3,
        0,
        2,
        2,
        3,
        3,
        3,
        3,
        3,
        3,
        1,
        3,
        3,
        2,
        3,
        1,
        0,
        2,
        3,
        3,
        2,
        2,
        1,
        2,
        3,
        3,
        2,
        2,
        3,
        2,
        3,
        3,
        2,
        3,
        2,
        2,
        2,
        3,
        2,
        2,
        3,
        3,
        3,
        3,
        3,
        2,
        3,
        2,
        3,
        3,
        2,
        3,
        2,
        3,
        2,
        3,
        3,
        2,
        3,
        3,
        3,
        2,
        3,
        3,
        3,
        2,
        3,
        2,
        1,
        3,
        1,
        1,
        1,
        1,
        3,
        3,
        2,
        2,
        1,
        2,
        2,
        0,
        0,
        3,
        3,
        3,
        2,
        2,
        2,
        1,
        3,
        3,
        2,
        1,
        2,
        1,
        3,
        2,
        0,
        2,
        2,
        3,
        2,
        2,
        2,
        2,
        3,
        2,
        1,
        1,
        1,
        3,
        3,
        1,
        3,
        3,
        3,
        3,
        2,
        1,
        2,
        2,
        1,
        2,
        2,
        2,
        3,
        3,
        1,
        3,
        3,
        1,
        3,
        2,
        3,
        3,
        1,
        1,
        2,
        2,
        1,
        2,
        2,
        3,
        2,
        1,
        2,
        2,
        1,
        3,
        1,
        3,
        2,
        3,
        2,
        3,
        3,
        2,
        2,
        1,
        3,
        2,
        2,
        1,
        2,
        2,
        2,
        2,
        3,
        3,
        3,
        2,
        2,
        3,
        2,
        2,
        2,
        2,
        2,
        1,
        2,
        0,
        1,
        3,
        3,
        3,
        2,
        2,
        2,
        3,
        1,
        1,
        3,
        3,
        0,
        2,
        1,
        3,
        1,
        2,
        2,
        2,
        2,
        1,
        2,
        2,
        2,
        2,
        1,
        3,
        2,
        3,
        3,
        1,
        2,
        3,
        2,
        3,
        2,
        3,
        3,
        2,
        3,
        2,
        2,
        2,
        2,
        3,
        3,
        2,
        2,
        2,
        1,
        2,
        2,
        2,
        2,
        3,
        2,
        2,
        3,
        3,
        3,
        2,
        3,
        3,
        2,
        3,
        3,
        3,
        0,
        2,
        2,
        3,
        2,
        2,
        2,
        2,
        3,
        3,
        2,
        3,
        2,
        0,
        2,
        2,
        3,
        0,
        3,
        3,
        2,
        2,
        3,
        2,
        3,
        2,
        2,
        2,
        0,
        2,
        3,
        3,
        2,
        2,
        3,
        3,
        0,
        2,
        2,
        2,
        2,
        3,
        3,
        3,
        3,
        3,
        2,
        2,
        2,
        3,
        2,
        2,
        2,
        2,
        3,
        3,
        2,
        2,
        2,
        3,
        2,
        2,
        2,
        3,
        0,
        2,
        2,
        3,
        2,
        3,
        3,
        2,
        3,
        3,
        2,
        3,
        3,
        2,
        3,
        3,
        2,
        3,
        3,
        2,
        2,
        2,
        2,
        2,
        2,
        3,
        3,
        2,
        2,
        3,
        3,
        2,
        3,
        3,
        2,
        2,
        3,
        3,
        3,
        2,
        2,
        3,
        2,
        3,
        0,
        3,
        2,
        2,
        2,
        2,
        2,
        2,
        2,
        2,
        3,
        2,
        3,
        3,
        2,
        2,
        2,
        3,
        3,
        2,
        2,
        3,
        3,
        3,
        2,
        2,
        2,
        3,
        2,
        3,
        3,
        2,
        2,
        3,
        2,
        2,
        2,
        3,
        2,
        2,
        2,
        0,
        3,
        3,
        2,
        2,
        3,
        2,
        2,
        3,
        3,
        2,
        3,
        2,
        2,
        3,
        3
    ]
}