{
    "with_labels": 1,
    "burn_in": 500,
    "thinning": 1,
    "runtime": 125.26982760429382,
    "healthy_ratio": 0.24849699398797595,
    "max_log_likelihood": -1068.5530629104774,
    "kendalls_tau": 0.0909090909090909,
    "subtype_acc": 0.582855161890422,
    "n_subtypes": 3,
    "mean_stage_healthy": 0.08870967741935484,
    "ml_subtype": [
        2,
        0,
        2,
        0,
        1,
        1,
        1,
        0,
        0,
        2,
        0,
        1,
        0,
        2,
        2,
        2,
        2,
        0,
        1,
        2,
        1,
        0,
        2,
        2,
        2,
        0,
        0,
        1,
        0,
        1,
        2,
        1,
        2,
        2,
        2,
        1,
        0,
        1,
        0,
        2,
        2,
        0,
        2,
        1,
        2,
        2,
        1,
        1,
        2,
        2,
        2,
        1,
        0,
        2,
        2,
        2,
        0,
        1,
        2,
        2,
        0,
        1,
        2,
        2,
        0,
        0,
        2,
        0,
        1,
        1,
        0,
        1,
        0,
        2,
        0,
        0,
        2,
        0,
        1,
        2,
        0,
        2,
        2,
        2,
        0,
        2,
        2,
        1,
        1,
        2,
        2,
        2,
        2,
        0,
        1,
        2,
        2,
        1,
        2,
        1,
        2,
        0,
        2,
        2,
        2,
        0,
        2,
        1,
        1,
        0,
        2,
        2,
        2,
        1,
        0,
        2,
        2,
        0,
        0,
        1,
        2,
        1,
        0,
        0,
        0,
        2,
        2,
        2,
        2,
        2,
        1,
        2,
        2,
        2,
        1,
        2,
        2,
        1,
        2,
        2,
        1,
        1,
        2,
        2,
        0,
        2,
        0,
        2,
        2,
        2,
        2,
        2,
        2,
        2,
        2,
        2,
        1,
        0,
        0,
        2,
        0,
        0,
        0,
        1,
        0,
        0,
        1,
        0,
        0,
        0,
        1,
        0,
        0,
        0,
        0,
        0,
        0,
        0,
        0,
        0,
        1,
        0,
        0,
        0,
        0,
        0,
        2,
        0,
        0,
        1,
        0,
        1,
        0,
        0,
        0,
        0,
        0,
        0,
        0,
        1,
        1,
        0,
        1,
        0,
        1,
        0,
        1,
        1,
        0,
        0,
        0,
        0,
        1,
        0,
        1,
        0,
        0,
        0,
        1,
        0,
        0,
        0,
        2,
        0,
        0,
        0,
        0,
        0,
        1,
        2,
        0,
        0,
        0,
        1,
        0,
        0,
        0,
        0,
        0,
        1,
        0,
        0,
        0,
        0,
        0,
        0,
        0,
        2,
        0,
        0,
        0,
        0,
        1,
        0,
        1,
        0,
        0,
        0,
        0,
        0,
        0,
        0,
        1,
        1,
        1,
        1,
        0,
        0,
        1,
        0,
        2,
        0,
        1,
        0,
        0,
        0,
        0,
        0,
        1,
        2,
        0,
        0,
        0,
        1,
        0,
        0,
        0,
        1,
        0,
        1,
        0,
        0,
        1,
        0,
        1,
        1,
        0,
        1,
        0,
        0,
        0,
        1,
        0,
        0,
        1,
        0,
        0,
        0,
        0,
        0,
        0,
        1,
        1,
        1,
        1,
        1,
        1,
        1,
        1,
        1,
        1,
        1,
        1,
        1,
        1,
        1,
        1,
        1,
        1,
        1,
        1,
        1,
        1,
        1,
        1,
        1,
        1,
        1,
        2,
        1,
        1,
        1,
        1,
        1,
        1,
        0,
        1,
        1,
        0,
        1,
        1,
        1,
        1,
        1,
        1,
        1,
        1,
        1,
        1,
        1,
        0,
        1,
        1,
        1,
        1,
        1,
        1,
        0,
        1,
        1,
        1,
        1,
        0,
        1,
        1,
        1,
        1,
        1,
        1,
        1,
        1,
        1,
        1,
        1,
        1,
        1,
        1,
        1,
        1,
        1,
        1,
        1,
        1,
        1,
        1,
        1,
        1,
        1,
        1,
        0,
        2,
        1,
        1,
        1,
        1,
        1,
        1,
        1,
        1,
        0,
        1,
        1,
        1,
        0,
        1,
        1,
        1,
        1,
        1,
        1,
        1,
        1,
        1,
        2,
        1,
        1,
        1,
        1,
        1,
        1,
        1,
        0,
        1,
        1,
        1,
        1,
        1,
        0,
        1,
        1,
        1,
        1,
        1,
        1,
        1,
        1,
        1,
        1,
        1,
        1,
        2,
        1,
        1,
        1,
        1,
        1,
        1,
        1,
        0,
        2,
        1,
        1,
        0,
        1,
        1,
        1,
        1,
        1,
        1,
        0,
        1,
        1,
        1,
        2,
        1,
        1,
        1,
        0,
        0,
        1,
        1,
        1,
        1,
        1,
        1,
        1,
        1,
        1,
        1,
        1,
        1,
        1,
        1,
        1,
        1,
        1,
        1,
        1,
        1
    ]
}