{
    "with_labels": 1,
    "burn_in": 500,
    "thinning": 1,
    "runtime": 131.38147044181824,
    "healthy_ratio": 0.24849699398797595,
    "max_log_likelihood": 265.67798057182443,
    "kendalls_tau": 0.3787878787878788,
    "subtype_acc": 0.2851391827960463,
    "n_subtypes": 4,
    "mean_stage_healthy": 0.008064516129032258,
    "ml_subtype": [
        3,
        1,
        2,
        2,
        2,
        1,
        1,
        1,
        1,
        1,
        2,
        1,
        3,
        1,
        2,
        2,
        1,
        1,
        2,
        3,
        3,
        1,
        3,
        2,
        2,
        1,
        3,
        2,
        1,
        1,
        0,
        1,
        1,
        3,
        2,
        2,
        1,
        2,
        1,
        2,
        1,
        2,
        3,
        1,
        3,
        3,
        3,
        1,
        2,
        2,
        2,
        2,
        1,
        0,
        1,
        2,
        1,
        1,
        3,
        1,
        2,
        2,
        2,
        1,
        3,
        1,
        1,
        1,
        0,
        2,
        1,
        2,
        1,
        1,
        1,
        2,
        2,
        1,
        3,
        2,
        2,
        1,
        1,
        1,
        1,
        3,
        3,
        2,
        1,
        3,
        2,
        1,
        3,
        1,
        2,
        1,
        2,
        1,
        0,
        1,
        2,
        1,
        1,
        2,
        1,
        2,
        1,
        1,
        3,
        3,
        1,
        2,
        2,
        1,
        0,
        3,
        2,
        2,
        2,
        1,
        3,
        2,
        2,
        1,
        0,
        1,
        1,
        1,
        1,
        1,
        1,
        2,
        2,
        1,
        1,
        2,
        2,
        3,
        1,
        1,
        1,
        1,
        3,
        1,
        1,
        1,
        1,
        2,
        2,
        1,
        3,
        2,
        1,
        2,
        2,
        1,
        1,
        1,
        1,
        1,
        1,
        1,
        1,
        1,
        1,
        1,
        1,
        1,
        1,
        1,
        1,
        1,
        1,
        1,
        1,
        1,
        1,
        1,
        1,
        1,
        1,
        1,
        1,
        1,
        1,
        1,
        1,
        1,
        1,
        1,
        1,
        1,
        1,
        1,
        1,
        1,
        1,
        1,
        1,
        1,
        1,
        1,
        1,
        1,
        1,
        1,
        1,
        1,
        1,
        1,
        1,
        1,
        1,
        1,
        1,
        1,
        1,
        1,
        1,
        1,
        1,
        1,
        1,
        1,
        1,
        1,
        1,
        1,
        1,
        1,
        1,
        1,
        1,
        1,
        1,
        1,
        1,
        1,
        1,
        1,
        1,
        1,
        1,
        1,
        1,
        1,
        1,
        0,
        1,
        1,
        1,
        1,
        1,
        1,
        1,
        1,
        1,
        1,
        1,
        1,
        1,
        0,
        1,
        1,
        1,
        1,
        1,
        1,
        1,
        1,
        1,
        1,
        1,
        1,
        3,
        1,
        1,
        1,
        1,
        1,
        1,
        1,
        1,
        1,
        1,
        1,
        1,
        3,
        1,
        1,
        1,
        1,
        1,
        1,
        1,
        1,
        1,
        1,
        1,
        1,
        1,
        1,
        1,
        1,
        1,
        1,
        3,
        0,
        1,
        1,
        0,
        0,
        1,
        0,
        1,
        0,
        0,
        3,
        1,
        2,
        0,
        1,
        1,
        0,
        1,
        0,
        0,
        0,
        1,
        0,
        3,
        0,
        1,
        0,
        1,
        3,
        1,
        1,
        1,
        3,
        1,
        3,
        0,
        0,
        0,
        0,
        3,
        0,
        3,
        0,
        1,
        0,
        1,
        3,
        3,
        3,
        1,
        3,
        1,
        3,
        0,
        3,
        1,
        0,
        0,
        1,
        1,
        1,
        1,
        1,
        3,
        3,
        1,
        1,
        3,
        3,
        1,
        1,
        1,
        3,
        3,
        1,
        3,
        1,
        3,
        1,
        1,
        3,
        3,
        2,
        3,
        3,
        1,
        3,
        1,
        3,
        1,
        3,
        3,
        3,
        1,
        3,
        3,
        1,
        2,
        1,
        1,
        3,
        1,
        1,
        1,
        3,
        1,
        1,
        1,
        1,
        3,
        1,
        3,
        3,
        3,
        1,
        3,
        3,
        3,
        3,
        3,
        1,
        1,
        3,
        3,
        1,
        1,
        1,
        3,
        3,
        1,
        3,
        1,
        3,
        3,
        3,
        1,
        1,
        1,
        1,
        1,
        3,
        1,
        3,
        3,
        1,
        3,
        1,
        1,
        3,
        1,
        3,
        1,
        1,
        1,
        1,
        3,
        1,
        3,
        3,
        1,
        1,
        3,
        1,
        3,
        3,
        1,
        3,
        1,
        1,
        1,
        1,
        1,
        3,
        3,
        3,
        3,
        3,
        1,
        3,
        3,
        1,
        1,
        1,
        3,
        1,
        3,
        3,
        1,
        1,
        1,
        3,
        3
    ]
}