{
    "with_labels": 1,
    "burn_in": 500,
    "thinning": 1,
    "runtime": 151.90479111671448,
    "healthy_ratio": 0.246,
    "max_log_likelihood": -710.8751992883082,
    "kendalls_tau": 0.30606060606060603,
    "subtype_acc": -0.01200227755611775,
    "n_subtypes": 5,
    "mean_stage_healthy": 0.14634146341463414,
    "ml_subtype": [
        4,
        2,
        2,
        2,
        4,
        2,
        1,
        1,
        1,
        1,
        0,
        1,
        1,
        4,
        4,
        1,
        2,
        1,
        1,
        4,
        1,
        0,
        1,
        1,
        1,
        1,
        1,
        1,
        1,
        1,
        1,
        4,
        1,
        1,
        4,
        1,
        1,
        1,
        1,
        1,
        1,
        0,
        1,
        1,
        0,
        1,
        1,
        1,
        1,
        4,
        0,
        1,
        1,
        1,
        1,
        1,
        1,
        1,
        1,
        1,
        1,
        1,
        1,
        1,
        1,
        1,
        1,
        1,
        1,
        1,
        2,
        4,
        1,
        4,
        1,
        1,
        2,
        0,
        1,
        1,
        1,
        1,
        1,
        1,
        4,
        1,
        4,
        1,
        1,
        4,
        1,
        1,
        1,
        1,
        1,
        0,
        1,
        1,
        1,
        1,
        1,
        1,
        1,
        1,
        1,
        1,
        1,
        1,
        1,
        4,
        1,
        4,
        1,
        1,
        4,
        1,
        1,
        1,
        4,
        1,
        1,
        1,
        1,
        4,
        1,
        1,
        1,
        1,
        1,
        1,
        1,
        1,
        1,
        1,
        4,
        1,
        1,
        4,
        4,
        1,
        1,
        1,
        1,
        1,
        4,
        1,
        1,
        1,
        1,
        1,
        1,
        1,
        1,
        1,
        1,
        1,
        0,
        1,
        1,
        1,
        0,
        1,
        1,
        1,
        1,
        1,
        4,
        4,
        1,
        1,
        1,
        1,
        1,
        1,
        1,
        1,
        1,
        4,
        1,
        2,
        1,
        1,
        1,
        1,
        1,
        1,
        1,
        1,
        1,
        2,
        4,
        1,
        1,
        4,
        4,
        1,
        1,
        4,
        1,
        1,
        1,
        1,
        1,
        0,
        4,
        1,
        0,
        4,
        1,
        1,
        1,
        4,
        0,
        1,
        1,
        1,
        1,
        1,
        2,
        1,
        1,
        1,
        4,
        1,
        1,
        2,
        1,
        1,
        1,
        1,
        3,
        1,
        1,
        4,
        4,
        4,
        4,
        4,
        4,
        1,
        0,
        1,
        1,
        1,
        1,
        4,
        3,
        1,
        1,
        1,
        1,
        1,
        1,
        0,
        1,
        1,
        1,
        4,
        1,
        1,
        4,
        1,
        0,
        1,
        1,
        4,
        4,
        4,
        1,
        4,
        1,
        1,
        4,
        0,
        1,
        0,
        0,
        3,
        1,
        4,
        3,
        1,
        0,
        2,
        0,
        1,
        1,
        1,
        1,
        4,
        4,
        1,
        1,
        1,
        0,
        4,
        4,
        4,
        3,
        3,
        1,
        1,
        1,
        3,
        4,
        1,
        1,
        2,
        1,
        1,
        4,
        3,
        0,
        1,
        2,
        1,
        3,
        0,
        4,
        1,
        1,
        4,
        4,
        4,
        4,
        1,
        3,
        1,
        1,
        1,
        4,
        3,
        1,
        1,
        3,
        1,
        1,
        1,
        1,
        1,
        1,
        1,
        1,
        0,
        3,
        1,
        1,
        1,
        1,
        1,
        0,
        1,
        4,
        0,
        1,
        1,
        1,
        1,
        4,
        1,
        1,
        1,
        1,
        4,
        4,
        1,
        1,
        0,
        3,
        1,
        0,
        1,
        1,
        0,
        3,
        1,
        0,
        4,
        0,
        1,
        1,
        0,
        4,
        1,
        1,
        1,
        1,
        1,
        4,
        3,
        1,
        4,
        1,
        4,
        1,
        1,
        1,
        1,
        3,
        3,
        1,
        3,
        1,
        0,
        1,
        1,
        4,
        1,
        4,
        0,
        4,
        1,
        1,
        1,
        1,
        1,
        1,
        1,
        1,
        4,
        1,
        1,
        4,
        1,
        4,
        1,
        4,
        1,
        1,
        4,
        1,
        1,
        4,
        4,
        1,
        4,
        1,
        1,
        1,
        4,
        4,
        4,
        1,
        3,
        1,
        1,
        1,
        4,
        1,
        4,
        4,
        4,
        4,
        1,
        1,
        4,
        4,
        1,
        1,
        1,
        1,
        1,
        1,
        1,
        4,
        4,
        1,
        1,
        4,
        4,
        1,
        1,
        1,
        1,
        1,
        1,
        1,
        4,
        4,
        4,
        1,
        1,
        4,
        2,
        1,
        1,
        1,
        1,
        1,
        1,
        1,
        1,
        4,
        1,
        2,
        1,
        1,
        0,
        1,
        1
    ]
}