{
    "with_labels": 1,
    "burn_in": 500,
    "thinning": 1,
    "runtime": 173.8183732032776,
    "healthy_ratio": 0.24649298597194388,
    "max_log_likelihood": -1071.5389337339477,
    "kendalls_tau": 0.2515151515151515,
    "subtype_acc": 0.21261298238416584,
    "n_subtypes": 5,
    "mean_stage_healthy": 0.17073170731707318,
    "ml_subtype": [
        4,
        4,
        4,
        1,
        3,
        1,
        4,
        1,
        3,
        0,
        3,
        0,
        1,
        4,
        3,
        3,
        1,
        3,
        1,
        3,
        1,
        4,
        3,
        1,
        4,
        4,
        1,
        4,
        4,
        0,
        4,
        4,
        1,
        3,
        4,
        4,
        0,
        3,
        4,
        1,
        3,
        4,
        3,
        3,
        4,
        4,
        4,
        4,
        1,
        4,
        1,
        3,
        3,
        1,
        1,
        0,
        1,
        2,
        1,
        3,
        1,
        1,
        3,
        4,
        1,
        3,
        4,
        1,
        3,
        3,
        3,
        1,
        1,
        0,
        4,
        1,
        1,
        1,
        4,
        4,
        4,
        4,
        1,
        1,
        4,
        4,
        1,
        4,
        1,
        1,
        1,
        3,
        3,
        3,
        1,
        4,
        1,
        3,
        1,
        1,
        1,
        1,
        2,
        4,
        4,
        1,
        3,
        3,
        3,
        3,
        1,
        1,
        1,
        1,
        1,
        4,
        4,
        1,
        0,
        4,
        1,
        3,
        3,
        3,
        1,
        1,
        1,
        1,
        1,
        4,
        4,
        1,
        1,
        3,
        4,
        1,
        3,
        3,
        1,
        4,
        0,
        1,
        1,
        1,
        1,
        3,
        0,
        0,
        1,
        0,
        0,
        3,
        1,
        3,
        1,
        0,
        1,
        1,
        1,
        0,
        3,
        3,
        1,
        3,
        3,
        1,
        0,
        0,
        0,
        1,
        0,
        1,
        3,
        0,
        1,
        1,
        3,
        3,
        3,
        0,
        1,
        1,
        0,
        1,
        1,
        3,
        1,
        1,
        3,
        1,
        0,
        0,
        3,
        0,
        3,
        1,
        0,
        0,
        1,
        1,
        1,
        1,
        1,
        3,
        0,
        0,
        1,
        1,
        0,
        0,
        1,
        0,
        0,
        0,
        1,
        3,
        0,
        1,
        1,
        0,
        0,
        1,
        0,
        0,
        0,
        1,
        1,
        3,
        1,
        3,
        2,
        3,
        0,
        0,
        3,
        3,
        1,
        3,
        1,
        0,
        3,
        3,
        1,
        1,
        1,
        0,
        3,
        1,
        1,
        3,
        3,
        0,
        0,
        3,
        3,
        0,
        3,
        1,
        3,
        1,
        1,
        1,
        1,
        0,
        0,
        1,
        0,
        0,
        1,
        1,
        3,
        3,
        3,
        3,
        1,
        3,
        0,
        1,
        3,
        3,
        0,
        1,
        3,
        3,
        1,
        3,
        3,
        3,
        3,
        0,
        3,
        3,
        3,
        3,
        3,
        3,
        3,
        1,
        3,
        3,
        3,
        3,
        3,
        1,
        3,
        1,
        1,
        3,
        0,
        1,
        3,
        0,
        0,
        3,
        3,
        3,
        1,
        3,
        3,
        3,
        1,
        3,
        1,
        3,
        3,
        1,
        1,
        3,
        1,
        1,
        3,
        1,
        3,
        3,
        3,
        3,
        3,
        3,
        3,
        1,
        3,
        3,
        3,
        3,
        3,
        3,
        1,
        3,
        3,
        3,
        1,
        3,
        1,
        3,
        3,
        0,
        1,
        1,
        1,
        2,
        3,
        1,
        3,
        3,
        1,
        1,
        1,
        1,
        0,
        3,
        1,
        2,
        3,
        1,
        1,
        1,
        1,
        1,
        1,
        1,
        1,
        1,
        0,
        1,
        1,
        1,
        1,
        1,
        1,
        0,
        1,
        1,
        3,
        1,
        1,
        3,
        1,
        1,
        1,
        1,
        1,
        1,
        1,
        3,
        1,
        3,
        1,
        1,
        1,
        3,
        3,
        1,
        1,
        1,
        1,
        1,
        1,
        1,
        1,
        1,
        1,
        1,
        1,
        1,
        1,
        0,
        1,
        2,
        1,
        1,
        1,
        1,
        1,
        1,
        3,
        1,
        1,
        1,
        1,
        1,
        1,
        3,
        1,
        1,
        1,
        1,
        1,
        1,
        1,
        1,
        3,
        3,
        1,
        1,
        3,
        1,
        1,
        1,
        1,
        1,
        0,
        3,
        1,
        0,
        1,
        1,
        0,
        1,
        1,
        1,
        1,
        1,
        1,
        1,
        1,
        1,
        0,
        1,
        1,
        1,
        1,
        1,
        1,
        1,
        1,
        1,
        1,
        1,
        1,
        0,
        1,
        1,
        3,
        1,
        1,
        1,
        1,
        1,
        1
    ]
}