{
    "with_labels": 1,
    "burn_in": 500,
    "thinning": 1,
    "runtime": 155.26255679130554,
    "healthy_ratio": 0.246,
    "max_log_likelihood": 288.6938971616672,
    "kendalls_tau": 0.2606060606060606,
    "subtype_acc": 0.677671931200776,
    "n_subtypes": 5,
    "mean_stage_healthy": 0.15447154471544716,
    "ml_subtype": [
        4,
        4,
        4,
        4,
        1,
        3,
        4,
        4,
        4,
        4,
        2,
        4,
        4,
        3,
        4,
        3,
        4,
        4,
        4,
        3,
        3,
        4,
        4,
        3,
        1,
        4,
        2,
        4,
        4,
        0,
        4,
        4,
        4,
        4,
        4,
        4,
        4,
        3,
        4,
        4,
        4,
        3,
        0,
        4,
        3,
        3,
        4,
        3,
        4,
        3,
        4,
        4,
        4,
        3,
        0,
        4,
        3,
        1,
        3,
        4,
        4,
        4,
        3,
        4,
        4,
        4,
        4,
        4,
        3,
        3,
        1,
        3,
        4,
        4,
        4,
        4,
        4,
        4,
        4,
        4,
        4,
        0,
        4,
        4,
        3,
        3,
        4,
        2,
        1,
        4,
        4,
        4,
        4,
        4,
        4,
        2,
        4,
        3,
        3,
        4,
        3,
        3,
        4,
        4,
        4,
        1,
        1,
        1,
        4,
        1,
        1,
        3,
        1,
        3,
        1,
        3,
        1,
        3,
        1,
        1,
        1,
        1,
        3,
        1,
        3,
        1,
        3,
        1,
        3,
        1,
        1,
        3,
        1,
        3,
        3,
        3,
        1,
        3,
        1,
        1,
        2,
        1,
        3,
        4,
        1,
        1,
        1,
        1,
        3,
        4,
        1,
        4,
        3,
        2,
        1,
        1,
        3,
        3,
        3,
        3,
        3,
        3,
        3,
        3,
        3,
        3,
        3,
        3,
        3,
        3,
        3,
        3,
        3,
        3,
        3,
        3,
        3,
        3,
        3,
        3,
        3,
        3,
        3,
        3,
        3,
        3,
        3,
        3,
        3,
        3,
        3,
        3,
        3,
        3,
        3,
        3,
        3,
        3,
        3,
        3,
        3,
        3,
        3,
        3,
        3,
        3,
        4,
        1,
        3,
        3,
        3,
        3,
        1,
        3,
        3,
        3,
        3,
        3,
        3,
        3,
        3,
        3,
        3,
        3,
        3,
        3,
        3,
        3,
        3,
        3,
        3,
        3,
        3,
        3,
        3,
        3,
        3,
        3,
        3,
        3,
        2,
        3,
        4,
        3,
        3,
        3,
        3,
        3,
        1,
        3,
        3,
        3,
        3,
        3,
        3,
        3,
        3,
        3,
        3,
        3,
        3,
        3,
        3,
        3,
        3,
        3,
        3,
        3,
        3,
        3,
        3,
        3,
        3,
        3,
        3,
        3,
        3,
        3,
        3,
        3,
        3,
        3,
        3,
        3,
        3,
        3,
        3,
        3,
        3,
        3,
        3,
        3,
        3,
        3,
        3,
        1,
        3,
        2,
        2,
        2,
        2,
        2,
        2,
        2,
        3,
        2,
        3,
        2,
        2,
        2,
        3,
        3,
        2,
        3,
        2,
        3,
        3,
        2,
        3,
        2,
        2,
        2,
        2,
        2,
        3,
        2,
        4,
        0,
        2,
        2,
        3,
        2,
        3,
        3,
        2,
        2,
        3,
        2,
        2,
        3,
        2,
        3,
        2,
        2,
        3,
        2,
        3,
        2,
        2,
        2,
        2,
        2,
        2,
        2,
        2,
        2,
        3,
        2,
        2,
        3,
        3,
        3,
        2,
        2,
        3,
        2,
        2,
        2,
        2,
        3,
        2,
        2,
        3,
        2,
        2,
        3,
        3,
        2,
        2,
        2,
        2,
        3,
        2,
        3,
        2,
        3,
        3,
        2,
        2,
        2,
        2,
        2,
        4,
        1,
        2,
        3,
        2,
        2,
        2,
        2,
        2,
        2,
        2,
        2,
        0,
        2,
        2,
        3,
        2,
        2,
        2,
        3,
        2,
        2,
        2,
        2,
        2,
        4,
        2,
        2,
        2,
        2,
        2,
        3,
        2,
        3,
        4,
        3,
        2,
        3,
        2,
        2,
        3,
        2,
        2,
        2,
        2,
        2,
        3,
        2,
        2,
        2,
        2,
        2,
        2,
        3,
        2,
        2,
        2,
        2,
        2,
        3,
        3,
        0,
        0,
        0,
        4,
        3,
        3,
        0,
        3,
        3,
        3,
        3,
        0,
        3,
        0,
        0,
        3,
        3,
        3,
        3,
        3,
        3,
        2,
        3,
        0,
        0,
        3,
        2,
        3,
        3,
        0,
        0,
        0,
        0,
        3,
        3,
        3,
        0,
        3,
        3,
        3,
        3,
        3,
        0,
        0,
        3,
        3,
        3
    ],
    "true_n_subtypes": 5,
    "ml_n_subtypes": 4,
    "correct_bool": 0,
    "absolute_error": 1,
    "relative_error": -1,
    "runtime_cross_validation": 1668.376620054245
}