{
    "with_labels": 1,
    "burn_in": 500,
    "thinning": 1,
    "runtime": 130.92939472198486,
    "healthy_ratio": 0.24849699398797595,
    "max_log_likelihood": -1327.749980098704,
    "kendalls_tau": 0.29393939393939394,
    "subtype_acc": 0.19246432798218097,
    "n_subtypes": 5,
    "mean_stage_healthy": 0.008064516129032258,
    "ml_subtype": [
        4,
        1,
        3,
        4,
        4,
        4,
        4,
        4,
        3,
        4,
        4,
        4,
        1,
        4,
        4,
        4,
        4,
        4,
        4,
        4,
        1,
        4,
        4,
        0,
        1,
        3,
        1,
        1,
        4,
        4,
        0,
        4,
        4,
        4,
        1,
        1,
        4,
        4,
        4,
        1,
        4,
        4,
        1,
        1,
        1,
        4,
        4,
        4,
        4,
        4,
        4,
        4,
        1,
        4,
        4,
        4,
        4,
        4,
        4,
        4,
        4,
        4,
        2,
        3,
        4,
        4,
        1,
        0,
        4,
        4,
        4,
        0,
        0,
        4,
        4,
        4,
        4,
        4,
        4,
        4,
        4,
        1,
        2,
        4,
        4,
        4,
        4,
        4,
        1,
        4,
        1,
        4,
        4,
        4,
        1,
        4,
        4,
        4,
        4,
        4,
        4,
        1,
        4,
        4,
        4,
        1,
        4,
        4,
        4,
        4,
        4,
        1,
        1,
        4,
        4,
        4,
        4,
        2,
        1,
        4,
        4,
        4,
        4,
        4,
        4,
        4,
        4,
        4,
        4,
        1,
        4,
        4,
        4,
        3,
        4,
        4,
        4,
        4,
        3,
        4,
        1,
        4,
        4,
        4,
        3,
        2,
        4,
        1,
        4,
        4,
        4,
        4,
        2,
        0,
        2,
        4,
        4,
        0,
        2,
        3,
        2,
        0,
        0,
        0,
        2,
        4,
        1,
        2,
        3,
        2,
        4,
        1,
        1,
        0,
        2,
        0,
        4,
        3,
        4,
        1,
        4,
        0,
        2,
        4,
        4,
        4,
        4,
        4,
        0,
        4,
        1,
        4,
        1,
        3,
        2,
        1,
        4,
        3,
        4,
        1,
        4,
        4,
        2,
        0,
        4,
        3,
        4,
        0,
        1,
        3,
        1,
        4,
        4,
        4,
        1,
        4,
        3,
        3,
        0,
        4,
        4,
        3,
        4,
        4,
        0,
        0,
        4,
        3,
        4,
        3,
        4,
        4,
        4,
        4,
        4,
        3,
        0,
        4,
        3,
        3,
        4,
        0,
        4,
        4,
        4,
        4,
        4,
        4,
        3,
        0,
        0,
        1,
        1,
        4,
        0,
        4,
        0,
        3,
        3,
        4,
        4,
        4,
        4,
        3,
        3,
        4,
        4,
        0,
        4,
        0,
        3,
        0,
        2,
        4,
        4,
        4,
        4,
        4,
        3,
        4,
        4,
        3,
        4,
        4,
        4,
        3,
        4,
        0,
        4,
        4,
        4,
        0,
        4,
        0,
        4,
        3,
        4,
        4,
        0,
        4,
        4,
        4,
        3,
        3,
        4,
        4,
        0,
        4,
        0,
        4,
        0,
        3,
        3,
        4,
        3,
        4,
        3,
        4,
        4,
        3,
        0,
        3,
        4,
        3,
        4,
        0,
        3,
        3,
        4,
        4,
        4,
        3,
        0,
        4,
        4,
        4,
        4,
        4,
        4,
        3,
        2,
        0,
        3,
        4,
        4,
        4,
        4,
        1,
        4,
        4,
        4,
        4,
        4,
        3,
        4,
        4,
        0,
        3,
        2,
        4,
        4,
        4,
        0,
        0,
        4,
        3,
        0,
        4,
        4,
        4,
        0,
        4,
        0,
        0,
        0,
        4,
        0,
        3,
        4,
        0,
        4,
        0,
        0,
        0,
        3,
        0,
        0,
        4,
        0,
        0,
        0,
        0,
        3,
        4,
        4,
        4,
        0,
        4,
        0,
        4,
        0,
        4,
        0,
        0,
        3,
        0,
        0,
        0,
        0,
        0,
        1,
        0,
        3,
        2,
        3,
        4,
        0,
        4,
        4,
        4,
        0,
        3,
        0,
        4,
        4,
        0,
        4,
        3,
        4,
        0,
        0,
        0,
        4,
        2,
        0,
        0,
        0,
        4,
        2,
        4,
        0,
        3,
        0,
        4,
        0,
        0,
        0,
        0,
        0,
        4,
        0,
        1,
        4,
        0,
        0,
        0,
        4,
        0,
        0,
        4,
        0,
        4,
        4,
        4,
        0,
        0,
        3,
        0,
        4,
        0,
        4,
        0,
        4,
        0,
        0,
        0,
        0,
        4,
        3,
        0,
        4,
        4,
        0,
        0,
        0,
        0,
        0,
        3,
        4,
        4,
        0,
        0,
        0,
        3,
        0,
        4,
        4,
        0,
        0
    ]
}