{
    "with_labels": 1,
    "burn_in": 500,
    "thinning": 1,
    "runtime": 134.3641173839569,
    "healthy_ratio": 0.246,
    "max_log_likelihood": 381.21773941897675,
    "kendalls_tau": 0.40909090909090906,
    "subtype_acc": 0.33009505425795505,
    "n_subtypes": 4,
    "mean_stage_healthy": 1.1544715447154472,
    "ml_subtype": [
        2,
        0,
        2,
        0,
        1,
        2,
        1,
        2,
        2,
        1,
        0,
        1,
        2,
        2,
        0,
        2,
        0,
        1,
        2,
        0,
        1,
        0,
        0,
        2,
        2,
        2,
        2,
        2,
        2,
        2,
        0,
        2,
        2,
        1,
        2,
        1,
        1,
        1,
        2,
        1,
        1,
        1,
        1,
        1,
        2,
        2,
        2,
        2,
        0,
        1,
        1,
        2,
        1,
        2,
        1,
        2,
        1,
        2,
        1,
        2,
        1,
        2,
        2,
        2,
        2,
        1,
        2,
        1,
        2,
        1,
        0,
        0,
        2,
        1,
        2,
        2,
        2,
        0,
        1,
        1,
        2,
        0,
        1,
        1,
        2,
        1,
        2,
        0,
        2,
        2,
        2,
        2,
        1,
        1,
        1,
        1,
        2,
        0,
        0,
        1,
        2,
        1,
        0,
        1,
        2,
        2,
        2,
        1,
        0,
        0,
        1,
        2,
        1,
        2,
        1,
        2,
        0,
        2,
        2,
        2,
        0,
        1,
        1,
        1,
        2,
        2,
        0,
        2,
        1,
        2,
        2,
        0,
        2,
        1,
        0,
        1,
        2,
        1,
        1,
        0,
        0,
        2,
        1,
        1,
        1,
        1,
        1,
        2,
        2,
        2,
        0,
        2,
        1,
        2,
        2,
        1,
        2,
        1,
        2,
        2,
        1,
        2,
        2,
        2,
        1,
        2,
        2,
        1,
        2,
        1,
        1,
        0,
        0,
        0,
        0,
        1,
        1,
        1,
        0,
        1,
        0,
        0,
        1,
        1,
        0,
        0,
        1,
        2,
        1,
        1,
        1,
        1,
        1,
        2,
        1,
        1,
        0,
        1,
        0,
        1,
        1,
        1,
        1,
        1,
        2,
        0,
        2,
        0,
        2,
        1,
        1,
        0,
        1,
        1,
        2,
        0,
        1,
        1,
        1,
        0,
        1,
        1,
        1,
        1,
        1,
        1,
        0,
        0,
        0,
        1,
        1,
        1,
        0,
        1,
        1,
        1,
        1,
        0,
        0,
        2,
        1,
        2,
        1,
        1,
        1,
        1,
        1,
        1,
        1,
        1,
        1,
        0,
        0,
        1,
        0,
        1,
        1,
        1,
        1,
        1,
        1,
        0,
        1,
        0,
        1,
        1,
        0,
        1,
        0,
        1,
        0,
        1,
        0,
        0,
        0,
        0,
        0,
        0,
        0,
        1,
        0,
        0,
        0,
        1,
        1,
        0,
        0,
        0,
        0,
        0,
        0,
        0,
        0,
        0,
        0,
        0,
        0,
        0,
        0,
        0,
        0,
        0,
        0,
        0,
        0,
        0,
        2,
        0,
        0,
        0,
        0,
        0,
        1,
        0,
        0,
        1,
        0,
        0,
        0,
        0,
        0,
        0,
        0,
        0,
        0,
        0,
        0,
        0,
        0,
        0,
        0,
        0,
        0,
        0,
        1,
        0,
        0,
        0,
        0,
        0,
        1,
        0,
        1,
        0,
        1,
        1,
        0,
        0,
        2,
        0,
        0,
        0,
        1,
        0,
        0,
        0,
        0,
        1,
        0,
        0,
        0,
        0,
        0,
        1,
        2,
        1,
        0,
        0,
        0,
        2,
        0,
        0,
        0,
        0,
        0,
        1,
        1,
        1,
        0,
        1,
        0,
        0,
        0,
        0,
        0,
        0,
        0,
        0,
        0,
        0,
        0,
        0,
        0,
        0,
        0,
        0,
        0,
        0,
        0,
        0,
        0,
        0,
        1,
        0,
        2,
        0,
        0,
        1,
        0,
        0,
        0,
        0,
        0,
        2,
        0,
        2,
        2,
        0,
        2,
        0,
        2,
        0,
        2,
        1,
        0,
        0,
        1,
        2,
        0,
        0,
        1,
        0,
        0,
        0,
        2,
        1,
        2,
        0,
        2,
        0,
        2,
        1,
        2,
        0,
        1,
        0,
        2,
        1,
        2,
        0,
        1,
        0,
        1,
        2,
        2,
        1,
        2,
        2,
        2,
        0,
        0,
        1,
        2,
        0,
        1,
        0,
        1,
        1,
        0,
        1,
        1,
        2,
        2,
        1,
        0,
        2,
        2,
        2,
        2,
        2,
        2,
        1,
        2,
        1,
        0,
        2,
        2,
        1,
        0,
        2,
        2,
        1,
        1,
        0,
        1,
        0,
        0,
        0,
        2,
        2
    ]
}