{
    "with_labels": 1,
    "burn_in": 500,
    "thinning": 1,
    "runtime": 117.33797669410706,
    "healthy_ratio": 0.248,
    "max_log_likelihood": 539.2636815348363,
    "kendalls_tau": 0.32196969696969696,
    "subtype_acc": 0.45258560097295786,
    "n_subtypes": 4,
    "mean_stage_healthy": 0.21774193548387097,
    "ml_subtype": [
        3,
        3,
        3,
        3,
        3,
        3,
        3,
        3,
        3,
        3,
        3,
        2,
        3,
        3,
        3,
        3,
        2,
        3,
        3,
        3,
        3,
        3,
        3,
        2,
        3,
        3,
        3,
        3,
        3,
        3,
        3,
        2,
        3,
        3,
        2,
        3,
        3,
        3,
        3,
        2,
        2,
        3,
        2,
        3,
        3,
        3,
        3,
        3,
        2,
        3,
        3,
        3,
        3,
        3,
        3,
        3,
        2,
        3,
        2,
        3,
        3,
        3,
        3,
        3,
        3,
        3,
        3,
        3,
        3,
        2,
        3,
        3,
        2,
        2,
        3,
        2,
        3,
        3,
        3,
        3,
        3,
        3,
        2,
        2,
        3,
        3,
        2,
        2,
        3,
        3,
        2,
        3,
        2,
        3,
        3,
        3,
        3,
        2,
        3,
        2,
        3,
        3,
        2,
        3,
        3,
        3,
        3,
        3,
        3,
        2,
        3,
        3,
        2,
        3,
        2,
        3,
        3,
        2,
        2,
        3,
        2,
        3,
        2,
        3,
        2,
        3,
        2,
        3,
        2,
        3,
        3,
        3,
        2,
        3,
        3,
        3,
        3,
        3,
        2,
        3,
        2,
        3,
        3,
        2,
        2,
        3,
        3,
        2,
        3,
        2,
        3,
        3,
        3,
        2,
        3,
        3,
        3,
        3,
        3,
        3,
        3,
        3,
        3,
        3,
        3,
        2,
        3,
        3,
        3,
        3,
        3,
        3,
        3,
        3,
        2,
        3,
        3,
        3,
        2,
        3,
        3,
        2,
        3,
        3,
        2,
        3,
        3,
        3,
        3,
        2,
        2,
        3,
        3,
        3,
        3,
        2,
        3,
        3,
        3,
        3,
        3,
        2,
        3,
        2,
        3,
        3,
        3,
        2,
        3,
        3,
        3,
        3,
        3,
        3,
        2,
        3,
        3,
        3,
        2,
        3,
        3,
        3,
        3,
        3,
        3,
        2,
        3,
        3,
        3,
        3,
        2,
        3,
        3,
        3,
        2,
        2,
        2,
        3,
        2,
        3,
        2,
        2,
        3,
        3,
        3,
        3,
        3,
        3,
        3,
        2,
        3,
        3,
        3,
        3,
        3,
        3,
        2,
        3,
        3,
        3,
        3,
        3,
        3,
        2,
        3,
        3,
        3,
        3,
        2,
        3,
        2,
        3,
        3,
        3,
        3,
        3,
        3,
        3,
        3,
        3,
        2,
        2,
        2,
        2,
        2,
        2,
        2,
        2,
        2,
        2,
        2,
        2,
        2,
        2,
        2,
        2,
        2,
        2,
        2,
        2,
        2,
        2,
        2,
        2,
        2,
        2,
        2,
        2,
        2,
        2,
        2,
        2,
        2,
        2,
        2,
        2,
        2,
        2,
        2,
        2,
        2,
        2,
        2,
        2,
        2,
        2,
        2,
        2,
        2,
        2,
        2,
        2,
        2,
        2,
        2,
        2,
        2,
        2,
        2,
        2,
        2,
        2,
        2,
        2,
        2,
        2,
        2,
        2,
        2,
        2,
        2,
        2,
        2,
        2,
        2,
        3,
        2,
        2,
        2,
        2,
        2,
        2,
        2,
        2,
        2,
        2,
        2,
        2,
        2,
        2,
        2,
        2,
        2,
        2,
        2,
        0,
        2,
        3,
        1,
        2,
        3,
        2,
        2,
        2,
        2,
        2,
        2,
        2,
        2,
        2,
        2,
        2,
        2,
        2,
        2,
        2,
        2,
        3,
        0,
        2,
        2,
        2,
        2,
        2,
        0,
        2,
        2,
        2,
        2,
        2,
        0,
        2,
        2,
        2,
        0,
        2,
        2,
        2,
        2,
        2,
        2,
        3,
        2,
        2,
        2,
        2,
        2,
        2,
        2,
        2,
        2,
        2,
        2,
        2,
        2,
        2,
        2,
        2,
        2,
        2,
        2,
        2,
        2,
        2,
        2,
        2,
        2,
        2,
        2,
        2,
        2,
        2,
        2,
        2,
        2,
        2,
        2,
        2,
        2,
        2,
        2,
        2,
        2,
        2,
        2,
        2,
        2,
        2,
        2,
        2,
        2,
        2,
        2,
        2,
        2,
        2,
        2,
        2,
        2,
        2,
        2,
        2,
        2,
        2,
        2,
        2,
        2,
        2,
        2,
        0,
        3,
        2,
        2,
        2,
        2,
        2,
        2,
        2,
        2,
        2
    ]
}