{
    "with_labels": 1,
    "burn_in": 500,
    "thinning": 1,
    "runtime": 105.76856064796448,
    "healthy_ratio": 0.5,
    "max_log_likelihood": 1046.0798217880042,
    "kendalls_tau": 0.23636363636363633,
    "subtype_acc": 0.1535767894230009,
    "n_subtypes": 5,
    "mean_stage_healthy": 0.024,
    "ml_subtype": [
        4,
        4,
        0,
        4,
        0,
        4,
        4,
        4,
        4,
        0,
        0,
        4,
        4,
        4,
        4,
        4,
        4,
        4,
        4,
        4,
        4,
        4,
        4,
        0,
        0,
        0,
        0,
        0,
        4,
        0,
        4,
        0,
        4,
        0,
        4,
        4,
        4,
        4,
        4,
        2,
        4,
        4,
        2,
        2,
        4,
        4,
        4,
        0,
        0,
        4,
        4,
        4,
        4,
        4,
        0,
        0,
        0,
        4,
        4,
        2,
        4,
        0,
        0,
        4,
        4,
        4,
        4,
        2,
        4,
        4,
        0,
        2,
        0,
        0,
        4,
        0,
        0,
        0,
        4,
        4,
        0,
        4,
        0,
        0,
        4,
        0,
        0,
        4,
        4,
        4,
        4,
        2,
        0,
        0,
        0,
        2,
        4,
        4,
        0,
        4,
        0,
        4,
        0,
        4,
        0,
        4,
        4,
        4,
        0,
        4,
        0,
        4,
        4,
        2,
        4,
        0,
        0,
        4,
        4,
        0,
        4,
        4,
        0,
        4,
        4,
        4,
        0,
        0,
        4,
        0,
        2,
        4,
        0,
        4,
        0,
        0,
        0,
        0,
        4,
        4,
        4,
        4,
        4,
        4,
        0,
        0,
        2,
        4,
        4,
        4,
        4,
        4,
        4,
        4,
        4,
        4,
        0,
        4,
        4,
        4,
        3,
        4,
        4,
        4,
        4,
        4,
        4,
        4,
        4,
        4,
        4,
        4,
        4,
        4,
        4,
        4,
        4,
        4,
        4,
        4,
        4,
        4,
        4,
        4,
        0,
        0,
        4,
        4,
        4,
        4,
        2,
        4,
        4,
        4,
        4,
        4,
        4,
        4,
        4,
        0,
        4,
        4,
        4,
        4,
        4,
        4,
        4,
        4,
        4,
        4,
        4,
        4,
        4,
        4,
        4,
        4,
        4,
        4,
        4,
        4,
        4,
        4,
        4,
        4,
        4,
        1,
        4,
        0,
        0,
        0,
        4,
        4,
        2,
        4,
        2,
        4,
        0,
        4,
        3,
        4,
        2,
        4,
        3,
        4,
        2,
        4,
        4,
        4,
        0,
        4,
        4,
        4,
        4,
        4,
        0,
        2,
        4,
        4,
        3,
        4,
        0,
        4,
        0,
        0,
        4,
        2,
        4,
        4,
        2,
        0,
        3,
        4,
        4,
        3,
        0,
        0,
        3,
        4,
        4,
        4,
        4,
        4,
        2,
        4,
        4,
        0,
        3,
        4,
        4,
        4,
        4,
        2,
        4,
        4,
        3,
        0,
        4,
        4,
        4,
        0,
        4,
        4,
        4,
        4,
        4,
        2,
        4,
        4,
        3,
        0,
        4,
        4,
        4,
        4,
        4,
        4,
        2,
        2,
        3,
        4,
        4,
        3,
        4,
        4,
        4,
        4,
        4,
        0,
        4,
        4,
        3,
        4,
        4,
        4,
        4,
        4,
        4,
        4,
        4,
        4,
        2,
        4,
        4,
        4,
        4,
        4,
        4,
        4,
        4,
        4,
        1,
        4,
        4,
        4,
        4,
        4,
        3,
        4,
        4,
        4,
        3,
        4,
        4,
        4,
        2,
        1,
        4,
        3,
        4,
        4,
        4,
        4,
        4,
        1,
        0,
        0,
        4,
        4,
        4,
        4,
        4,
        0,
        4,
        4,
        4,
        4,
        4,
        4,
        2,
        4,
        4,
        4,
        4,
        4,
        4,
        4,
        2,
        4,
        0,
        4,
        4,
        4,
        4,
        2,
        4,
        4,
        3,
        4,
        4,
        4,
        0,
        3,
        4,
        0,
        4,
        4,
        2,
        4,
        2,
        4,
        4,
        4,
        4,
        4,
        4,
        4,
        4,
        4,
        4,
        4,
        0,
        4,
        4,
        2,
        3,
        4,
        4,
        4,
        2,
        4,
        4,
        4,
        4,
        4,
        4,
        4,
        4,
        4,
        4,
        2,
        4,
        0,
        2,
        4,
        4,
        4,
        4,
        4,
        4,
        2,
        2,
        2,
        4,
        2,
        0,
        4,
        4,
        4,
        4,
        4,
        2,
        2,
        2,
        4,
        4,
        4,
        4,
        3,
        2,
        4,
        4,
        4,
        4,
        4,
        4,
        2,
        3,
        4,
        4,
        4,
        4,
        0,
        4,
        4,
        4,
        2,
        4,
        4,
        4,
        3
    ]
}