{
    "runtime": 232.93358850479126,
    "First == Best": true,
    "First == Pickle ML": true,
    "Best == Pickle ML": true,
    "tau": 0.5,
    "tau_argsort": 0.42424242424242425,
    "subtype_acc": 0.5918620161596361,
    "mean_stage_healthy": 2.024,
    "tau_mcmc": 0.5,
    "tau_argsort_mcmc": 0.42424242424242425,
    "subtype_acc_mcmc": 0.5918620161596361,
    "mean_stage_healthy_mcmc": 2.014,
    "true_n_subtypes": 2
}