{
    "runtime": 188.9461555480957,
    "First == Best": true,
    "First == Pickle ML": true,
    "Best == Pickle ML": true,
    "tau": 0.46969696969696967,
    "tau_argsort": 0.4545454545454546,
    "subtype_acc": -0.04316579864088802,
    "mean_stage_healthy": 1.69,
    "tau_mcmc": 0.46969696969696967,
    "tau_argsort_mcmc": 0.4545454545454546,
    "subtype_acc_mcmc": -0.04316579864088802,
    "mean_stage_healthy_mcmc": 1.69,
    "true_n_subtypes": 2
}