{
    "runtime": 74.94296717643738,
    "First == Best": true,
    "First == Pickle ML": true,
    "Best == Pickle ML": true,
    "tau": 0.4393939393939394,
    "tau_argsort": 0.3181818181818182,
    "subtype_acc": 1.0,
    "mean_stage_healthy": 1.554,
    "tau_mcmc": 0.4393939393939394,
    "tau_argsort_mcmc": 0.3181818181818182,
    "subtype_acc_mcmc": 1.0,
    "mean_stage_healthy_mcmc": 1.554,
    "true_n_subtypes": 1,
    "runtime_cross_validation": 5358.1621425151825,
    "ml_n_subtypes": 4,
    "correct_bool": 0,
    "absolute_error": 3,
    "relative_error": 3
}