{
    "runtime": 59.43455624580383,
    "First == Best": true,
    "First == Pickle ML": true,
    "Best == Pickle ML": true,
    "tau": 0.6060606060606061,
    "tau_argsort": 0.2727272727272727,
    "subtype_acc": 1.0,
    "mean_stage_healthy": 1.644,
    "tau_mcmc": 0.6060606060606061,
    "tau_argsort_mcmc": 0.2727272727272727,
    "subtype_acc_mcmc": 1.0,
    "mean_stage_healthy_mcmc": 1.644,
    "true_n_subtypes": 1
}