{
    "runtime": 63.93877935409546,
    "First == Best": true,
    "First == Pickle ML": true,
    "Best == Pickle ML": true,
    "tau": 0.5454545454545454,
    "tau_argsort": 0.3333333333333333,
    "subtype_acc": 1.0,
    "mean_stage_healthy": 1.652,
    "tau_mcmc": 0.5454545454545454,
    "tau_argsort_mcmc": 0.3333333333333333,
    "subtype_acc_mcmc": 1.0,
    "mean_stage_healthy_mcmc": 1.652,
    "true_n_subtypes": 1
}