{
    "runtime": 56.510674238204956,
    "First == Best": true,
    "First == Pickle ML": true,
    "Best == Pickle ML": true,
    "tau": 0.4393939393939394,
    "tau_argsort": 0.5909090909090909,
    "subtype_acc": 1.0,
    "mean_stage_healthy": 3.886,
    "tau_mcmc": 0.4393939393939394,
    "tau_argsort_mcmc": 0.5909090909090909,
    "subtype_acc_mcmc": 1.0,
    "mean_stage_healthy_mcmc": 3.886,
    "true_n_subtypes": 1
}