{
    "runtime": 397.1655659675598,
    "First == Best": true,
    "First == Pickle ML": true,
    "Best == Pickle ML": true,
    "tau": 0.4444444444444445,
    "tau_argsort": 0.4343434343434343,
    "subtype_acc": 0.017516591115991815,
    "mean_stage_healthy": 3.826,
    "tau_mcmc": 0.4444444444444445,
    "tau_argsort_mcmc": 0.4343434343434343,
    "subtype_acc_mcmc": 0.017516591115991815,
    "mean_stage_healthy_mcmc": 3.824,
    "true_n_subtypes": 3
}