{
    "runtime": 200.37196135520935,
    "First == Best": true,
    "First == Pickle ML": true,
    "Best == Pickle ML": true,
    "tau": 0.3484848484848485,
    "tau_argsort": 0.25757575757575757,
    "subtype_acc": 0.31337394472525354,
    "mean_stage_healthy": 2.5421686746987953,
    "tau_mcmc": 0.3484848484848485,
    "tau_argsort_mcmc": 0.25757575757575757,
    "subtype_acc_mcmc": 0.31337394472525354,
    "mean_stage_healthy_mcmc": 2.538152610441767,
    "true_n_subtypes": 2
}