{
    "runtime": 414.1770017147064,
    "First == Best": true,
    "First == Pickle ML": true,
    "Best == Pickle ML": true,
    "tau": 0.43939393939393945,
    "tau_argsort": 0.17676767676767677,
    "subtype_acc": 0.43161702319526185,
    "mean_stage_healthy": 0.9718875502008032,
    "tau_mcmc": 0.43939393939393945,
    "tau_argsort_mcmc": 0.17676767676767677,
    "subtype_acc_mcmc": 0.4009962087202852,
    "mean_stage_healthy_mcmc": 0.9718875502008032,
    "true_n_subtypes": 3
}