{
    "runtime": 488.82559037208557,
    "First == Best": false,
    "First == Pickle ML": true,
    "Best == Pickle ML": false,
    "tau": 0.4393939393939394,
    "tau_argsort": 0.2676767676767677,
    "subtype_acc": 0.320713273651264,
    "mean_stage_healthy": 1.2386666666666666,
    "tau_mcmc": 0.4292929292929293,
    "tau_argsort_mcmc": 0.27777777777777773,
    "subtype_acc_mcmc": 0.31483181270495586,
    "mean_stage_healthy_mcmc": 1.2293333333333334,
    "true_n_subtypes": 3
}