{
    "runtime": 712.5453095436096,
    "First == Best": true,
    "First == Pickle ML": true,
    "Best == Pickle ML": true,
    "tau": 0.4696969696969697,
    "tau_argsort": 0.4242424242424242,
    "subtype_acc": 0.48308177000302105,
    "mean_stage_healthy": 4.9,
    "tau_mcmc": 0.4696969696969697,
    "tau_argsort_mcmc": 0.4242424242424242,
    "subtype_acc_mcmc": 0.45992733029018396,
    "mean_stage_healthy_mcmc": 4.864,
    "true_n_subtypes": 4
}