{
    "runtime": 558.031023979187,
    "First == Best": true,
    "First == Pickle ML": true,
    "Best == Pickle ML": true,
    "tau": 0.3939393939393939,
    "tau_argsort": 0.393939393939394,
    "subtype_acc": 0.011312895617974219,
    "mean_stage_healthy": 2.762,
    "tau_mcmc": 0.3939393939393939,
    "tau_argsort_mcmc": 0.393939393939394,
    "subtype_acc_mcmc": 0.012317411890527857,
    "mean_stage_healthy_mcmc": 2.772,
    "true_n_subtypes": 4
}