{
    "runtime": 793.8055953979492,
    "First == Best": false,
    "First == Pickle ML": true,
    "Best == Pickle ML": false,
    "tau": 0.3878787878787879,
    "tau_argsort": 0.16969696969696968,
    "subtype_acc": 0.25856221826548537,
    "mean_stage_healthy": 1.282258064516129,
    "tau_mcmc": 0.3575757575757576,
    "tau_argsort_mcmc": 0.16363636363636364,
    "subtype_acc_mcmc": 0.26008804555106635,
    "mean_stage_healthy_mcmc": 1.3064516129032258,
    "true_n_subtypes": 5
}