{
    "runtime": 1034.18798494339,
    "First == Best": true,
    "First == Pickle ML": true,
    "Best == Pickle ML": true,
    "tau": 0.46060606060606063,
    "tau_argsort": 0.3515151515151515,
    "subtype_acc": 0.312370667418052,
    "mean_stage_healthy": 1.902,
    "tau_mcmc": 0.46060606060606063,
    "tau_argsort_mcmc": 0.3515151515151515,
    "subtype_acc_mcmc": 0.32967282904405454,
    "mean_stage_healthy_mcmc": 1.906,
    "true_n_subtypes": 5,
    "runtime_cross_validation": 4798.476632595062,
    "ml_n_subtypes": 4,
    "correct_bool": 0,
    "absolute_error": 1,
    "relative_error": -1
}