{
    "runtime": 179.92388272285461,
    "First == Best": true,
    "First == Pickle ML": true,
    "Best == Pickle ML": true,
    "tau": 0.45454545454545453,
    "tau_argsort": 0.5303030303030303,
    "subtype_acc": 0.6398655637634737,
    "mean_stage_healthy": 7.108433734939759,
    "tau_mcmc": 0.45454545454545453,
    "tau_argsort_mcmc": 0.5303030303030303,
    "subtype_acc_mcmc": 0.6313509080667534,
    "mean_stage_healthy_mcmc": 7.116465863453815,
    "true_n_subtypes": 2
}