{
    "runtime": 813.9369320869446,
    "First == Best": true,
    "First == Pickle ML": true,
    "Best == Pickle ML": true,
    "tau": 0.38484848484848483,
    "tau_argsort": 0.3,
    "subtype_acc": 0.21848895561553808,
    "mean_stage_healthy": 1.228,
    "tau_mcmc": 0.38484848484848483,
    "tau_argsort_mcmc": 0.3,
    "subtype_acc_mcmc": 0.24663823386944123,
    "mean_stage_healthy_mcmc": 1.144,
    "true_n_subtypes": 5
}