{
    "runtime": 60.52604365348816,
    "First == Best": true,
    "First == Pickle ML": true,
    "Best == Pickle ML": true,
    "tau": 0.6666666666666666,
    "tau_argsort": 0.2727272727272727,
    "subtype_acc": 1.0,
    "mean_stage_healthy": 2.882,
    "tau_mcmc": 0.6666666666666666,
    "tau_argsort_mcmc": 0.2727272727272727,
    "subtype_acc_mcmc": 1.0,
    "mean_stage_healthy_mcmc": 2.882,
    "true_n_subtypes": 1
}