{
    "runtime": 406.2402312755585,
    "First == Best": false,
    "First == Pickle ML": true,
    "Best == Pickle ML": false,
    "tau": 0.35353535353535354,
    "tau_argsort": 0.38383838383838387,
    "subtype_acc": 0.024908412874989645,
    "mean_stage_healthy": 2.582,
    "tau_mcmc": 0.4090909090909091,
    "tau_argsort_mcmc": 0.398989898989899,
    "subtype_acc_mcmc": 0.01933316748474932,
    "mean_stage_healthy_mcmc": 2.588,
    "true_n_subtypes": 3
}