{
    "runtime": 405.70746517181396,
    "First == Best": true,
    "First == Pickle ML": true,
    "Best == Pickle ML": true,
    "tau": 0.4292929292929293,
    "tau_argsort": 0.41919191919191917,
    "subtype_acc": 0.22901883919630642,
    "mean_stage_healthy": 3.84,
    "tau_mcmc": 0.4292929292929293,
    "tau_argsort_mcmc": 0.41919191919191917,
    "subtype_acc_mcmc": 0.22724999669954654,
    "mean_stage_healthy_mcmc": 3.84,
    "true_n_subtypes": 3
}