{
    "runtime": 252.70808124542236,
    "First == Best": true,
    "First == Pickle ML": true,
    "Best == Pickle ML": true,
    "tau": 0.40909090909090906,
    "tau_argsort": 0.36363636363636365,
    "subtype_acc": 0.9370225699020288,
    "mean_stage_healthy": 3.9799196787148596,
    "tau_mcmc": 0.40909090909090906,
    "tau_argsort_mcmc": 0.36363636363636365,
    "subtype_acc_mcmc": 0.9370225699020288,
    "mean_stage_healthy_mcmc": 3.9879518072289155,
    "true_n_subtypes": 2
}