{
    "runtime": 403.4187285900116,
    "First == Best": true,
    "First == Pickle ML": true,
    "Best == Pickle ML": true,
    "tau": 0.393939393939394,
    "tau_argsort": 0.2828282828282828,
    "subtype_acc": 0.12856318141028666,
    "mean_stage_healthy": 1.392,
    "tau_mcmc": 0.393939393939394,
    "tau_argsort_mcmc": 0.2828282828282828,
    "subtype_acc_mcmc": 0.13562180712890548,
    "mean_stage_healthy_mcmc": 1.382,
    "true_n_subtypes": 3
}