{
    "runtime": 59.242331743240356,
    "First == Best": true,
    "First == Pickle ML": true,
    "Best == Pickle ML": true,
    "tau": 0.5909090909090909,
    "tau_argsort": 0.3787878787878788,
    "subtype_acc": 1.0,
    "mean_stage_healthy": 2.6866666666666665,
    "tau_mcmc": 0.5909090909090909,
    "tau_argsort_mcmc": 0.3787878787878788,
    "subtype_acc_mcmc": 1.0,
    "mean_stage_healthy_mcmc": 2.6866666666666665,
    "true_n_subtypes": 1
}