{
    "runtime": 999.0660004615784,
    "First == Best": true,
    "First == Pickle ML": true,
    "Best == Pickle ML": true,
    "tau": 0.3363636363636363,
    "tau_argsort": 0.5181818181818182,
    "subtype_acc": 0.15174960812927948,
    "mean_stage_healthy": 1.964,
    "tau_mcmc": 0.3363636363636363,
    "tau_argsort_mcmc": 0.5181818181818182,
    "subtype_acc_mcmc": 0.152874047434826,
    "mean_stage_healthy_mcmc": 1.9293333333333333,
    "true_n_subtypes": 5
}