{
    "runtime": 367.11023473739624,
    "First == Best": true,
    "First == Pickle ML": true,
    "Best == Pickle ML": true,
    "tau": 0.3131313131313131,
    "tau_argsort": 0.3737373737373737,
    "subtype_acc": 0.09359581465743344,
    "mean_stage_healthy": 2.1706666666666665,
    "tau_mcmc": 0.3131313131313131,
    "tau_argsort_mcmc": 0.3737373737373737,
    "subtype_acc_mcmc": 0.09459477845256038,
    "mean_stage_healthy_mcmc": 2.164,
    "true_n_subtypes": 3,
    "runtime_cross_validation": 3825.0472066402435,
    "ml_n_subtypes": 3,
    "correct_bool": 1,
    "absolute_error": 0,
    "relative_error": 0
}