{
    "runtime": 1030.7110648155212,
    "First == Best": true,
    "First == Pickle ML": true,
    "Best == Pickle ML": true,
    "tau": 0.45151515151515154,
    "tau_argsort": 0.5,
    "subtype_acc": 0.07550744050013736,
    "mean_stage_healthy": 4.224899598393574,
    "tau_mcmc": 0.45151515151515154,
    "tau_argsort_mcmc": 0.5,
    "subtype_acc_mcmc": 0.0795280144948889,
    "mean_stage_healthy_mcmc": 4.236947791164659,
    "true_n_subtypes": 5
}