{
    "runtime": 1018.5480060577393,
    "First == Best": true,
    "First == Pickle ML": true,
    "Best == Pickle ML": true,
    "tau": 0.42727272727272725,
    "tau_argsort": 0.3787878787878788,
    "subtype_acc": 0.20656596783289158,
    "mean_stage_healthy": 5.768,
    "tau_mcmc": 0.42727272727272725,
    "tau_argsort_mcmc": 0.3787878787878788,
    "subtype_acc_mcmc": 0.0,
    "mean_stage_healthy_mcmc": 5.836,
    "true_n_subtypes": 5
}