{
    "runtime": 486.76985597610474,
    "First == Best": true,
    "First == Pickle ML": true,
    "Best == Pickle ML": true,
    "tau": 0.3737373737373737,
    "tau_argsort": 0.3838383838383838,
    "subtype_acc": 0.23152049681326056,
    "mean_stage_healthy": 4.604838709677419,
    "tau_mcmc": 0.3737373737373737,
    "tau_argsort_mcmc": 0.3838383838383838,
    "subtype_acc_mcmc": 0.23174542761969763,
    "mean_stage_healthy_mcmc": 4.612903225806452,
    "true_n_subtypes": 3
}