{
    "runtime": 178.65407395362854,
    "First == Best": true,
    "First == Pickle ML": true,
    "Best == Pickle ML": true,
    "tau": 0.4545454545454546,
    "tau_argsort": 0.5,
    "subtype_acc": 0.007697091576417467,
    "mean_stage_healthy": 1.9799196787148594,
    "tau_mcmc": 0.4545454545454546,
    "tau_argsort_mcmc": 0.5,
    "subtype_acc_mcmc": 0.007697091576417467,
    "mean_stage_healthy_mcmc": 1.9799196787148594,
    "true_n_subtypes": 2
}