{
    "runtime": 457.7121901512146,
    "First == Best": true,
    "First == Pickle ML": true,
    "Best == Pickle ML": true,
    "tau": 0.51010101010101,
    "tau_argsort": 0.4898989898989899,
    "subtype_acc": 0.07335644896772218,
    "mean_stage_healthy": 3.2226666666666666,
    "tau_mcmc": 0.51010101010101,
    "tau_argsort_mcmc": 0.4898989898989899,
    "subtype_acc_mcmc": 0.0,
    "mean_stage_healthy_mcmc": 2.972,
    "true_n_subtypes": 3
}