{
    "runtime": 347.97258615493774,
    "First == Best": false,
    "First == Pickle ML": true,
    "Best == Pickle ML": false,
    "tau": 0.41414141414141414,
    "tau_argsort": 0.5252525252525252,
    "subtype_acc": 0.10271535446831276,
    "mean_stage_healthy": 2.1533333333333333,
    "tau_mcmc": 0.34848484848484845,
    "tau_argsort_mcmc": 0.5202020202020202,
    "subtype_acc_mcmc": 0.051128975229413606,
    "mean_stage_healthy_mcmc": 1.9613333333333334,
    "true_n_subtypes": 3
}