{
    "runtime": 60.3609561920166,
    "First == Best": true,
    "First == Pickle ML": true,
    "Best == Pickle ML": true,
    "tau": 0.4090909090909091,
    "tau_argsort": 0.3787878787878788,
    "subtype_acc": 1.0,
    "mean_stage_healthy": 3.18,
    "tau_mcmc": 0.4090909090909091,
    "tau_argsort_mcmc": 0.3787878787878788,
    "subtype_acc_mcmc": 1.0,
    "mean_stage_healthy_mcmc": 3.18,
    "true_n_subtypes": 1,
    "runtime_cross_validation": 4216.371959209442,
    "ml_n_subtypes": 2,
    "correct_bool": 0,
    "absolute_error": 1,
    "relative_error": 1
}