{
    "runtime": 943.4646980762482,
    "First == Best": true,
    "First == Pickle ML": true,
    "Best == Pickle ML": true,
    "tau": 0.3424242424242424,
    "tau_argsort": 0.49393939393939396,
    "subtype_acc": 0.010181740539723011,
    "mean_stage_healthy": 2.96,
    "tau_mcmc": 0.3424242424242424,
    "tau_argsort_mcmc": 0.49393939393939396,
    "subtype_acc_mcmc": 0.009308745668099609,
    "mean_stage_healthy_mcmc": 2.896,
    "true_n_subtypes": 5
}