{
    "runtime": 604.8622932434082,
    "First == Best": true,
    "First == Pickle ML": true,
    "Best == Pickle ML": true,
    "tau": 0.38257575757575757,
    "tau_argsort": 0.4053030303030303,
    "subtype_acc": 0.1004950338548848,
    "mean_stage_healthy": 1.924,
    "tau_mcmc": 0.38257575757575757,
    "tau_argsort_mcmc": 0.4053030303030303,
    "subtype_acc_mcmc": 0.08217275081386402,
    "mean_stage_healthy_mcmc": 1.9453333333333334,
    "true_n_subtypes": 4
}