{
    "runtime": 560.6922347545624,
    "First == Best": false,
    "First == Pickle ML": true,
    "Best == Pickle ML": false,
    "tau": 0.4166666666666667,
    "tau_argsort": 0.43181818181818177,
    "subtype_acc": 0.31866784780964463,
    "mean_stage_healthy": 2.664,
    "tau_mcmc": 0.3787878787878788,
    "tau_argsort_mcmc": 0.43939393939393934,
    "subtype_acc_mcmc": 0.3146954264789865,
    "mean_stage_healthy_mcmc": 2.604,
    "true_n_subtypes": 4
}