{
    "runtime": 61.97918343544006,
    "First == Best": true,
    "First == Pickle ML": true,
    "Best == Pickle ML": true,
    "tau": 0.4393939393939394,
    "tau_argsort": 0.3787878787878788,
    "subtype_acc": 1.0,
    "mean_stage_healthy": 2.352,
    "tau_mcmc": 0.4393939393939394,
    "tau_argsort_mcmc": 0.3787878787878788,
    "subtype_acc_mcmc": 1.0,
    "mean_stage_healthy_mcmc": 2.352,
    "true_n_subtypes": 1
}