{
    "runtime": 380.89744997024536,
    "First == Best": true,
    "First == Pickle ML": true,
    "Best == Pickle ML": true,
    "tau": 0.3838383838383838,
    "tau_argsort": 0.5454545454545454,
    "subtype_acc": 0.159482136513152,
    "mean_stage_healthy": 2.08,
    "tau_mcmc": 0.3838383838383838,
    "tau_argsort_mcmc": 0.5454545454545454,
    "subtype_acc_mcmc": 0.16080847357357522,
    "mean_stage_healthy_mcmc": 2.026666666666667,
    "true_n_subtypes": 3
}