{
    "runtime": 215.52132105827332,
    "First == Best": true,
    "First == Pickle ML": true,
    "Best == Pickle ML": true,
    "tau": 0.4318181818181818,
    "tau_argsort": 0.3712121212121212,
    "subtype_acc": 0.952315104753409,
    "mean_stage_healthy": 3.7429718875502007,
    "tau_mcmc": 0.4318181818181818,
    "tau_argsort_mcmc": 0.3712121212121212,
    "subtype_acc_mcmc": 0.952315104753409,
    "mean_stage_healthy_mcmc": 3.7429718875502007,
    "true_n_subtypes": 2
}