{
    "runtime": 62.45057487487793,
    "First == Best": true,
    "First == Pickle ML": true,
    "Best == Pickle ML": true,
    "tau": 0.45454545454545453,
    "tau_argsort": 0.36363636363636365,
    "subtype_acc": 1.0,
    "mean_stage_healthy": 4.52,
    "tau_mcmc": 0.45454545454545453,
    "tau_argsort_mcmc": 0.36363636363636365,
    "subtype_acc_mcmc": 1.0,
    "mean_stage_healthy_mcmc": 4.52,
    "true_n_subtypes": 1
}