{
    "runtime": 1025.0571920871735,
    "First == Best": false,
    "First == Pickle ML": true,
    "Best == Pickle ML": false,
    "tau": 0.5121212121212121,
    "tau_argsort": 0.22727272727272724,
    "subtype_acc": 0.20291078063442924,
    "mean_stage_healthy": 1.4497991967871486,
    "tau_mcmc": 0.503030303030303,
    "tau_argsort_mcmc": 0.24242424242424243,
    "subtype_acc_mcmc": 0.19470632659501788,
    "mean_stage_healthy_mcmc": 1.3132530120481927,
    "true_n_subtypes": 5,
    "runtime_cross_validation": 4127.461631774902,
    "ml_n_subtypes": 4,
    "correct_bool": 0,
    "absolute_error": 1,
    "relative_error": -1
}