{
    "runtime": 391.485374212265,
    "First == Best": true,
    "First == Pickle ML": true,
    "Best == Pickle ML": true,
    "tau": 0.4343434343434343,
    "tau_argsort": 0.2727272727272727,
    "subtype_acc": 0.4690314490557038,
    "mean_stage_healthy": 1.5903614457831325,
    "tau_mcmc": 0.4343434343434343,
    "tau_argsort_mcmc": 0.2727272727272727,
    "subtype_acc_mcmc": 0.5482883272963232,
    "mean_stage_healthy_mcmc": 1.5783132530120483,
    "true_n_subtypes": 3,
    "runtime_cross_validation": 4100.096038341522,
    "ml_n_subtypes": 4,
    "correct_bool": 0,
    "absolute_error": 1,
    "relative_error": 1
}