{
    "runtime": 76.3263955116272,
    "First == Best": true,
    "First == Pickle ML": true,
    "Best == Pickle ML": true,
    "tau": 0.48484848484848486,
    "tau_argsort": 0.48484848484848486,
    "subtype_acc": 1.0,
    "mean_stage_healthy": 1.5786666666666667,
    "tau_mcmc": 0.48484848484848486,
    "tau_argsort_mcmc": 0.48484848484848486,
    "subtype_acc_mcmc": 1.0,
    "mean_stage_healthy_mcmc": 1.5786666666666667,
    "true_n_subtypes": 1
}