{
    "runtime": 564.8997509479523,
    "First == Best": true,
    "First == Pickle ML": true,
    "Best == Pickle ML": true,
    "tau": 0.42803030303030304,
    "tau_argsort": 0.26136363636363635,
    "subtype_acc": 0.16600436553293543,
    "mean_stage_healthy": 1.3534136546184738,
    "tau_mcmc": 0.42803030303030304,
    "tau_argsort_mcmc": 0.26136363636363635,
    "subtype_acc_mcmc": 0.1598711682362253,
    "mean_stage_healthy_mcmc": 1.2650602409638554,
    "true_n_subtypes": 4,
    "runtime_cross_validation": 3459.8313126564026,
    "ml_n_subtypes": 5,
    "correct_bool": 0,
    "absolute_error": 1,
    "relative_error": 1
}