{
    "runtime": 181.34118509292603,
    "First == Best": true,
    "First == Pickle ML": true,
    "Best == Pickle ML": true,
    "tau": 0.38636363636363635,
    "tau_argsort": 0.3560606060606061,
    "subtype_acc": 0.6285001893768983,
    "mean_stage_healthy": 2.2971887550200805,
    "tau_mcmc": 0.38636363636363635,
    "tau_argsort_mcmc": 0.3560606060606061,
    "subtype_acc_mcmc": 0.6285001893768983,
    "mean_stage_healthy_mcmc": 2.2971887550200805,
    "true_n_subtypes": 2
}