{
    "runtime": 179.90879034996033,
    "First == Best": true,
    "First == Pickle ML": true,
    "Best == Pickle ML": true,
    "tau": 0.3257575757575758,
    "tau_argsort": 0.3560606060606061,
    "subtype_acc": 0.2075429166031529,
    "mean_stage_healthy": 3.9036144578313254,
    "tau_mcmc": 0.3257575757575758,
    "tau_argsort_mcmc": 0.3560606060606061,
    "subtype_acc_mcmc": 0.20998611700092618,
    "mean_stage_healthy_mcmc": 3.9036144578313254,
    "true_n_subtypes": 2
}