{
    "runtime": 420.18010687828064,
    "First == Best": true,
    "First == Pickle ML": true,
    "Best == Pickle ML": true,
    "tau": 0.44949494949494956,
    "tau_argsort": 0.4090909090909091,
    "subtype_acc": 0.023782650994119428,
    "mean_stage_healthy": 0.808,
    "tau_mcmc": 0.44949494949494956,
    "tau_argsort_mcmc": 0.4090909090909091,
    "subtype_acc_mcmc": 0.021717738217033957,
    "mean_stage_healthy_mcmc": 0.808,
    "true_n_subtypes": 3
}