{
    "runtime": 269.78656363487244,
    "First == Best": true,
    "First == Pickle ML": true,
    "Best == Pickle ML": true,
    "tau": 0.44696969696969696,
    "tau_argsort": 0.5984848484848484,
    "subtype_acc": 0.09815326374606412,
    "mean_stage_healthy": 3.7068273092369477,
    "tau_mcmc": 0.44696969696969696,
    "tau_argsort_mcmc": 0.5984848484848484,
    "subtype_acc_mcmc": 0.09533252989967168,
    "mean_stage_healthy_mcmc": 3.710843373493976,
    "true_n_subtypes": 2
}