{
    "runtime": 188.96265244483948,
    "First == Best": true,
    "First == Pickle ML": true,
    "Best == Pickle ML": true,
    "tau": 0.3560606060606061,
    "tau_argsort": 0.4166666666666667,
    "subtype_acc": 0.10354173792775241,
    "mean_stage_healthy": 2.9106666666666667,
    "tau_mcmc": 0.3560606060606061,
    "tau_argsort_mcmc": 0.4166666666666667,
    "subtype_acc_mcmc": 0.10354173792775241,
    "mean_stage_healthy_mcmc": 2.9106666666666667,
    "true_n_subtypes": 2
}