{
    "runtime": 80.80501818656921,
    "First == Best": true,
    "First == Pickle ML": true,
    "Best == Pickle ML": true,
    "tau": 0.5151515151515151,
    "tau_argsort": 0.30303030303030304,
    "subtype_acc": 1.0,
    "mean_stage_healthy": 3.496,
    "tau_mcmc": 0.5151515151515151,
    "tau_argsort_mcmc": 0.30303030303030304,
    "subtype_acc_mcmc": 1.0,
    "mean_stage_healthy_mcmc": 3.496,
    "true_n_subtypes": 1
}