{
    "runtime": 1160.515550851822,
    "First == Best": true,
    "First == Pickle ML": true,
    "Best == Pickle ML": true,
    "tau": 0.44696969696969696,
    "tau_argsort": 0.45454545454545453,
    "subtype_acc": 0.25878889527103577,
    "mean_stage_healthy": 6.836461126005362,
    "tau_mcmc": 0.44696969696969696,
    "tau_argsort_mcmc": 0.45454545454545453,
    "subtype_acc_mcmc": 0.31449570811794203,
    "mean_stage_healthy_mcmc": 6.801608579088472,
    "true_n_subtypes": 4
}