{
    "runtime": 75.43553161621094,
    "First == Best": true,
    "First == Pickle ML": true,
    "Best == Pickle ML": true,
    "tau": 0.4696969696969697,
    "tau_argsort": 0.5606060606060606,
    "subtype_acc": 1.0,
    "mean_stage_healthy": 2.184,
    "tau_mcmc": 0.4696969696969697,
    "tau_argsort_mcmc": 0.5606060606060606,
    "subtype_acc_mcmc": 1.0,
    "mean_stage_healthy_mcmc": 2.184,
    "true_n_subtypes": 1
}