{
    "runtime": 71.4106695652008,
    "First == Best": true,
    "First == Pickle ML": true,
    "Best == Pickle ML": true,
    "tau": 0.5303030303030303,
    "tau_argsort": 0.6515151515151515,
    "subtype_acc": 1.0,
    "mean_stage_healthy": 1.4533333333333334,
    "tau_mcmc": 0.5303030303030303,
    "tau_argsort_mcmc": 0.6515151515151515,
    "subtype_acc_mcmc": 1.0,
    "mean_stage_healthy_mcmc": 1.4533333333333334,
    "true_n_subtypes": 1
}