{
    "runtime": 69.60422492027283,
    "First == Best": true,
    "First == Pickle ML": true,
    "Best == Pickle ML": true,
    "tau": 0.2878787878787879,
    "tau_argsort": 0.3787878787878788,
    "subtype_acc": 1.0,
    "mean_stage_healthy": 2.176,
    "tau_mcmc": 0.2878787878787879,
    "tau_argsort_mcmc": 0.3787878787878788,
    "subtype_acc_mcmc": 1.0,
    "mean_stage_healthy_mcmc": 2.176,
    "true_n_subtypes": 1
}