{
    "runtime": 1222.5751008987427,
    "First == Best": true,
    "First == Pickle ML": true,
    "Best == Pickle ML": true,
    "tau": 0.428030303030303,
    "tau_argsort": 0.5113636363636364,
    "subtype_acc": 0.056540288065444436,
    "mean_stage_healthy": 4.993333333333333,
    "tau_mcmc": 0.428030303030303,
    "tau_argsort_mcmc": 0.5113636363636364,
    "subtype_acc_mcmc": 0.056540288065444436,
    "mean_stage_healthy_mcmc": 4.988,
    "true_n_subtypes": 4
}