{
    "runtime": 78.99575138092041,
    "First == Best": true,
    "First == Pickle ML": true,
    "Best == Pickle ML": true,
    "tau": 0.3181818181818182,
    "tau_argsort": 0.10606060606060606,
    "subtype_acc": 1.0,
    "mean_stage_healthy": 0.6746666666666666,
    "tau_mcmc": 0.3181818181818182,
    "tau_argsort_mcmc": 0.10606060606060606,
    "subtype_acc_mcmc": 1.0,
    "mean_stage_healthy_mcmc": 0.6746666666666666,
    "true_n_subtypes": 1,
    "runtime_cross_validation": 6323.748410463333,
    "ml_n_subtypes": 3,
    "correct_bool": 0,
    "absolute_error": 2,
    "relative_error": 2
}