{
    "runtime": 302.7148094177246,
    "First == Best": true,
    "First == Pickle ML": true,
    "Best == Pickle ML": true,
    "tau": 0.36363636363636365,
    "tau_argsort": 0.2727272727272727,
    "subtype_acc": 0.2020639479860117,
    "mean_stage_healthy": 1.9545454545454546,
    "tau_mcmc": 0.36363636363636365,
    "tau_argsort_mcmc": 0.2727272727272727,
    "subtype_acc_mcmc": 0.2020639479860117,
    "mean_stage_healthy_mcmc": 1.9545454545454546,
    "true_n_subtypes": 2
}