{
    "runtime": 75.7771224975586,
    "First == Best": true,
    "First == Pickle ML": true,
    "Best == Pickle ML": true,
    "tau": 0.5454545454545454,
    "tau_argsort": 0.2727272727272727,
    "subtype_acc": 1.0,
    "mean_stage_healthy": 1.1946666666666668,
    "tau_mcmc": 0.5454545454545454,
    "tau_argsort_mcmc": 0.2727272727272727,
    "subtype_acc_mcmc": 1.0,
    "mean_stage_healthy_mcmc": 1.1946666666666668,
    "true_n_subtypes": 1
}