{
    "runtime": 75.87385129928589,
    "First == Best": true,
    "First == Pickle ML": true,
    "Best == Pickle ML": true,
    "tau": 0.6212121212121212,
    "tau_argsort": 0.3181818181818182,
    "subtype_acc": 1.0,
    "mean_stage_healthy": 2.2786666666666666,
    "tau_mcmc": 0.6212121212121212,
    "tau_argsort_mcmc": 0.3181818181818182,
    "subtype_acc_mcmc": 1.0,
    "mean_stage_healthy_mcmc": 2.2786666666666666,
    "true_n_subtypes": 1
}