{
    "runtime": 76.7921371459961,
    "First == Best": true,
    "First == Pickle ML": true,
    "Best == Pickle ML": true,
    "tau": 0.6060606060606061,
    "tau_argsort": 0.36363636363636365,
    "subtype_acc": 1.0,
    "mean_stage_healthy": 2.1266666666666665,
    "tau_mcmc": 0.6060606060606061,
    "tau_argsort_mcmc": 0.36363636363636365,
    "subtype_acc_mcmc": 1.0,
    "mean_stage_healthy_mcmc": 2.1266666666666665,
    "true_n_subtypes": 1
}