{
    "runtime": 357.84740376472473,
    "First == Best": true,
    "First == Pickle ML": true,
    "Best == Pickle ML": true,
    "tau": 0.5757575757575757,
    "tau_argsort": 0.48484848484848486,
    "subtype_acc": 0.8669044566420842,
    "mean_stage_healthy": 1.8924444444444444,
    "tau_mcmc": 0.5757575757575757,
    "tau_argsort_mcmc": 0.48484848484848486,
    "subtype_acc_mcmc": 0.8669044566420842,
    "mean_stage_healthy_mcmc": 1.8933333333333333,
    "true_n_subtypes": 2
}