{
    "runtime": 67.3016951084137,
    "First == Best": true,
    "First == Pickle ML": true,
    "Best == Pickle ML": true,
    "tau": 0.5454545454545454,
    "tau_argsort": 0.18181818181818182,
    "subtype_acc": 1.0,
    "mean_stage_healthy": 1.6626666666666667,
    "tau_mcmc": 0.5454545454545454,
    "tau_argsort_mcmc": 0.18181818181818182,
    "subtype_acc_mcmc": 1.0,
    "mean_stage_healthy_mcmc": 1.6626666666666667,
    "true_n_subtypes": 1
}