{
    "runtime": 244.5268623828888,
    "First == Best": true,
    "First == Pickle ML": true,
    "Best == Pickle ML": true,
    "tau": 0.46212121212121215,
    "tau_argsort": 0.446969696969697,
    "subtype_acc": 0.5119619724615877,
    "mean_stage_healthy": 3.2406417112299466,
    "tau_mcmc": 0.46212121212121215,
    "tau_argsort_mcmc": 0.446969696969697,
    "subtype_acc_mcmc": 0.5119619724615877,
    "mean_stage_healthy_mcmc": 3.2406417112299466,
    "true_n_subtypes": 2
}