{
    "runtime": 1055.0505974292755,
    "First == Best": true,
    "First == Pickle ML": true,
    "Best == Pickle ML": true,
    "tau": 0.5060606060606061,
    "tau_argsort": 0.45151515151515154,
    "subtype_acc": 0.06704807701475395,
    "mean_stage_healthy": 8.357333333333333,
    "tau_mcmc": 0.5060606060606061,
    "tau_argsort_mcmc": 0.45151515151515154,
    "subtype_acc_mcmc": 0.06833226709229596,
    "mean_stage_healthy_mcmc": 8.188,
    "true_n_subtypes": 5
}