{
    "runtime": 71.09579753875732,
    "First == Best": true,
    "First == Pickle ML": true,
    "Best == Pickle ML": true,
    "tau": 0.5303030303030303,
    "tau_argsort": 0.25757575757575757,
    "subtype_acc": 1.0,
    "mean_stage_healthy": 1.4253333333333333,
    "tau_mcmc": 0.5303030303030303,
    "tau_argsort_mcmc": 0.25757575757575757,
    "subtype_acc_mcmc": 1.0,
    "mean_stage_healthy_mcmc": 1.4253333333333333,
    "true_n_subtypes": 1,
    "runtime_cross_validation": 5286.0911383628845,
    "ml_n_subtypes": 3,
    "correct_bool": 0,
    "absolute_error": 2,
    "relative_error": 2
}