{
    "runtime": 246.6603639125824,
    "First == Best": true,
    "First == Pickle ML": true,
    "Best == Pickle ML": true,
    "tau": 0.36363636363636365,
    "tau_argsort": 0.40909090909090906,
    "subtype_acc": 0.14404601879736623,
    "mean_stage_healthy": 1.0826666666666667,
    "tau_mcmc": 0.36363636363636365,
    "tau_argsort_mcmc": 0.40909090909090906,
    "subtype_acc_mcmc": 0.14540691531609815,
    "mean_stage_healthy_mcmc": 1.0826666666666667,
    "true_n_subtypes": 2
}