{
    "runtime": 790.8398950099945,
    "First == Best": true,
    "First == Pickle ML": true,
    "Best == Pickle ML": true,
    "tau": 0.40909090909090906,
    "tau_argsort": 0.22727272727272724,
    "subtype_acc": 0.15680675040940178,
    "mean_stage_healthy": 1.1,
    "tau_mcmc": 0.40909090909090906,
    "tau_argsort_mcmc": 0.22727272727272724,
    "subtype_acc_mcmc": 0.15672530232743742,
    "mean_stage_healthy_mcmc": 1.0946666666666667,
    "true_n_subtypes": 4
}