{
    "runtime": 278.1054198741913,
    "First == Best": true,
    "First == Pickle ML": true,
    "Best == Pickle ML": true,
    "tau": 0.6136363636363636,
    "tau_argsort": 0.47727272727272724,
    "subtype_acc": 0.6009873703135717,
    "mean_stage_healthy": 3.316,
    "tau_mcmc": 0.6136363636363636,
    "tau_argsort_mcmc": 0.47727272727272724,
    "subtype_acc_mcmc": 0.6763418211934039,
    "mean_stage_healthy_mcmc": 3.2933333333333334,
    "true_n_subtypes": 2
}