{
    "runtime": 476.1185369491577,
    "First == Best": true,
    "First == Pickle ML": true,
    "Best == Pickle ML": true,
    "tau": 0.4444444444444444,
    "tau_argsort": 0.35353535353535354,
    "subtype_acc": 0.3949434272047352,
    "mean_stage_healthy": 6.267379679144385,
    "tau_mcmc": 0.4444444444444444,
    "tau_argsort_mcmc": 0.35353535353535354,
    "subtype_acc_mcmc": 0.40070394339165555,
    "mean_stage_healthy_mcmc": 6.262032085561497,
    "true_n_subtypes": 3
}