{
    "runtime": 1157.2066447734833,
    "First == Best": false,
    "First == Pickle ML": true,
    "Best == Pickle ML": false,
    "tau": 0.40909090909090906,
    "tau_argsort": 0.5363636363636364,
    "subtype_acc": 0.05132328937340367,
    "mean_stage_healthy": 2.944,
    "tau_mcmc": 0.403030303030303,
    "tau_argsort_mcmc": 0.5363636363636364,
    "subtype_acc_mcmc": 0.05248122719038978,
    "mean_stage_healthy_mcmc": 2.96,
    "true_n_subtypes": 5
}