{
    "runtime": 1817.6898243427277,
    "First == Best": true,
    "First == Pickle ML": true,
    "Best == Pickle ML": true,
    "tau": 0.5151515151515151,
    "tau_argsort": 0.3939393939393939,
    "subtype_acc": 0.24056152923515262,
    "mean_stage_healthy": 3.457777777777778,
    "tau_mcmc": 0.5151515151515151,
    "tau_argsort_mcmc": 0.3939393939393939,
    "subtype_acc_mcmc": 0.0784732543238149,
    "mean_stage_healthy_mcmc": 2.912,
    "true_n_subtypes": 5
}