{
    "runtime": 499.9126670360565,
    "First == Best": true,
    "First == Pickle ML": true,
    "Best == Pickle ML": true,
    "tau": 0.41414141414141414,
    "tau_argsort": 0.2828282828282828,
    "subtype_acc": 0.26509939655782694,
    "mean_stage_healthy": 1.018716577540107,
    "tau_mcmc": 0.41414141414141414,
    "tau_argsort_mcmc": 0.2828282828282828,
    "subtype_acc_mcmc": 0.26562324025787615,
    "mean_stage_healthy_mcmc": 1.0561497326203209,
    "true_n_subtypes": 3
}