{
    "runtime": 1155.7953209877014,
    "First == Best": true,
    "First == Pickle ML": true,
    "Best == Pickle ML": true,
    "tau": 0.41515151515151516,
    "tau_argsort": 0.36666666666666664,
    "subtype_acc": 0.09971060499996177,
    "mean_stage_healthy": 1.3733333333333333,
    "tau_mcmc": 0.41515151515151516,
    "tau_argsort_mcmc": 0.36666666666666664,
    "subtype_acc_mcmc": 0.10559717661826423,
    "mean_stage_healthy_mcmc": 1.3493333333333333,
    "true_n_subtypes": 5
}