{
    "runtime": 1553.0462756156921,
    "First == Best": true,
    "First == Pickle ML": true,
    "Best == Pickle ML": true,
    "tau": 0.49696969696969695,
    "tau_argsort": 0.15757575757575756,
    "subtype_acc": 0.021553041635287595,
    "mean_stage_healthy": 0.9386666666666666,
    "tau_mcmc": 0.49696969696969695,
    "tau_argsort_mcmc": 0.15757575757575756,
    "subtype_acc_mcmc": 0.1363661053201112,
    "mean_stage_healthy_mcmc": 0.9306666666666666,
    "true_n_subtypes": 5,
    "runtime_cross_validation": 6344.850852012634,
    "ml_n_subtypes": 5,
    "correct_bool": 1,
    "absolute_error": 0,
    "relative_error": 0
}