{
    "runtime": 1262.3127665519714,
    "First == Best": true,
    "First == Pickle ML": true,
    "Best == Pickle ML": true,
    "tau": 0.3787878787878788,
    "tau_argsort": 0.44545454545454544,
    "subtype_acc": 0.0864243415000147,
    "mean_stage_healthy": 3.9186666666666667,
    "tau_mcmc": 0.3787878787878788,
    "tau_argsort_mcmc": 0.44545454545454544,
    "subtype_acc_mcmc": 0.0746625508947299,
    "mean_stage_healthy_mcmc": 4.082666666666666,
    "true_n_subtypes": 5
}