{
    "runtime": 243.30411386489868,
    "First == Best": true,
    "First == Pickle ML": true,
    "Best == Pickle ML": true,
    "tau": 0.4015151515151515,
    "tau_argsort": 0.446969696969697,
    "subtype_acc": 0.12448910839747594,
    "mean_stage_healthy": 3.8850267379679146,
    "tau_mcmc": 0.4015151515151515,
    "tau_argsort_mcmc": 0.446969696969697,
    "subtype_acc_mcmc": 0.12314926074146286,
    "mean_stage_healthy_mcmc": 3.879679144385027,
    "true_n_subtypes": 2
}