{
    "runtime": 79.41469025611877,
    "First == Best": true,
    "First == Pickle ML": true,
    "Best == Pickle ML": true,
    "tau": 0.3787878787878788,
    "tau_argsort": 0.25757575757575757,
    "subtype_acc": 1.0,
    "mean_stage_healthy": 1.856,
    "tau_mcmc": 0.3787878787878788,
    "tau_argsort_mcmc": 0.25757575757575757,
    "subtype_acc_mcmc": 1.0,
    "mean_stage_healthy_mcmc": 1.856,
    "true_n_subtypes": 1,
    "runtime_cross_validation": 6427.642643690109,
    "ml_n_subtypes": 2,
    "correct_bool": 0,
    "absolute_error": 1,
    "relative_error": 1
}