{
    "runtime": 70.83679914474487,
    "First == Best": true,
    "First == Pickle ML": true,
    "Best == Pickle ML": true,
    "tau": 0.5151515151515151,
    "tau_argsort": 0.15151515151515152,
    "subtype_acc": 1.0,
    "mean_stage_healthy": 1.2866666666666666,
    "tau_mcmc": 0.5151515151515151,
    "tau_argsort_mcmc": 0.15151515151515152,
    "subtype_acc_mcmc": 1.0,
    "mean_stage_healthy_mcmc": 1.2866666666666666,
    "true_n_subtypes": 1
}