{
    "runtime": 805.5367565155029,
    "First == Best": true,
    "First == Pickle ML": true,
    "Best == Pickle ML": true,
    "tau": 0.4659090909090909,
    "tau_argsort": 0.40530303030303033,
    "subtype_acc": 0.08804160917721983,
    "mean_stage_healthy": 3.453333333333333,
    "tau_mcmc": 0.4659090909090909,
    "tau_argsort_mcmc": 0.40530303030303033,
    "subtype_acc_mcmc": 0.1006223984073984,
    "mean_stage_healthy_mcmc": 3.3715555555555556,
    "true_n_subtypes": 4
}