{
    "runtime": 283.86513209342957,
    "First == Best": true,
    "First == Pickle ML": true,
    "Best == Pickle ML": true,
    "tau": 0.38636363636363635,
    "tau_argsort": 0.44696969696969696,
    "subtype_acc": 0.1686588027986921,
    "mean_stage_healthy": 2.3395555555555556,
    "tau_mcmc": 0.38636363636363635,
    "tau_argsort_mcmc": 0.44696969696969696,
    "subtype_acc_mcmc": 0.16426736354554367,
    "mean_stage_healthy_mcmc": 2.336,
    "true_n_subtypes": 2
}