{
    "runtime": 473.02603459358215,
    "First == Best": true,
    "First == Pickle ML": true,
    "Best == Pickle ML": true,
    "tau": 0.393939393939394,
    "tau_argsort": 0.3636363636363636,
    "subtype_acc": 0.31322465081380413,
    "mean_stage_healthy": 1.4438502673796791,
    "tau_mcmc": 0.393939393939394,
    "tau_argsort_mcmc": 0.3636363636363636,
    "subtype_acc_mcmc": 0.311885564168974,
    "mean_stage_healthy_mcmc": 1.4251336898395721,
    "true_n_subtypes": 3
}