{
    "runtime": 872.1039514541626,
    "First == Best": true,
    "First == Pickle ML": true,
    "Best == Pickle ML": true,
    "tau": 0.356060606060606,
    "tau_argsort": 0.28787878787878785,
    "subtype_acc": 0.17459278572488024,
    "mean_stage_healthy": 1.3013333333333332,
    "tau_mcmc": 0.356060606060606,
    "tau_argsort_mcmc": 0.28787878787878785,
    "subtype_acc_mcmc": 0.19097068784236731,
    "mean_stage_healthy_mcmc": 1.295111111111111,
    "true_n_subtypes": 4
}