{
    "runtime": 77.54684901237488,
    "First == Best": true,
    "First == Pickle ML": true,
    "Best == Pickle ML": true,
    "tau": 0.5909090909090909,
    "tau_argsort": 0.4090909090909091,
    "subtype_acc": 1.0,
    "mean_stage_healthy": 1.7342222222222223,
    "tau_mcmc": 0.5909090909090909,
    "tau_argsort_mcmc": 0.4090909090909091,
    "subtype_acc_mcmc": 1.0,
    "mean_stage_healthy_mcmc": 1.7342222222222223,
    "true_n_subtypes": 1
}