{
    "runtime": 242.673442363739,
    "First == Best": true,
    "First == Pickle ML": true,
    "Best == Pickle ML": true,
    "tau": 0.5151515151515151,
    "tau_argsort": 0.3939393939393939,
    "subtype_acc": 0.43833711892988625,
    "mean_stage_healthy": 3.016,
    "tau_mcmc": 0.5151515151515151,
    "tau_argsort_mcmc": 0.3939393939393939,
    "subtype_acc_mcmc": 0.43833711892988625,
    "mean_stage_healthy_mcmc": 3.014222222222222,
    "true_n_subtypes": 2
}