{
    "runtime": 91.94632124900818,
    "First == Best": true,
    "First == Pickle ML": true,
    "Best == Pickle ML": true,
    "tau": 0.5606060606060606,
    "tau_argsort": 0.25757575757575757,
    "subtype_acc": 1.0,
    "mean_stage_healthy": 2.2986666666666666,
    "tau_mcmc": 0.5606060606060606,
    "tau_argsort_mcmc": 0.25757575757575757,
    "subtype_acc_mcmc": 1.0,
    "mean_stage_healthy_mcmc": 2.2986666666666666,
    "true_n_subtypes": 1,
    "runtime_cross_validation": 6925.3638508319855,
    "ml_n_subtypes": 2,
    "correct_bool": 0,
    "absolute_error": 1,
    "relative_error": 1
}