{
    "runtime": 87.4844138622284,
    "First == Best": true,
    "First == Pickle ML": true,
    "Best == Pickle ML": true,
    "tau": 0.42424242424242425,
    "tau_argsort": 0.2727272727272727,
    "subtype_acc": 1.0,
    "mean_stage_healthy": 1.8382222222222222,
    "tau_mcmc": 0.42424242424242425,
    "tau_argsort_mcmc": 0.2727272727272727,
    "subtype_acc_mcmc": 1.0,
    "mean_stage_healthy_mcmc": 1.8382222222222222,
    "true_n_subtypes": 1
}