{
    "runtime": 1014.5590786933899,
    "First == Best": true,
    "First == Pickle ML": true,
    "Best == Pickle ML": true,
    "tau": 0.4909090909090909,
    "tau_argsort": 0.39999999999999997,
    "subtype_acc": 0.006836030402776585,
    "mean_stage_healthy": 7.696,
    "tau_mcmc": 0.4909090909090909,
    "tau_argsort_mcmc": 0.39999999999999997,
    "subtype_acc_mcmc": -0.005781695860900334,
    "mean_stage_healthy_mcmc": 8.208,
    "true_n_subtypes": 5
}