{
    "runtime": 846.6376585960388,
    "First == Best": true,
    "First == Pickle ML": true,
    "Best == Pickle ML": true,
    "tau": 0.3939393939393939,
    "tau_argsort": 0.4545454545454546,
    "subtype_acc": 0.0722065339595143,
    "mean_stage_healthy": 2.552,
    "tau_mcmc": 0.3939393939393939,
    "tau_argsort_mcmc": 0.4545454545454546,
    "subtype_acc_mcmc": 0.07888731546799677,
    "mean_stage_healthy_mcmc": 2.553777777777778,
    "true_n_subtypes": 4
}