{
    "runtime": 70.15213990211487,
    "First == Best": true,
    "First == Pickle ML": true,
    "Best == Pickle ML": true,
    "tau": 0.7424242424242424,
    "tau_argsort": 0.3181818181818182,
    "subtype_acc": 1.0,
    "mean_stage_healthy": 2.148,
    "tau_mcmc": 0.7424242424242424,
    "tau_argsort_mcmc": 0.3181818181818182,
    "subtype_acc_mcmc": 1.0,
    "mean_stage_healthy_mcmc": 2.08,
    "true_n_subtypes": 1
}