{
    "runtime": 778.9438180923462,
    "First == Best": true,
    "First == Pickle ML": true,
    "Best == Pickle ML": true,
    "tau": 0.48863636363636365,
    "tau_argsort": 0.34469696969696967,
    "subtype_acc": 0.07955588647888857,
    "mean_stage_healthy": 5.8533333333333335,
    "tau_mcmc": 0.48863636363636365,
    "tau_argsort_mcmc": 0.34469696969696967,
    "subtype_acc_mcmc": 0.10041840201683416,
    "mean_stage_healthy_mcmc": 5.849333333333333,
    "true_n_subtypes": 4
}