{
    "runtime": 88.7374176979065,
    "First == Best": true,
    "First == Pickle ML": true,
    "Best == Pickle ML": true,
    "tau": 0.4393939393939394,
    "tau_argsort": 0.045454545454545456,
    "subtype_acc": 1.0,
    "mean_stage_healthy": 1.2106666666666666,
    "tau_mcmc": 0.4393939393939394,
    "tau_argsort_mcmc": 0.045454545454545456,
    "subtype_acc_mcmc": 1.0,
    "mean_stage_healthy_mcmc": 1.2106666666666666,
    "true_n_subtypes": 1,
    "runtime_cross_validation": 5972.050704240799,
    "ml_n_subtypes": 2,
    "correct_bool": 0,
    "absolute_error": 1,
    "relative_error": 1
}