{
    "runtime": 70.53200507164001,
    "First == Best": true,
    "First == Pickle ML": true,
    "Best == Pickle ML": true,
    "tau": 0.4696969696969697,
    "tau_argsort": 0.4090909090909091,
    "subtype_acc": 1.0,
    "mean_stage_healthy": 3.008,
    "tau_mcmc": 0.4696969696969697,
    "tau_argsort_mcmc": 0.4090909090909091,
    "subtype_acc_mcmc": 1.0,
    "mean_stage_healthy_mcmc": 3.008,
    "true_n_subtypes": 1
}