{
    "runtime": 477.19053316116333,
    "First == Best": true,
    "First == Pickle ML": true,
    "Best == Pickle ML": true,
    "tau": 0.47979797979797983,
    "tau_argsort": 0.4393939393939394,
    "subtype_acc": 0.6342427646893556,
    "mean_stage_healthy": 7.7994652406417115,
    "tau_mcmc": 0.47979797979797983,
    "tau_argsort_mcmc": 0.4393939393939394,
    "subtype_acc_mcmc": 0.6260778176994749,
    "mean_stage_healthy_mcmc": 7.823529411764706,
    "true_n_subtypes": 3
}