{
    "runtime": 272.96745133399963,
    "First == Best": true,
    "First == Pickle ML": true,
    "Best == Pickle ML": true,
    "tau": 0.5227272727272727,
    "tau_argsort": 0.3712121212121212,
    "subtype_acc": 0.4825574047062686,
    "mean_stage_healthy": 2.864,
    "tau_mcmc": 0.5227272727272727,
    "tau_argsort_mcmc": 0.3712121212121212,
    "subtype_acc_mcmc": 0.4773500082622376,
    "mean_stage_healthy_mcmc": 2.958666666666667,
    "true_n_subtypes": 2
}