{
    "runtime": 76.67525100708008,
    "First == Best": true,
    "First == Pickle ML": true,
    "Best == Pickle ML": true,
    "tau": 0.3939393939393939,
    "tau_argsort": 0.3939393939393939,
    "subtype_acc": 1.0,
    "mean_stage_healthy": 2.078666666666667,
    "tau_mcmc": 0.3939393939393939,
    "tau_argsort_mcmc": 0.3939393939393939,
    "subtype_acc_mcmc": 1.0,
    "mean_stage_healthy_mcmc": 2.078666666666667,
    "true_n_subtypes": 1
}