{
    "runtime": 482.8750207424164,
    "First == Best": false,
    "First == Pickle ML": true,
    "Best == Pickle ML": false,
    "tau": 0.4444444444444444,
    "tau_argsort": 0.4646464646464647,
    "subtype_acc": 0.11773887553371414,
    "mean_stage_healthy": 2.6186666666666665,
    "tau_mcmc": 0.4444444444444444,
    "tau_argsort_mcmc": 0.4646464646464647,
    "subtype_acc_mcmc": 0.12006110943248281,
    "mean_stage_healthy_mcmc": 2.6826666666666665,
    "true_n_subtypes": 3
}