{
    "runtime": 373.1976239681244,
    "First == Best": true,
    "First == Pickle ML": true,
    "Best == Pickle ML": true,
    "tau": 0.4015151515151515,
    "tau_argsort": 0.3560606060606061,
    "subtype_acc": 0.01828087167070218,
    "mean_stage_healthy": 1.8782222222222222,
    "tau_mcmc": 0.4015151515151515,
    "tau_argsort_mcmc": 0.3560606060606061,
    "subtype_acc_mcmc": 0.016073119519123883,
    "mean_stage_healthy_mcmc": 1.720888888888889,
    "true_n_subtypes": 2
}