{
    "runtime": 93.96137571334839,
    "First == Best": true,
    "First == Pickle ML": true,
    "Best == Pickle ML": true,
    "tau": 0.45454545454545453,
    "tau_argsort": 0.42424242424242425,
    "subtype_acc": 1.0,
    "mean_stage_healthy": 1.248,
    "tau_mcmc": 0.45454545454545453,
    "tau_argsort_mcmc": 0.42424242424242425,
    "subtype_acc_mcmc": 1.0,
    "mean_stage_healthy_mcmc": 1.248,
    "true_n_subtypes": 1
}