{
    "runtime": 1439.4973113536835,
    "First == Best": true,
    "First == Pickle ML": true,
    "Best == Pickle ML": true,
    "tau": 0.36666666666666664,
    "tau_argsort": 0.5545454545454546,
    "subtype_acc": 0.018460769977829777,
    "mean_stage_healthy": 3.578666666666667,
    "tau_mcmc": 0.36666666666666664,
    "tau_argsort_mcmc": 0.5545454545454546,
    "subtype_acc_mcmc": 0.019115109133671128,
    "mean_stage_healthy_mcmc": 3.6506666666666665,
    "true_n_subtypes": 5
}