{
    "runtime": 107.74666810035706,
    "First == Best": true,
    "First == Pickle ML": true,
    "Best == Pickle ML": true,
    "tau": 0.6060606060606061,
    "tau_argsort": 0.3939393939393939,
    "subtype_acc": 1.0,
    "mean_stage_healthy": 2.048,
    "tau_mcmc": 0.6060606060606061,
    "tau_argsort_mcmc": 0.3939393939393939,
    "subtype_acc_mcmc": 1.0,
    "mean_stage_healthy_mcmc": 2.048,
    "true_n_subtypes": 1
}