{
    "runtime": 479.9419355392456,
    "First == Best": false,
    "First == Pickle ML": true,
    "Best == Pickle ML": false,
    "tau": 0.41919191919191917,
    "tau_argsort": 0.47979797979797983,
    "subtype_acc": 0.2032841505420459,
    "mean_stage_healthy": 4.254010695187166,
    "tau_mcmc": 0.4090909090909091,
    "tau_argsort_mcmc": 0.51010101010101,
    "subtype_acc_mcmc": 0.20164330320056514,
    "mean_stage_healthy_mcmc": 4.114973262032086,
    "true_n_subtypes": 3
}