{
    "runtime": 746.4502701759338,
    "First == Best": true,
    "First == Pickle ML": true,
    "Best == Pickle ML": true,
    "tau": 0.4962121212121212,
    "tau_argsort": 0.46590909090909094,
    "subtype_acc": 0.1739749695381019,
    "mean_stage_healthy": 3.8746666666666667,
    "tau_mcmc": 0.4962121212121212,
    "tau_argsort_mcmc": 0.46590909090909094,
    "subtype_acc_mcmc": 0.17505860534695253,
    "mean_stage_healthy_mcmc": 3.864,
    "true_n_subtypes": 4
}