{
    "runtime": 905.5081343650818,
    "First == Best": false,
    "First == Pickle ML": true,
    "Best == Pickle ML": false,
    "tau": 0.4696969696969697,
    "tau_argsort": 0.5681818181818181,
    "subtype_acc": 0.05196380181332679,
    "mean_stage_healthy": 4.166666666666667,
    "tau_mcmc": 0.4696969696969697,
    "tau_argsort_mcmc": 0.5606060606060607,
    "subtype_acc_mcmc": 0.04593314266119236,
    "mean_stage_healthy_mcmc": 4.169333333333333,
    "true_n_subtypes": 4
}