{
    "runtime": 57.24530792236328,
    "First == Best": true,
    "First == Pickle ML": true,
    "Best == Pickle ML": true,
    "tau": 0.3181818181818182,
    "tau_argsort": 0.19696969696969696,
    "subtype_acc": 1.0,
    "mean_stage_healthy": 2.3,
    "tau_mcmc": 0.3181818181818182,
    "tau_argsort_mcmc": 0.19696969696969696,
    "subtype_acc_mcmc": 1.0,
    "mean_stage_healthy_mcmc": 2.3,
    "true_n_subtypes": 1
}