{
    "runtime": 49.034475803375244,
    "First == Best": true,
    "First == Pickle ML": true,
    "Best == Pickle ML": true,
    "tau": 0.5757575757575758,
    "tau_argsort": 0.6363636363636364,
    "subtype_acc": 1.0,
    "mean_stage_healthy": 1.96,
    "tau_mcmc": 0.5757575757575758,
    "tau_argsort_mcmc": 0.6363636363636364,
    "subtype_acc_mcmc": 1.0,
    "mean_stage_healthy_mcmc": 1.96,
    "true_n_subtypes": 1
}