{
    "runtime": 33.63865947723389,
    "First == Best": true,
    "First == Pickle ML": true,
    "Best == Pickle ML": true,
    "tau": 0.5151515151515151,
    "tau_argsort": 0.42424242424242425,
    "subtype_acc": 1.0,
    "mean_stage_healthy": 3.5866666666666664,
    "tau_mcmc": 0.5151515151515151,
    "tau_argsort_mcmc": 0.42424242424242425,
    "subtype_acc_mcmc": 1.0,
    "mean_stage_healthy_mcmc": 3.6266666666666665,
    "true_n_subtypes": 1
}