{
    "runtime": 278.0536346435547,
    "First == Best": true,
    "First == Pickle ML": true,
    "Best == Pickle ML": true,
    "tau": 0.4015151515151515,
    "tau_argsort": 0.446969696969697,
    "subtype_acc": 0.308481987262761,
    "mean_stage_healthy": 3.502222222222222,
    "tau_mcmc": 0.4015151515151515,
    "tau_argsort_mcmc": 0.446969696969697,
    "subtype_acc_mcmc": 0.0,
    "mean_stage_healthy_mcmc": 3.4844444444444442,
    "true_n_subtypes": 4
}