{
    "runtime": 51.302948236465454,
    "First == Best": true,
    "First == Pickle ML": true,
    "Best == Pickle ML": true,
    "tau": 0.4696969696969697,
    "tau_argsort": 0.4393939393939394,
    "subtype_acc": 1.0,
    "mean_stage_healthy": 2.7866666666666666,
    "tau_mcmc": 0.4696969696969697,
    "tau_argsort_mcmc": 0.4393939393939394,
    "subtype_acc_mcmc": 1.0,
    "mean_stage_healthy_mcmc": 2.7866666666666666,
    "true_n_subtypes": 1
}