{
    "runtime": 32.100934743881226,
    "First == Best": true,
    "First == Pickle ML": true,
    "Best == Pickle ML": true,
    "tau": 0.36363636363636365,
    "tau_argsort": 0.3939393939393939,
    "subtype_acc": 1.0,
    "mean_stage_healthy": 1.8177777777777777,
    "tau_mcmc": 0.36363636363636365,
    "tau_argsort_mcmc": 0.3939393939393939,
    "subtype_acc_mcmc": 1.0,
    "mean_stage_healthy_mcmc": 1.8177777777777777,
    "true_n_subtypes": 1
}