{
    "runtime": 57.03766655921936,
    "First == Best": true,
    "First == Pickle ML": true,
    "Best == Pickle ML": true,
    "tau": 0.5,
    "tau_argsort": 0.3484848484848485,
    "subtype_acc": 1.0,
    "mean_stage_healthy": 2.3733333333333335,
    "tau_mcmc": 0.5,
    "tau_argsort_mcmc": 0.3484848484848485,
    "subtype_acc_mcmc": 1.0,
    "mean_stage_healthy_mcmc": 2.3733333333333335,
    "true_n_subtypes": 1,
    "runtime_cross_validation": 2370.7869262695312,
    "ml_n_subtypes": 2,
    "correct_bool": 0,
    "absolute_error": 1,
    "relative_error": 1
}