{
    "runtime": 376.286084651947,
    "First == Best": true,
    "First == Pickle ML": true,
    "Best == Pickle ML": true,
    "tau": 0.4121212121212121,
    "tau_argsort": 0.4787878787878787,
    "subtype_acc": 0.03911630151261649,
    "mean_stage_healthy": 3.0044444444444443,
    "tau_mcmc": 0.4121212121212121,
    "tau_argsort_mcmc": 0.4787878787878787,
    "subtype_acc_mcmc": 0.021518847179999048,
    "mean_stage_healthy_mcmc": 3.2088888888888887,
    "true_n_subtypes": 5
}