{
    "runtime": 88.40918183326721,
    "First == Best": true,
    "First == Pickle ML": true,
    "Best == Pickle ML": true,
    "tau": 0.5,
    "tau_argsort": 0.40909090909090906,
    "subtype_acc": -0.0071134382295827145,
    "mean_stage_healthy": 3.566666666666667,
    "tau_mcmc": 0.5,
    "tau_argsort_mcmc": 0.40909090909090906,
    "subtype_acc_mcmc": -0.0071134382295827145,
    "mean_stage_healthy_mcmc": 3.5733333333333333,
    "true_n_subtypes": 2
}