{
    "runtime": 37.58611750602722,
    "First == Best": true,
    "First == Pickle ML": true,
    "Best == Pickle ML": true,
    "tau": 0.5151515151515151,
    "tau_argsort": 0.24242424242424243,
    "subtype_acc": 1.0,
    "mean_stage_healthy": 2.5866666666666664,
    "tau_mcmc": 0.5151515151515151,
    "tau_argsort_mcmc": 0.24242424242424243,
    "subtype_acc_mcmc": 1.0,
    "mean_stage_healthy_mcmc": 2.5866666666666664,
    "true_n_subtypes": 1
}