{
    "runtime": 253.56345534324646,
    "First == Best": false,
    "First == Pickle ML": true,
    "Best == Pickle ML": false,
    "tau": 0.42424242424242425,
    "tau_argsort": 0.25757575757575757,
    "subtype_acc": 0.44708407158327446,
    "mean_stage_healthy": 1.2,
    "tau_mcmc": 0.47348484848484845,
    "tau_argsort_mcmc": 0.24621212121212122,
    "subtype_acc_mcmc": 0.41681870396467463,
    "mean_stage_healthy_mcmc": 1.2333333333333334,
    "true_n_subtypes": 4,
    "runtime_cross_validation": 1605.3793501853943,
    "ml_n_subtypes": 5,
    "correct_bool": 0,
    "absolute_error": 1,
    "relative_error": 1
}