{
    "runtime": 101.27428698539734,
    "First == Best": true,
    "First == Pickle ML": true,
    "Best == Pickle ML": true,
    "tau": 0.3787878787878788,
    "tau_argsort": 0.2878787878787879,
    "subtype_acc": 0.5503720961007393,
    "mean_stage_healthy": 2.189189189189189,
    "tau_mcmc": 0.3787878787878788,
    "tau_argsort_mcmc": 0.2878787878787879,
    "subtype_acc_mcmc": 0.5503720961007393,
    "mean_stage_healthy_mcmc": 2.2972972972972974,
    "true_n_subtypes": 2
}