{
    "runtime": 174.48861241340637,
    "First == Best": false,
    "First == Pickle ML": true,
    "Best == Pickle ML": false,
    "tau": 0.4797979797979797,
    "tau_argsort": 0.4292929292929293,
    "subtype_acc": 0.06013267103903943,
    "mean_stage_healthy": 3.5945945945945947,
    "tau_mcmc": 0.393939393939394,
    "tau_argsort_mcmc": 0.4343434343434343,
    "subtype_acc_mcmc": 0.115935836764491,
    "mean_stage_healthy_mcmc": 3.5405405405405403,
    "true_n_subtypes": 3
}