{
    "runtime": 266.39243841171265,
    "First == Best": true,
    "First == Pickle ML": true,
    "Best == Pickle ML": true,
    "tau": 0.5265151515151515,
    "tau_argsort": 0.38257575757575757,
    "subtype_acc": 0.019690844898300138,
    "mean_stage_healthy": 1.1,
    "tau_mcmc": 0.5265151515151515,
    "tau_argsort_mcmc": 0.38257575757575757,
    "subtype_acc_mcmc": 0.023818984293347507,
    "mean_stage_healthy_mcmc": 1.0533333333333332,
    "true_n_subtypes": 4
}