{
    "runtime": 91.58762001991272,
    "First == Best": false,
    "First == Pickle ML": true,
    "Best == Pickle ML": false,
    "tau": 0.5530303030303031,
    "tau_argsort": 0.34090909090909094,
    "subtype_acc": 0.012346503695190122,
    "mean_stage_healthy": 4.573333333333333,
    "tau_mcmc": 0.40909090909090906,
    "tau_argsort_mcmc": 0.30303030303030304,
    "subtype_acc_mcmc": 0.004975715665461176,
    "mean_stage_healthy_mcmc": 4.56,
    "true_n_subtypes": 2
}