{
    "runtime": 421.7682776451111,
    "First == Best": true,
    "First == Pickle ML": true,
    "Best == Pickle ML": true,
    "tau": 0.4909090909090909,
    "tau_argsort": 0.3575757575757576,
    "subtype_acc": 0.15538849262820026,
    "mean_stage_healthy": 0.8933333333333333,
    "tau_mcmc": 0.4909090909090909,
    "tau_argsort_mcmc": 0.3575757575757576,
    "subtype_acc_mcmc": 0.14025783674394066,
    "mean_stage_healthy_mcmc": 0.76,
    "true_n_subtypes": 5
}