{
    "runtime": 414.53365182876587,
    "First == Best": true,
    "First == Pickle ML": true,
    "Best == Pickle ML": true,
    "tau": 0.35454545454545455,
    "tau_argsort": 0.3848484848484849,
    "subtype_acc": 0.14877450689193464,
    "mean_stage_healthy": 2.546666666666667,
    "tau_mcmc": 0.35454545454545455,
    "tau_argsort_mcmc": 0.3848484848484849,
    "subtype_acc_mcmc": 0.2098525489977944,
    "mean_stage_healthy_mcmc": 2.526666666666667,
    "true_n_subtypes": 5
}