{
    "runtime": 42.96843647956848,
    "First == Best": true,
    "First == Pickle ML": true,
    "Best == Pickle ML": true,
    "tau": 0.6515151515151515,
    "tau_argsort": 0.4393939393939394,
    "subtype_acc": 1.0,
    "mean_stage_healthy": 3.5733333333333333,
    "tau_mcmc": 0.6515151515151515,
    "tau_argsort_mcmc": 0.4393939393939394,
    "subtype_acc_mcmc": 1.0,
    "mean_stage_healthy_mcmc": 3.5866666666666664,
    "true_n_subtypes": 1
}