{
    "runtime": 113.04916954040527,
    "First == Best": false,
    "First == Pickle ML": true,
    "Best == Pickle ML": false,
    "tau": 0.5075757575757576,
    "tau_argsort": 0.43181818181818177,
    "subtype_acc": 0.10565932059367511,
    "mean_stage_healthy": 1.5066666666666666,
    "tau_mcmc": 0.5151515151515151,
    "tau_argsort_mcmc": 0.4242424242424242,
    "subtype_acc_mcmc": 0.11483020632182751,
    "mean_stage_healthy_mcmc": 1.26,
    "true_n_subtypes": 2
}