{
    "runtime": 96.4984962940216,
    "First == Best": true,
    "First == Pickle ML": true,
    "Best == Pickle ML": true,
    "tau": 0.5075757575757576,
    "tau_argsort": 0.2196969696969697,
    "subtype_acc": -0.03422792460523291,
    "mean_stage_healthy": 0.26666666666666666,
    "tau_mcmc": 0.5075757575757576,
    "tau_argsort_mcmc": 0.2196969696969697,
    "subtype_acc_mcmc": -0.0557392152612183,
    "mean_stage_healthy_mcmc": 0.24888888888888888,
    "true_n_subtypes": 2
}