{
    "runtime": 462.0415232181549,
    "First == Best": true,
    "First == Pickle ML": true,
    "Best == Pickle ML": true,
    "tau": 0.5212121212121212,
    "tau_argsort": 0.6363636363636364,
    "subtype_acc": 0.0,
    "mean_stage_healthy": 8.82,
    "tau_mcmc": 0.5212121212121212,
    "tau_argsort_mcmc": 0.6363636363636364,
    "subtype_acc_mcmc": 0.0983186888284185,
    "mean_stage_healthy_mcmc": 9.106666666666667,
    "true_n_subtypes": 5
}