{
    "runtime": 249.2740409374237,
    "First == Best": true,
    "First == Pickle ML": true,
    "Best == Pickle ML": true,
    "tau": 0.44318181818181823,
    "tau_argsort": 0.48863636363636365,
    "subtype_acc": 0.2684447846086874,
    "mean_stage_healthy": 3.16,
    "tau_mcmc": 0.44318181818181823,
    "tau_argsort_mcmc": 0.48863636363636365,
    "subtype_acc_mcmc": 0.25777210088861024,
    "mean_stage_healthy_mcmc": 3.2266666666666666,
    "true_n_subtypes": 4
}