{
    "runtime": 230.97756385803223,
    "First == Best": true,
    "First == Pickle ML": true,
    "Best == Pickle ML": true,
    "tau": 0.5050505050505051,
    "tau_argsort": 0.41414141414141414,
    "subtype_acc": 0.04216901147553158,
    "mean_stage_healthy": 2.6844444444444444,
    "tau_mcmc": 0.5050505050505051,
    "tau_argsort_mcmc": 0.41414141414141414,
    "subtype_acc_mcmc": 0.04216901147553158,
    "mean_stage_healthy_mcmc": 2.6755555555555555,
    "true_n_subtypes": 3
}