{
    "runtime": 187.84242868423462,
    "First == Best": false,
    "First == Pickle ML": true,
    "Best == Pickle ML": false,
    "tau": 0.4898989898989899,
    "tau_argsort": 0.37878787878787884,
    "subtype_acc": 0.25701706932512186,
    "mean_stage_healthy": 4.243243243243243,
    "tau_mcmc": 0.51010101010101,
    "tau_argsort_mcmc": 0.37878787878787884,
    "subtype_acc_mcmc": 0.23380650801540415,
    "mean_stage_healthy_mcmc": 4.297297297297297,
    "true_n_subtypes": 3
}