{
    "runtime": 96.72692465782166,
    "First == Best": true,
    "First == Pickle ML": true,
    "Best == Pickle ML": true,
    "tau": 0.49242424242424243,
    "tau_argsort": 0.3712121212121212,
    "subtype_acc": 0.7035352762412821,
    "mean_stage_healthy": 5.027027027027027,
    "tau_mcmc": 0.49242424242424243,
    "tau_argsort_mcmc": 0.3712121212121212,
    "subtype_acc_mcmc": 0.6599880200932532,
    "mean_stage_healthy_mcmc": 4.972972972972973,
    "true_n_subtypes": 2
}