{
    "runtime": 99.6237301826477,
    "First == Best": false,
    "First == Pickle ML": true,
    "Best == Pickle ML": false,
    "tau": 0.5454545454545454,
    "tau_argsort": 0.4545454545454546,
    "subtype_acc": 0.2998636123804119,
    "mean_stage_healthy": 3.6266666666666665,
    "tau_mcmc": 0.5075757575757576,
    "tau_argsort_mcmc": 0.44696969696969696,
    "subtype_acc_mcmc": 0.1817671168297129,
    "mean_stage_healthy_mcmc": 3.5933333333333333,
    "true_n_subtypes": 2
}