{
    "runtime": 31.724920511245728,
    "First == Best": true,
    "First == Pickle ML": true,
    "Best == Pickle ML": true,
    "tau": 0.36363636363636365,
    "tau_argsort": 0.21212121212121213,
    "subtype_acc": 1.0,
    "mean_stage_healthy": 3.6666666666666665,
    "tau_mcmc": 0.36363636363636365,
    "tau_argsort_mcmc": 0.21212121212121213,
    "subtype_acc_mcmc": 1.0,
    "mean_stage_healthy_mcmc": 3.68,
    "true_n_subtypes": 1
}