{
    "runtime": 45.80129790306091,
    "First == Best": true,
    "First == Pickle ML": true,
    "Best == Pickle ML": true,
    "tau": 0.45454545454545453,
    "tau_argsort": 0.24242424242424243,
    "subtype_acc": 1.0,
    "mean_stage_healthy": 0.9155555555555556,
    "tau_mcmc": 0.45454545454545453,
    "tau_argsort_mcmc": 0.24242424242424243,
    "subtype_acc_mcmc": 1.0,
    "mean_stage_healthy_mcmc": 0.9155555555555556,
    "true_n_subtypes": 1
}