{
    "runtime": 130.05290603637695,
    "First == Best": false,
    "First == Pickle ML": true,
    "Best == Pickle ML": false,
    "tau": 0.5075757575757576,
    "tau_argsort": 0.5227272727272727,
    "subtype_acc": -0.01748613819305316,
    "mean_stage_healthy": 1.5,
    "tau_mcmc": 0.48484848484848486,
    "tau_argsort_mcmc": 0.5454545454545454,
    "subtype_acc_mcmc": -0.02039130384870979,
    "mean_stage_healthy_mcmc": 1.3933333333333333,
    "true_n_subtypes": 2
}