{
    "runtime": 92.55840134620667,
    "First == Best": true,
    "First == Pickle ML": true,
    "Best == Pickle ML": true,
    "tau": 0.3712121212121212,
    "tau_argsort": 0.2803030303030303,
    "subtype_acc": 0.027754132158480552,
    "mean_stage_healthy": 0.48,
    "tau_mcmc": 0.3712121212121212,
    "tau_argsort_mcmc": 0.2803030303030303,
    "subtype_acc_mcmc": 0.027754132158480552,
    "mean_stage_healthy_mcmc": 0.48444444444444446,
    "true_n_subtypes": 2,
    "runtime_cross_validation": 1672.817308664322,
    "ml_n_subtypes": 5,
    "correct_bool": 0,
    "absolute_error": 3,
    "relative_error": 3
}