{
    "runtime": 358.40891003608704,
    "First == Best": true,
    "First == Pickle ML": true,
    "Best == Pickle ML": true,
    "tau": 0.509090909090909,
    "tau_argsort": 0.44848484848484843,
    "subtype_acc": 0.3933805709626358,
    "mean_stage_healthy": 8.555555555555555,
    "tau_mcmc": 0.509090909090909,
    "tau_argsort_mcmc": 0.44848484848484843,
    "subtype_acc_mcmc": 0.4901753997046732,
    "mean_stage_healthy_mcmc": 8.791666666666666,
    "true_n_subtypes": 5
}