{
    "runtime": 397.09295988082886,
    "First == Best": true,
    "First == Pickle ML": true,
    "Best == Pickle ML": true,
    "tau": 0.4424242424242424,
    "tau_argsort": 0.34545454545454546,
    "subtype_acc": 0.12503252595204717,
    "mean_stage_healthy": 3.2933333333333334,
    "tau_mcmc": 0.4424242424242424,
    "tau_argsort_mcmc": 0.34545454545454546,
    "subtype_acc_mcmc": 0.06492451811365824,
    "mean_stage_healthy_mcmc": 3.06,
    "true_n_subtypes": 5
}