{
    "runtime": 476.479861497879,
    "First == Best": true,
    "First == Pickle ML": true,
    "Best == Pickle ML": true,
    "tau": 0.4424242424242424,
    "tau_argsort": 0.3515151515151515,
    "subtype_acc": 0.1181630580860563,
    "mean_stage_healthy": 3.081081081081081,
    "tau_mcmc": 0.4424242424242424,
    "tau_argsort_mcmc": 0.3515151515151515,
    "subtype_acc_mcmc": 0.17765726043224978,
    "mean_stage_healthy_mcmc": 3.0405405405405403,
    "true_n_subtypes": 5
}