{
    "runtime": 264.0976803302765,
    "First == Best": false,
    "First == Pickle ML": true,
    "Best == Pickle ML": false,
    "tau": 0.4053030303030303,
    "tau_argsort": 0.3143939393939394,
    "subtype_acc": 0.317384714576264,
    "mean_stage_healthy": 1.7702702702702702,
    "tau_mcmc": 0.4318181818181819,
    "tau_argsort_mcmc": 0.29545454545454547,
    "subtype_acc_mcmc": 0.30096134282453313,
    "mean_stage_healthy_mcmc": 1.7567567567567568,
    "true_n_subtypes": 4
}