{
    "runtime": 31.83916735649109,
    "First == Best": true,
    "First == Pickle ML": true,
    "Best == Pickle ML": true,
    "tau": 0.4696969696969697,
    "tau_argsort": 0.5303030303030303,
    "subtype_acc": 1.0,
    "mean_stage_healthy": 2.151111111111111,
    "tau_mcmc": 0.4696969696969697,
    "tau_argsort_mcmc": 0.5303030303030303,
    "subtype_acc_mcmc": 1.0,
    "mean_stage_healthy_mcmc": 2.151111111111111,
    "true_n_subtypes": 1
}