{
    "runtime": 36.63304281234741,
    "First == Best": true,
    "First == Pickle ML": true,
    "Best == Pickle ML": true,
    "tau": 0.5303030303030303,
    "tau_argsort": 0.4090909090909091,
    "subtype_acc": 1.0,
    "mean_stage_healthy": 3.0933333333333333,
    "tau_mcmc": 0.5303030303030303,
    "tau_argsort_mcmc": 0.4090909090909091,
    "subtype_acc_mcmc": 1.0,
    "mean_stage_healthy_mcmc": 3.0933333333333333,
    "true_n_subtypes": 1
}