{
    "runtime": 180.4827082157135,
    "First == Best": true,
    "First == Pickle ML": true,
    "Best == Pickle ML": true,
    "tau": 0.393939393939394,
    "tau_argsort": 0.5656565656565656,
    "subtype_acc": -0.03386816429153699,
    "mean_stage_healthy": 4.891891891891892,
    "tau_mcmc": 0.393939393939394,
    "tau_argsort_mcmc": 0.5656565656565656,
    "subtype_acc_mcmc": -0.06650897976548568,
    "mean_stage_healthy_mcmc": 5.013513513513513,
    "true_n_subtypes": 3
}