{
    "runtime": 210.47571897506714,
    "First == Best": true,
    "First == Pickle ML": true,
    "Best == Pickle ML": true,
    "tau": 0.5959595959595959,
    "tau_argsort": 0.31313131313131315,
    "subtype_acc": 0.11049022915640894,
    "mean_stage_healthy": 6.351351351351352,
    "tau_mcmc": 0.5959595959595959,
    "tau_argsort_mcmc": 0.31313131313131315,
    "subtype_acc_mcmc": 0.0999600651095322,
    "mean_stage_healthy_mcmc": 6.337837837837838,
    "true_n_subtypes": 3
}