{
    "runtime": 466.8244514465332,
    "First == Best": true,
    "First == Pickle ML": true,
    "Best == Pickle ML": true,
    "tau": 0.36969696969696975,
    "tau_argsort": 0.34545454545454546,
    "subtype_acc": 0.05956759691685119,
    "mean_stage_healthy": 2.9133333333333336,
    "tau_mcmc": 0.36969696969696975,
    "tau_argsort_mcmc": 0.34545454545454546,
    "subtype_acc_mcmc": 0.08266453081091987,
    "mean_stage_healthy_mcmc": 2.8066666666666666,
    "true_n_subtypes": 5,
    "runtime_cross_validation": 2291.208455324173,
    "ml_n_subtypes": 4,
    "correct_bool": 0,
    "absolute_error": 1,
    "relative_error": -1
}