{
    "runtime": 406.1382851600647,
    "First == Best": true,
    "First == Pickle ML": true,
    "Best == Pickle ML": true,
    "tau": 0.46969696969696967,
    "tau_argsort": 0.38636363636363635,
    "subtype_acc": 0.3004628495374007,
    "mean_stage_healthy": 3.945945945945946,
    "tau_mcmc": 0.46969696969696967,
    "tau_argsort_mcmc": 0.38636363636363635,
    "subtype_acc_mcmc": 0.3123146417549643,
    "mean_stage_healthy_mcmc": 3.675675675675676,
    "true_n_subtypes": 4
}