{
    "runtime": 43.70637774467468,
    "First == Best": true,
    "First == Pickle ML": true,
    "Best == Pickle ML": true,
    "tau": 0.5606060606060606,
    "tau_argsort": 0.4090909090909091,
    "subtype_acc": 1.0,
    "mean_stage_healthy": 2.3666666666666667,
    "tau_mcmc": 0.5606060606060606,
    "tau_argsort_mcmc": 0.4090909090909091,
    "subtype_acc_mcmc": 1.0,
    "mean_stage_healthy_mcmc": 2.3666666666666667,
    "true_n_subtypes": 1
}