{
    "runtime": 686.8432486057281,
    "First == Best": true,
    "First == Pickle ML": true,
    "Best == Pickle ML": true,
    "tau": 0.3939393939393939,
    "tau_argsort": 0.4,
    "subtype_acc": 0.11685570553578414,
    "mean_stage_healthy": 2.2,
    "tau_mcmc": 0.3939393939393939,
    "tau_argsort_mcmc": 0.4,
    "subtype_acc_mcmc": 0.0,
    "mean_stage_healthy_mcmc": 2.3466666666666667,
    "true_n_subtypes": 5
}