{
    "runtime": 167.04893898963928,
    "First == Best": true,
    "First == Pickle ML": true,
    "Best == Pickle ML": true,
    "tau": 0.4898989898989899,
    "tau_argsort": 0.5808080808080808,
    "subtype_acc": -0.011326450329002168,
    "mean_stage_healthy": 4.706666666666667,
    "tau_mcmc": 0.4898989898989899,
    "tau_argsort_mcmc": 0.5808080808080808,
    "subtype_acc_mcmc": -0.002031170454654722,
    "mean_stage_healthy_mcmc": 4.88,
    "true_n_subtypes": 3
}