{
    "runtime": 272.117280960083,
    "First == Best": true,
    "First == Pickle ML": true,
    "Best == Pickle ML": true,
    "tau": 0.5303030303030303,
    "tau_argsort": 0.5075757575757576,
    "subtype_acc": 0.07472145126936594,
    "mean_stage_healthy": 5.406666666666666,
    "tau_mcmc": 0.5303030303030303,
    "tau_argsort_mcmc": 0.5075757575757576,
    "subtype_acc_mcmc": 0.05144701857890886,
    "mean_stage_healthy_mcmc": 5.446666666666666,
    "true_n_subtypes": 4
}