{
    "runtime": 36.91884922981262,
    "First == Best": true,
    "First == Pickle ML": true,
    "Best == Pickle ML": true,
    "tau": 0.5,
    "tau_argsort": 0.2878787878787879,
    "subtype_acc": 1.0,
    "mean_stage_healthy": 4.8133333333333335,
    "tau_mcmc": 0.5,
    "tau_argsort_mcmc": 0.2878787878787879,
    "subtype_acc_mcmc": 1.0,
    "mean_stage_healthy_mcmc": 4.8133333333333335,
    "true_n_subtypes": 1
}