{
    "runtime": 264.64771699905396,
    "First == Best": true,
    "First == Pickle ML": true,
    "Best == Pickle ML": true,
    "tau": 0.4090909090909091,
    "tau_argsort": 0.3686868686868687,
    "subtype_acc": 0.14867683030164197,
    "mean_stage_healthy": 0.804,
    "tau_mcmc": 0.4090909090909091,
    "tau_argsort_mcmc": 0.3686868686868687,
    "subtype_acc_mcmc": 0.1983531176110568,
    "mean_stage_healthy_mcmc": 0.812,
    "true_n_subtypes": 3
}