{
    "runtime": 48.97203302383423,
    "First == Best": true,
    "First == Pickle ML": true,
    "Best == Pickle ML": true,
    "tau": 0.4696969696969697,
    "tau_argsort": 0.16666666666666666,
    "subtype_acc": 1.0,
    "mean_stage_healthy": 2.424,
    "tau_mcmc": 0.4696969696969697,
    "tau_argsort_mcmc": 0.16666666666666666,
    "subtype_acc_mcmc": 1.0,
    "mean_stage_healthy_mcmc": 2.424,
    "true_n_subtypes": 1
}