{
    "runtime": 125.32761359214783,
    "First == Best": true,
    "First == Pickle ML": true,
    "Best == Pickle ML": true,
    "tau": 0.46969696969696967,
    "tau_argsort": 0.3484848484848485,
    "subtype_acc": 0.41522483284051254,
    "mean_stage_healthy": 2.3066666666666666,
    "tau_mcmc": 0.46969696969696967,
    "tau_argsort_mcmc": 0.3484848484848485,
    "subtype_acc_mcmc": 0.41522483284051254,
    "mean_stage_healthy_mcmc": 2.272,
    "true_n_subtypes": 2
}