{
    "runtime": 496.0042519569397,
    "First == Best": true,
    "First == Pickle ML": true,
    "Best == Pickle ML": true,
    "tau": 0.45833333333333337,
    "tau_argsort": 0.26136363636363635,
    "subtype_acc": 0.09346758734008842,
    "mean_stage_healthy": 0.8853333333333333,
    "tau_mcmc": 0.45833333333333337,
    "tau_argsort_mcmc": 0.26136363636363635,
    "subtype_acc_mcmc": 0.08495106498640352,
    "mean_stage_healthy_mcmc": 0.8586666666666667,
    "true_n_subtypes": 4
}