{
    "runtime": 220.56320762634277,
    "First == Best": true,
    "First == Pickle ML": true,
    "Best == Pickle ML": true,
    "tau": 0.44949494949494956,
    "tau_argsort": 0.38888888888888884,
    "subtype_acc": 0.19601834241048335,
    "mean_stage_healthy": 0.9866666666666667,
    "tau_mcmc": 0.44949494949494956,
    "tau_argsort_mcmc": 0.38888888888888884,
    "subtype_acc_mcmc": 0.19870189445240724,
    "mean_stage_healthy_mcmc": 0.8693333333333333,
    "true_n_subtypes": 3
}