{
    "runtime": 64.39946055412292,
    "First == Best": true,
    "First == Pickle ML": true,
    "Best == Pickle ML": true,
    "tau": 0.3787878787878788,
    "tau_argsort": 0.7424242424242424,
    "subtype_acc": 1.0,
    "mean_stage_healthy": 1.2,
    "tau_mcmc": 0.3787878787878788,
    "tau_argsort_mcmc": 0.7424242424242424,
    "subtype_acc_mcmc": 1.0,
    "mean_stage_healthy_mcmc": 1.2,
    "true_n_subtypes": 1
}