{
    "runtime": 133.12602853775024,
    "First == Best": true,
    "First == Pickle ML": true,
    "Best == Pickle ML": true,
    "tau": 0.5075757575757576,
    "tau_argsort": 0.26515151515151514,
    "subtype_acc": 0.7929253608196258,
    "mean_stage_healthy": 2.872,
    "tau_mcmc": 0.5075757575757576,
    "tau_argsort_mcmc": 0.26515151515151514,
    "subtype_acc_mcmc": 0.7929253608196258,
    "mean_stage_healthy_mcmc": 2.872,
    "true_n_subtypes": 2
}