{
    "runtime": 38.75813674926758,
    "First == Best": true,
    "First == Pickle ML": true,
    "Best == Pickle ML": true,
    "tau": 0.5757575757575758,
    "tau_argsort": 0.3333333333333333,
    "subtype_acc": 1.0,
    "mean_stage_healthy": 0.236,
    "tau_mcmc": 0.5757575757575758,
    "tau_argsort_mcmc": 0.3333333333333333,
    "subtype_acc_mcmc": 1.0,
    "mean_stage_healthy_mcmc": 0.236,
    "true_n_subtypes": 1
}