{
    "runtime": 54.10264587402344,
    "First == Best": true,
    "First == Pickle ML": true,
    "Best == Pickle ML": true,
    "tau": 0.4090909090909091,
    "tau_argsort": 0.5303030303030303,
    "subtype_acc": 1.0,
    "mean_stage_healthy": 3.612,
    "tau_mcmc": 0.4090909090909091,
    "tau_argsort_mcmc": 0.5303030303030303,
    "subtype_acc_mcmc": 1.0,
    "mean_stage_healthy_mcmc": 3.612,
    "true_n_subtypes": 1,
    "runtime_cross_validation": 2959.110979318619,
    "ml_n_subtypes": 3,
    "correct_bool": 0,
    "absolute_error": 2,
    "relative_error": 2
}