{
    "runtime": 114.50735545158386,
    "First == Best": true,
    "First == Pickle ML": true,
    "Best == Pickle ML": true,
    "tau": 0.6060606060606061,
    "tau_argsort": 0.2727272727272727,
    "subtype_acc": 0.36711033442543145,
    "mean_stage_healthy": 1.044,
    "tau_mcmc": 0.6060606060606061,
    "tau_argsort_mcmc": 0.2727272727272727,
    "subtype_acc_mcmc": 0.37686915714175984,
    "mean_stage_healthy_mcmc": 1.02,
    "true_n_subtypes": 2
}