{
    "runtime": 577.1463842391968,
    "First == Best": true,
    "First == Pickle ML": true,
    "Best == Pickle ML": true,
    "tau": 0.3363636363636363,
    "tau_argsort": 0.41515151515151516,
    "subtype_acc": 0.13772880199597448,
    "mean_stage_healthy": 2.490666666666667,
    "tau_mcmc": 0.3363636363636363,
    "tau_argsort_mcmc": 0.41515151515151516,
    "subtype_acc_mcmc": 0.10554752604672409,
    "mean_stage_healthy_mcmc": 2.584,
    "true_n_subtypes": 5
}