{
    "runtime": 40.44334530830383,
    "First == Best": true,
    "First == Pickle ML": true,
    "Best == Pickle ML": true,
    "tau": 0.5757575757575758,
    "tau_argsort": 0.18181818181818182,
    "subtype_acc": 1.0,
    "mean_stage_healthy": 0.416,
    "tau_mcmc": 0.5757575757575758,
    "tau_argsort_mcmc": 0.18181818181818182,
    "subtype_acc_mcmc": 1.0,
    "mean_stage_healthy_mcmc": 0.416,
    "true_n_subtypes": 1,
    "runtime_cross_validation": 2393.688228368759,
    "ml_n_subtypes": 2,
    "correct_bool": 0,
    "absolute_error": 1,
    "relative_error": 1
}