{
    "runtime": 410.01104187965393,
    "First == Best": true,
    "First == Pickle ML": true,
    "Best == Pickle ML": true,
    "tau": 0.4204545454545454,
    "tau_argsort": 0.34469696969696967,
    "subtype_acc": 0.01021607610125368,
    "mean_stage_healthy": 6.628,
    "tau_mcmc": 0.4204545454545454,
    "tau_argsort_mcmc": 0.34469696969696967,
    "subtype_acc_mcmc": 0.0,
    "mean_stage_healthy_mcmc": 6.712,
    "true_n_subtypes": 4
}