{
    "runtime": 41.69135642051697,
    "First == Best": true,
    "First == Pickle ML": true,
    "Best == Pickle ML": true,
    "tau": 0.2727272727272727,
    "tau_argsort": 0.3333333333333333,
    "subtype_acc": 1.0,
    "mean_stage_healthy": 2.021333333333333,
    "tau_mcmc": 0.2727272727272727,
    "tau_argsort_mcmc": 0.3333333333333333,
    "subtype_acc_mcmc": 1.0,
    "mean_stage_healthy_mcmc": 2.021333333333333,
    "true_n_subtypes": 1
}