{
    "runtime": 49.50650763511658,
    "First == Best": true,
    "First == Pickle ML": true,
    "Best == Pickle ML": true,
    "tau": 0.30303030303030304,
    "tau_argsort": 0.30303030303030304,
    "subtype_acc": 1.0,
    "mean_stage_healthy": 2.34,
    "tau_mcmc": 0.30303030303030304,
    "tau_argsort_mcmc": 0.30303030303030304,
    "subtype_acc_mcmc": 1.0,
    "mean_stage_healthy_mcmc": 2.34,
    "true_n_subtypes": 1
}