{
    "runtime": 369.8776047229767,
    "First == Best": false,
    "First == Pickle ML": true,
    "Best == Pickle ML": false,
    "tau": 0.41414141414141414,
    "tau_argsort": 0.30303030303030304,
    "subtype_acc": 0.0687666908006583,
    "mean_stage_healthy": 3.7813333333333334,
    "tau_mcmc": 0.41414141414141414,
    "tau_argsort_mcmc": 0.31313131313131315,
    "subtype_acc_mcmc": 0.0,
    "mean_stage_healthy_mcmc": 3.488,
    "true_n_subtypes": 3
}