{
    "runtime": 55.55863094329834,
    "First == Best": true,
    "First == Pickle ML": true,
    "Best == Pickle ML": true,
    "tau": 0.5606060606060606,
    "tau_argsort": 0.3181818181818182,
    "subtype_acc": 1.0,
    "mean_stage_healthy": 2.6106666666666665,
    "tau_mcmc": 0.5606060606060606,
    "tau_argsort_mcmc": 0.3181818181818182,
    "subtype_acc_mcmc": 1.0,
    "mean_stage_healthy_mcmc": 2.6106666666666665,
    "true_n_subtypes": 1
}