{
    "runtime": 62.08497738838196,
    "First == Best": true,
    "First == Pickle ML": true,
    "Best == Pickle ML": true,
    "tau": 0.5606060606060606,
    "tau_argsort": 0.5909090909090909,
    "subtype_acc": 1.0,
    "mean_stage_healthy": 1.36,
    "tau_mcmc": 0.5606060606060606,
    "tau_argsort_mcmc": 0.5909090909090909,
    "subtype_acc_mcmc": 1.0,
    "mean_stage_healthy_mcmc": 1.3493333333333333,
    "true_n_subtypes": 1
}