{
    "runtime": 47.0696074962616,
    "First == Best": true,
    "First == Pickle ML": true,
    "Best == Pickle ML": true,
    "tau": 0.2727272727272727,
    "tau_argsort": 0.48484848484848486,
    "subtype_acc": 1.0,
    "mean_stage_healthy": 1.6186666666666667,
    "tau_mcmc": 0.2727272727272727,
    "tau_argsort_mcmc": 0.48484848484848486,
    "subtype_acc_mcmc": 1.0,
    "mean_stage_healthy_mcmc": 1.6186666666666667,
    "true_n_subtypes": 1
}