{
    "runtime": 128.72406935691833,
    "First == Best": true,
    "First == Pickle ML": true,
    "Best == Pickle ML": true,
    "tau": 0.5075757575757576,
    "tau_argsort": 0.3712121212121212,
    "subtype_acc": 0.436408453433673,
    "mean_stage_healthy": 2.128,
    "tau_mcmc": 0.5075757575757576,
    "tau_argsort_mcmc": 0.3712121212121212,
    "subtype_acc_mcmc": 0.436408453433673,
    "mean_stage_healthy_mcmc": 2.128,
    "true_n_subtypes": 2,
    "runtime_cross_validation": 2613.084845304489,
    "ml_n_subtypes": 3,
    "correct_bool": 0,
    "absolute_error": 1,
    "relative_error": 1
}