{
    "runtime": 312.35741567611694,
    "First == Best": true,
    "First == Pickle ML": true,
    "Best == Pickle ML": true,
    "tau": 0.37878787878787873,
    "tau_argsort": 0.3181818181818182,
    "subtype_acc": -0.02212653827412429,
    "mean_stage_healthy": 2.264,
    "tau_mcmc": 0.37878787878787873,
    "tau_argsort_mcmc": 0.3181818181818182,
    "subtype_acc_mcmc": -0.020561580386685645,
    "mean_stage_healthy_mcmc": 2.276,
    "true_n_subtypes": 3,
    "runtime_cross_validation": 3455.0640087127686,
    "ml_n_subtypes": 3,
    "correct_bool": 1,
    "absolute_error": 0,
    "relative_error": 0
}