{
    "runtime": 38.43377614021301,
    "First == Best": true,
    "First == Pickle ML": true,
    "Best == Pickle ML": true,
    "tau": 0.24242424242424243,
    "tau_argsort": 0.48484848484848486,
    "subtype_acc": 1.0,
    "mean_stage_healthy": 3.412,
    "tau_mcmc": 0.24242424242424243,
    "tau_argsort_mcmc": 0.48484848484848486,
    "subtype_acc_mcmc": 1.0,
    "mean_stage_healthy_mcmc": 3.412,
    "true_n_subtypes": 1
}