{
    "runtime": 174.13517999649048,
    "First == Best": true,
    "First == Pickle ML": true,
    "Best == Pickle ML": true,
    "tau": 0.5454545454545454,
    "tau_argsort": 0.4545454545454546,
    "subtype_acc": 0.00854568129892461,
    "mean_stage_healthy": 3.34,
    "tau_mcmc": 0.5454545454545454,
    "tau_argsort_mcmc": 0.4545454545454546,
    "subtype_acc_mcmc": 0.00854568129892461,
    "mean_stage_healthy_mcmc": 3.34,
    "true_n_subtypes": 2
}