{
    "runtime": 127.21926879882812,
    "First == Best": true,
    "First == Pickle ML": true,
    "Best == Pickle ML": true,
    "tau": 0.4393939393939394,
    "tau_argsort": 0.36363636363636365,
    "subtype_acc": 0.8153538565566916,
    "mean_stage_healthy": 2.16,
    "tau_mcmc": 0.4393939393939394,
    "tau_argsort_mcmc": 0.36363636363636365,
    "subtype_acc_mcmc": 0.7579428707802007,
    "mean_stage_healthy_mcmc": 2.1386666666666665,
    "true_n_subtypes": 2
}