{
    "runtime": 116.52473044395447,
    "First == Best": true,
    "First == Pickle ML": true,
    "Best == Pickle ML": true,
    "tau": 0.4393939393939394,
    "tau_argsort": 0.10606060606060606,
    "subtype_acc": 0.6347544330084903,
    "mean_stage_healthy": 0.72,
    "tau_mcmc": 0.4393939393939394,
    "tau_argsort_mcmc": 0.10606060606060606,
    "subtype_acc_mcmc": 0.6347518561774613,
    "mean_stage_healthy_mcmc": 0.704,
    "true_n_subtypes": 2
}