{
    "runtime": 643.0067846775055,
    "First == Best": true,
    "First == Pickle ML": true,
    "Best == Pickle ML": true,
    "tau": 0.396969696969697,
    "tau_argsort": 0.39090909090909093,
    "subtype_acc": 0.0431677064613139,
    "mean_stage_healthy": 3.708,
    "tau_mcmc": 0.396969696969697,
    "tau_argsort_mcmc": 0.39090909090909093,
    "subtype_acc_mcmc": 0.08698551638066304,
    "mean_stage_healthy_mcmc": 3.752,
    "true_n_subtypes": 5
}