{
    "runtime": 134.63100671768188,
    "First == Best": false,
    "First == Pickle ML": true,
    "Best == Pickle ML": false,
    "tau": 0.5227272727272727,
    "tau_argsort": 0.4772727272727273,
    "subtype_acc": 0.1243639071614745,
    "mean_stage_healthy": 2.872,
    "tau_mcmc": 0.47727272727272724,
    "tau_argsort_mcmc": 0.4772727272727273,
    "subtype_acc_mcmc": 0.13015803121711175,
    "mean_stage_healthy_mcmc": 2.832,
    "true_n_subtypes": 2
}