{
    "runtime": 590.0142555236816,
    "First == Best": true,
    "First == Pickle ML": true,
    "Best == Pickle ML": true,
    "tau": 0.3151515151515151,
    "tau_argsort": 0.43030303030303035,
    "subtype_acc": 0.02983090424980929,
    "mean_stage_healthy": 1.7573333333333334,
    "tau_mcmc": 0.3151515151515151,
    "tau_argsort_mcmc": 0.43030303030303035,
    "subtype_acc_mcmc": 0.021854472906962408,
    "mean_stage_healthy_mcmc": 1.7493333333333334,
    "true_n_subtypes": 5
}