{
    "runtime": 120.87716555595398,
    "First == Best": true,
    "First == Pickle ML": true,
    "Best == Pickle ML": true,
    "tau": 0.38636363636363635,
    "tau_argsort": 0.4166666666666667,
    "subtype_acc": 0.6129772663121013,
    "mean_stage_healthy": 1.432,
    "tau_mcmc": 0.38636363636363635,
    "tau_argsort_mcmc": 0.4166666666666667,
    "subtype_acc_mcmc": 0.6129772663121013,
    "mean_stage_healthy_mcmc": 1.4266666666666667,
    "true_n_subtypes": 2,
    "runtime_cross_validation": 2204.510820865631,
    "ml_n_subtypes": 4,
    "correct_bool": 0,
    "absolute_error": 2,
    "relative_error": 2
}