{
    "runtime": 440.71542835235596,
    "First == Best": true,
    "First == Pickle ML": true,
    "Best == Pickle ML": true,
    "tau": 0.3181818181818182,
    "tau_argsort": 0.24242424242424243,
    "subtype_acc": 0.07407677994710239,
    "mean_stage_healthy": 1.46,
    "tau_mcmc": 0.3181818181818182,
    "tau_argsort_mcmc": 0.24242424242424243,
    "subtype_acc_mcmc": 0.06699249892072624,
    "mean_stage_healthy_mcmc": 1.484,
    "true_n_subtypes": 4
}