{
    "runtime": 560.368980884552,
    "First == Best": true,
    "First == Pickle ML": true,
    "Best == Pickle ML": true,
    "tau": 0.40909090909090906,
    "tau_argsort": 0.4545454545454546,
    "subtype_acc": 0.13514996738932805,
    "mean_stage_healthy": 0.7626666666666667,
    "tau_mcmc": 0.40909090909090906,
    "tau_argsort_mcmc": 0.4545454545454546,
    "subtype_acc_mcmc": 0.0,
    "mean_stage_healthy_mcmc": 0.6666666666666666,
    "true_n_subtypes": 4
}