{
    "runtime": 44.8555326461792,
    "First == Best": true,
    "First == Pickle ML": true,
    "Best == Pickle ML": true,
    "tau": 0.4696969696969697,
    "tau_argsort": 0.4393939393939394,
    "subtype_acc": 1.0,
    "mean_stage_healthy": 3.336,
    "tau_mcmc": 0.4696969696969697,
    "tau_argsort_mcmc": 0.4393939393939394,
    "subtype_acc_mcmc": 1.0,
    "mean_stage_healthy_mcmc": 3.336,
    "true_n_subtypes": 1,
    "runtime_cross_validation": 2725.832935810089,
    "ml_n_subtypes": 2,
    "correct_bool": 0,
    "absolute_error": 1,
    "relative_error": 1
}