{
    "runtime": 545.7833731174469,
    "First == Best": true,
    "First == Pickle ML": true,
    "Best == Pickle ML": true,
    "tau": 0.36363636363636365,
    "tau_argsort": 0.30303030303030304,
    "subtype_acc": 0.02581335459182058,
    "mean_stage_healthy": 2.032,
    "tau_mcmc": 0.36363636363636365,
    "tau_argsort_mcmc": 0.30303030303030304,
    "subtype_acc_mcmc": 0.03030963757162295,
    "mean_stage_healthy_mcmc": 2.058666666666667,
    "true_n_subtypes": 5
}