{
    "runtime": 535.6472563743591,
    "First == Best": true,
    "First == Pickle ML": true,
    "Best == Pickle ML": true,
    "tau": 0.3848484848484849,
    "tau_argsort": 0.3545454545454546,
    "subtype_acc": 0.4353882723716678,
    "mean_stage_healthy": 1.7804878048780488,
    "tau_mcmc": 0.3848484848484849,
    "tau_argsort_mcmc": 0.3545454545454546,
    "subtype_acc_mcmc": 0.4836463070630041,
    "mean_stage_healthy_mcmc": 1.6666666666666667,
    "true_n_subtypes": 5,
    "runtime_cross_validation": 2394.538146495819,
    "ml_n_subtypes": 5,
    "correct_bool": 1,
    "absolute_error": 0,
    "relative_error": 0
}