{
    "runtime": 37.82133769989014,
    "First == Best": true,
    "First == Pickle ML": true,
    "Best == Pickle ML": true,
    "tau": 0.45454545454545453,
    "tau_argsort": 0.42424242424242425,
    "subtype_acc": 1.0,
    "mean_stage_healthy": 0.3973333333333333,
    "tau_mcmc": 0.45454545454545453,
    "tau_argsort_mcmc": 0.42424242424242425,
    "subtype_acc_mcmc": 1.0,
    "mean_stage_healthy_mcmc": 0.3973333333333333,
    "true_n_subtypes": 1
}