{
    "runtime": 397.27433252334595,
    "First == Best": true,
    "First == Pickle ML": true,
    "Best == Pickle ML": true,
    "tau": 0.39015151515151514,
    "tau_argsort": 0.29924242424242425,
    "subtype_acc": 0.037028671715657574,
    "mean_stage_healthy": 4.844,
    "tau_mcmc": 0.39015151515151514,
    "tau_argsort_mcmc": 0.29924242424242425,
    "subtype_acc_mcmc": 0.0,
    "mean_stage_healthy_mcmc": 5.032,
    "true_n_subtypes": 4
}