{
    "runtime": 37.37338829040527,
    "First == Best": true,
    "First == Pickle ML": true,
    "Best == Pickle ML": true,
    "tau": 0.48484848484848486,
    "tau_argsort": 0.30303030303030304,
    "subtype_acc": 1.0,
    "mean_stage_healthy": 3.072,
    "tau_mcmc": 0.48484848484848486,
    "tau_argsort_mcmc": 0.30303030303030304,
    "subtype_acc_mcmc": 1.0,
    "mean_stage_healthy_mcmc": 3.072,
    "true_n_subtypes": 1
}