{
    "runtime": 331.1156921386719,
    "First == Best": true,
    "First == Pickle ML": true,
    "Best == Pickle ML": true,
    "tau": 0.5252525252525252,
    "tau_argsort": 0.30303030303030304,
    "subtype_acc": 0.10116470063094951,
    "mean_stage_healthy": 5.104,
    "tau_mcmc": 0.5252525252525252,
    "tau_argsort_mcmc": 0.30303030303030304,
    "subtype_acc_mcmc": 0.0,
    "mean_stage_healthy_mcmc": 5.204,
    "true_n_subtypes": 3
}