{
    "runtime": 216.6901593208313,
    "First == Best": true,
    "First == Pickle ML": true,
    "Best == Pickle ML": true,
    "tau": 0.5252525252525252,
    "tau_argsort": 0.42424242424242425,
    "subtype_acc": 0.10917083389502395,
    "mean_stage_healthy": 4.274193548387097,
    "tau_mcmc": 0.5252525252525252,
    "tau_argsort_mcmc": 0.42424242424242425,
    "subtype_acc_mcmc": 0.1043596995624739,
    "mean_stage_healthy_mcmc": 4.266129032258065,
    "true_n_subtypes": 3
}