{
    "runtime": 41.81520175933838,
    "First == Best": true,
    "First == Pickle ML": true,
    "Best == Pickle ML": true,
    "tau": 0.6515151515151515,
    "tau_argsort": 0.5606060606060606,
    "subtype_acc": 1.0,
    "mean_stage_healthy": 3.264,
    "tau_mcmc": 0.6515151515151515,
    "tau_argsort_mcmc": 0.5606060606060606,
    "subtype_acc_mcmc": 1.0,
    "mean_stage_healthy_mcmc": 3.264,
    "true_n_subtypes": 1
}