{
    "runtime": 122.50954818725586,
    "First == Best": true,
    "First == Pickle ML": true,
    "Best == Pickle ML": true,
    "tau": 0.5227272727272727,
    "tau_argsort": 0.4015151515151515,
    "subtype_acc": 0.013509456619633743,
    "mean_stage_healthy": 2.7066666666666666,
    "tau_mcmc": 0.5227272727272727,
    "tau_argsort_mcmc": 0.4015151515151515,
    "subtype_acc_mcmc": -0.0004008819402685909,
    "mean_stage_healthy_mcmc": 2.7413333333333334,
    "true_n_subtypes": 2
}