{
    "runtime": 635.2274842262268,
    "First == Best": true,
    "First == Pickle ML": true,
    "Best == Pickle ML": true,
    "tau": 0.41818181818181815,
    "tau_argsort": 0.3939393939393939,
    "subtype_acc": 0.08028456755319593,
    "mean_stage_healthy": 2.76,
    "tau_mcmc": 0.41818181818181815,
    "tau_argsort_mcmc": 0.3939393939393939,
    "subtype_acc_mcmc": 0.08805634063122121,
    "mean_stage_healthy_mcmc": 2.816,
    "true_n_subtypes": 5
}