{
    "runtime": 371.99881863594055,
    "First == Best": true,
    "First == Pickle ML": true,
    "Best == Pickle ML": true,
    "tau": 0.34469696969696967,
    "tau_argsort": 0.4962121212121212,
    "subtype_acc": 0.028680285706742668,
    "mean_stage_healthy": 2.208,
    "tau_mcmc": 0.34469696969696967,
    "tau_argsort_mcmc": 0.4962121212121212,
    "subtype_acc_mcmc": 0.026153276383557134,
    "mean_stage_healthy_mcmc": 2.1573333333333333,
    "true_n_subtypes": 4
}