{
    "runtime": 509.9406681060791,
    "First == Best": true,
    "First == Pickle ML": true,
    "Best == Pickle ML": true,
    "tau": 0.4242424242424242,
    "tau_argsort": 0.4545454545454545,
    "subtype_acc": 0.10301373999726483,
    "mean_stage_healthy": 0.9173333333333333,
    "tau_mcmc": 0.4242424242424242,
    "tau_argsort_mcmc": 0.4545454545454545,
    "subtype_acc_mcmc": 0.13993068716145757,
    "mean_stage_healthy_mcmc": 0.7653333333333333,
    "true_n_subtypes": 5
}