{
    "runtime": 124.58276200294495,
    "First == Best": true,
    "First == Pickle ML": true,
    "Best == Pickle ML": true,
    "tau": 0.38636363636363635,
    "tau_argsort": 0.34090909090909094,
    "subtype_acc": 0.04656874590837394,
    "mean_stage_healthy": 3.32,
    "tau_mcmc": 0.38636363636363635,
    "tau_argsort_mcmc": 0.34090909090909094,
    "subtype_acc_mcmc": 0.001898601527922182,
    "mean_stage_healthy_mcmc": 3.2533333333333334,
    "true_n_subtypes": 2
}