{
    "runtime": 56.74505400657654,
    "First == Best": true,
    "First == Pickle ML": true,
    "Best == Pickle ML": true,
    "tau": 0.4090909090909091,
    "tau_argsort": 0.4393939393939394,
    "subtype_acc": 1.0,
    "mean_stage_healthy": 0.426,
    "tau_mcmc": 0.4090909090909091,
    "tau_argsort_mcmc": 0.4393939393939394,
    "subtype_acc_mcmc": 1.0,
    "mean_stage_healthy_mcmc": 0.426,
    "true_n_subtypes": 1
}