{
    "runtime": 589.5388731956482,
    "First == Best": true,
    "First == Pickle ML": true,
    "Best == Pickle ML": true,
    "tau": 0.4431818181818182,
    "tau_argsort": 0.45833333333333337,
    "subtype_acc": 0.5779578377682149,
    "mean_stage_healthy": 2.7,
    "tau_mcmc": 0.4431818181818182,
    "tau_argsort_mcmc": 0.45833333333333337,
    "subtype_acc_mcmc": 0.5779578377682149,
    "mean_stage_healthy_mcmc": 2.7,
    "true_n_subtypes": 4
}