{
    "runtime": 584.4849112033844,
    "First == Best": true,
    "First == Pickle ML": true,
    "Best == Pickle ML": true,
    "tau": 0.43560606060606055,
    "tau_argsort": 0.39015151515151514,
    "subtype_acc": 0.026643265322280504,
    "mean_stage_healthy": 1.026,
    "tau_mcmc": 0.43560606060606055,
    "tau_argsort_mcmc": 0.39015151515151514,
    "subtype_acc_mcmc": 0.026643265322280504,
    "mean_stage_healthy_mcmc": 1.026,
    "true_n_subtypes": 4
}