{
    "runtime": 87.27603483200073,
    "First == Best": true,
    "First == Pickle ML": true,
    "Best == Pickle ML": true,
    "tau": 0.42424242424242425,
    "tau_argsort": 0.21212121212121213,
    "subtype_acc": 1.0,
    "mean_stage_healthy": 0.124,
    "tau_mcmc": 0.42424242424242425,
    "tau_argsort_mcmc": 0.21212121212121213,
    "subtype_acc_mcmc": 1.0,
    "mean_stage_healthy_mcmc": 0.124,
    "true_n_subtypes": 1,
    "runtime_cross_validation": 4745.7234761714935,
    "ml_n_subtypes": 5,
    "correct_bool": 0,
    "absolute_error": 4,
    "relative_error": 4
}