{
    "runtime": 845.7200467586517,
    "First == Best": true,
    "First == Pickle ML": true,
    "Best == Pickle ML": true,
    "tau": 0.3818181818181818,
    "tau_argsort": 0.4303030303030303,
    "subtype_acc": 0.028042509042468602,
    "mean_stage_healthy": 4.626506024096385,
    "tau_mcmc": 0.3818181818181818,
    "tau_argsort_mcmc": 0.4303030303030303,
    "subtype_acc_mcmc": 0.02786934870621982,
    "mean_stage_healthy_mcmc": 4.626506024096385,
    "true_n_subtypes": 5
}