{
    "runtime": 810.1693482398987,
    "First == Best": true,
    "First == Pickle ML": true,
    "Best == Pickle ML": true,
    "tau": 0.44318181818181823,
    "tau_argsort": 0.39015151515151514,
    "subtype_acc": 0.03291078046532495,
    "mean_stage_healthy": 4.838709677419355,
    "tau_mcmc": 0.44318181818181823,
    "tau_argsort_mcmc": 0.39015151515151514,
    "subtype_acc_mcmc": 0.032984575519825234,
    "mean_stage_healthy_mcmc": 4.854838709677419,
    "true_n_subtypes": 4
}