{
    "runtime": 188.13783979415894,
    "First == Best": true,
    "First == Pickle ML": true,
    "Best == Pickle ML": true,
    "tau": 0.553030303030303,
    "tau_argsort": 0.32575757575757575,
    "subtype_acc": 0.8265144665645219,
    "mean_stage_healthy": 1.896,
    "tau_mcmc": 0.553030303030303,
    "tau_argsort_mcmc": 0.32575757575757575,
    "subtype_acc_mcmc": 0.8265144665645219,
    "mean_stage_healthy_mcmc": 1.896,
    "true_n_subtypes": 2
}