{
    "runtime": 595.9573838710785,
    "First == Best": true,
    "First == Pickle ML": true,
    "Best == Pickle ML": true,
    "tau": 0.48484848484848486,
    "tau_argsort": 0.3787878787878788,
    "subtype_acc": 0.4634053070421362,
    "mean_stage_healthy": 2.3493975903614457,
    "tau_mcmc": 0.48484848484848486,
    "tau_argsort_mcmc": 0.3787878787878788,
    "subtype_acc_mcmc": 0.4634053070421362,
    "mean_stage_healthy_mcmc": 2.3493975903614457,
    "true_n_subtypes": 4
}