{
    "runtime": 765.6765086650848,
    "First == Best": true,
    "First == Pickle ML": true,
    "Best == Pickle ML": true,
    "tau": 0.36363636363636365,
    "tau_argsort": 0.3575757575757576,
    "subtype_acc": 0.07122384357528144,
    "mean_stage_healthy": 2.661290322580645,
    "tau_mcmc": 0.36363636363636365,
    "tau_argsort_mcmc": 0.3575757575757576,
    "subtype_acc_mcmc": 0.07122384357528144,
    "mean_stage_healthy_mcmc": 2.661290322580645,
    "true_n_subtypes": 5
}