{
    "runtime": 54.60483479499817,
    "First == Best": true,
    "First == Pickle ML": true,
    "Best == Pickle ML": true,
    "tau": 0.3787878787878788,
    "tau_argsort": 0.25757575757575757,
    "subtype_acc": 1.0,
    "mean_stage_healthy": 0.04,
    "tau_mcmc": 0.3787878787878788,
    "tau_argsort_mcmc": 0.25757575757575757,
    "subtype_acc_mcmc": 1.0,
    "mean_stage_healthy_mcmc": 0.04,
    "true_n_subtypes": 1
}