{
    "runtime": 399.780704498291,
    "First == Best": false,
    "First == Pickle ML": true,
    "Best == Pickle ML": false,
    "tau": 0.3434343434343434,
    "tau_argsort": 0.1818181818181818,
    "subtype_acc": 0.13265469262394342,
    "mean_stage_healthy": 0.03333333333333333,
    "tau_mcmc": 0.35858585858585856,
    "tau_argsort_mcmc": 0.18686868686868685,
    "subtype_acc_mcmc": 0.14090652637741688,
    "mean_stage_healthy_mcmc": 0.03333333333333333,
    "true_n_subtypes": 3
}