{
    "runtime": 604.1206901073456,
    "First == Best": true,
    "First == Pickle ML": true,
    "Best == Pickle ML": true,
    "tau": 0.356060606060606,
    "tau_argsort": 0.36363636363636365,
    "subtype_acc": 0.09296539456500995,
    "mean_stage_healthy": 3.7943548387096775,
    "tau_mcmc": 0.356060606060606,
    "tau_argsort_mcmc": 0.36363636363636365,
    "subtype_acc_mcmc": 0.09211558221162461,
    "mean_stage_healthy_mcmc": 3.7943548387096775,
    "true_n_subtypes": 4
}