{
    "runtime": 345.3877680301666,
    "First == Best": true,
    "First == Pickle ML": true,
    "Best == Pickle ML": true,
    "tau": 0.51010101010101,
    "tau_argsort": 0.3181818181818182,
    "subtype_acc": 0.5345340563530012,
    "mean_stage_healthy": 0.7,
    "tau_mcmc": 0.51010101010101,
    "tau_argsort_mcmc": 0.3181818181818182,
    "subtype_acc_mcmc": 0.5345340563530012,
    "mean_stage_healthy_mcmc": 0.696,
    "true_n_subtypes": 3
}