{
    "runtime": 349.90804839134216,
    "First == Best": true,
    "First == Pickle ML": true,
    "Best == Pickle ML": true,
    "tau": 0.3636363636363636,
    "tau_argsort": 0.2626262626262626,
    "subtype_acc": 0.24115267840526394,
    "mean_stage_healthy": 0.67,
    "tau_mcmc": 0.3636363636363636,
    "tau_argsort_mcmc": 0.2626262626262626,
    "subtype_acc_mcmc": 0.24266767252256266,
    "mean_stage_healthy_mcmc": 0.672,
    "true_n_subtypes": 3
}