{
    "runtime": 63.21804404258728,
    "First == Best": true,
    "First == Pickle ML": true,
    "Best == Pickle ML": true,
    "tau": 0.6666666666666666,
    "tau_argsort": 0.5151515151515151,
    "subtype_acc": 1.0,
    "mean_stage_healthy": 0.268,
    "tau_mcmc": 0.6666666666666666,
    "tau_argsort_mcmc": 0.5151515151515151,
    "subtype_acc_mcmc": 1.0,
    "mean_stage_healthy_mcmc": 0.268,
    "true_n_subtypes": 1
}