{
    "runtime": 182.64718055725098,
    "First == Best": true,
    "First == Pickle ML": true,
    "Best == Pickle ML": true,
    "tau": 0.5075757575757576,
    "tau_argsort": 0.446969696969697,
    "subtype_acc": -0.0008066858528888811,
    "mean_stage_healthy": 1.028,
    "tau_mcmc": 0.5075757575757576,
    "tau_argsort_mcmc": 0.446969696969697,
    "subtype_acc_mcmc": -0.0008066858528888811,
    "mean_stage_healthy_mcmc": 1.028,
    "true_n_subtypes": 2
}