{
    "runtime": 574.27388048172,
    "First == Best": true,
    "First == Pickle ML": true,
    "Best == Pickle ML": true,
    "tau": 0.4772727272727273,
    "tau_argsort": 0.38636363636363635,
    "subtype_acc": -0.0022981646086274996,
    "mean_stage_healthy": 4.532258064516129,
    "tau_mcmc": 0.4772727272727273,
    "tau_argsort_mcmc": 0.38636363636363635,
    "subtype_acc_mcmc": -0.0022183161004101335,
    "mean_stage_healthy_mcmc": 4.528225806451613,
    "true_n_subtypes": 4
}