{
    "runtime": 179.0895471572876,
    "First == Best": true,
    "First == Pickle ML": true,
    "Best == Pickle ML": true,
    "tau": 0.5075757575757576,
    "tau_argsort": 0.44696969696969696,
    "subtype_acc": 0.021799987049838248,
    "mean_stage_healthy": 2.992,
    "tau_mcmc": 0.5075757575757576,
    "tau_argsort_mcmc": 0.44696969696969696,
    "subtype_acc_mcmc": 0.021799987049838248,
    "mean_stage_healthy_mcmc": 2.992,
    "true_n_subtypes": 2
}