{
    "runtime": 60.05609488487244,
    "First == Best": true,
    "First == Pickle ML": true,
    "Best == Pickle ML": true,
    "tau": 0.5454545454545454,
    "tau_argsort": 0.45454545454545453,
    "subtype_acc": 1.0,
    "mean_stage_healthy": 0.014666666666666666,
    "tau_mcmc": 0.5454545454545454,
    "tau_argsort_mcmc": 0.45454545454545453,
    "subtype_acc_mcmc": 1.0,
    "mean_stage_healthy_mcmc": 0.014666666666666666,
    "true_n_subtypes": 1
}