{
    "runtime": 1194.0889477729797,
    "First == Best": true,
    "First == Pickle ML": true,
    "Best == Pickle ML": true,
    "tau": 0.4424242424242424,
    "tau_argsort": 0.40606060606060607,
    "subtype_acc": 0.03382010501428901,
    "mean_stage_healthy": 3.140562248995984,
    "tau_mcmc": 0.4424242424242424,
    "tau_argsort_mcmc": 0.40606060606060607,
    "subtype_acc_mcmc": 0.03351583555932149,
    "mean_stage_healthy_mcmc": 3.140562248995984,
    "true_n_subtypes": 5
}