{
    "runtime": 990.7647457122803,
    "First == Best": true,
    "First == Pickle ML": true,
    "Best == Pickle ML": true,
    "tau": 0.4575757575757575,
    "tau_argsort": 0.29393939393939394,
    "subtype_acc": 0.30396395289145023,
    "mean_stage_healthy": 0.948,
    "tau_mcmc": 0.4575757575757575,
    "tau_argsort_mcmc": 0.29393939393939394,
    "subtype_acc_mcmc": 0.30396395289145023,
    "mean_stage_healthy_mcmc": 0.948,
    "true_n_subtypes": 5
}