{
    "runtime": 1105.971928358078,
    "First == Best": false,
    "First == Pickle ML": true,
    "Best == Pickle ML": false,
    "tau": 0.37272727272727274,
    "tau_argsort": 0.25757575757575757,
    "subtype_acc": 0.030745706318504797,
    "mean_stage_healthy": 0.14266666666666666,
    "tau_mcmc": 0.43939393939393945,
    "tau_argsort_mcmc": 0.24545454545454545,
    "subtype_acc_mcmc": 0.028132464853130444,
    "mean_stage_healthy_mcmc": 0.14266666666666666,
    "true_n_subtypes": 5
}