{
    "runtime": 61.82759237289429,
    "First == Best": true,
    "First == Pickle ML": true,
    "Best == Pickle ML": true,
    "tau": 0.4090909090909091,
    "tau_argsort": 0.16666666666666666,
    "subtype_acc": 1.0,
    "mean_stage_healthy": 4.088,
    "tau_mcmc": 0.4090909090909091,
    "tau_argsort_mcmc": 0.16666666666666666,
    "subtype_acc_mcmc": 1.0,
    "mean_stage_healthy_mcmc": 4.088,
    "true_n_subtypes": 1
}