{
    "runtime": 788.9903326034546,
    "First == Best": true,
    "First == Pickle ML": true,
    "Best == Pickle ML": true,
    "tau": 0.41818181818181815,
    "tau_argsort": 0.27878787878787875,
    "subtype_acc": 0.17862994065854002,
    "mean_stage_healthy": 0.57,
    "tau_mcmc": 0.41818181818181815,
    "tau_argsort_mcmc": 0.27878787878787875,
    "subtype_acc_mcmc": 0.17862994065854002,
    "mean_stage_healthy_mcmc": 0.57,
    "true_n_subtypes": 5
}