{
    "runtime": 842.0693693161011,
    "First == Best": false,
    "First == Pickle ML": true,
    "Best == Pickle ML": false,
    "tau": 0.396969696969697,
    "tau_argsort": 0.40909090909090906,
    "subtype_acc": 0.38104168490056783,
    "mean_stage_healthy": 0.808,
    "tau_mcmc": 0.3878787878787879,
    "tau_argsort_mcmc": 0.4121212121212121,
    "subtype_acc_mcmc": 0.37428892357627863,
    "mean_stage_healthy_mcmc": 0.808,
    "true_n_subtypes": 5
}