{
    "runtime": 799.9725925922394,
    "First == Best": true,
    "First == Pickle ML": true,
    "Best == Pickle ML": true,
    "tau": 0.41818181818181815,
    "tau_argsort": 0.43636363636363634,
    "subtype_acc": 0.06752398783459236,
    "mean_stage_healthy": 0.08533333333333333,
    "tau_mcmc": 0.41818181818181815,
    "tau_argsort_mcmc": 0.43636363636363634,
    "subtype_acc_mcmc": 0.0692079548307077,
    "mean_stage_healthy_mcmc": 0.08533333333333333,
    "true_n_subtypes": 5
}