{
    "runtime": 229.50137901306152,
    "First == Best": true,
    "First == Pickle ML": true,
    "Best == Pickle ML": true,
    "tau": 0.5,
    "tau_argsort": 0.5303030303030303,
    "subtype_acc": 0.035603879517335936,
    "mean_stage_healthy": 2.868,
    "tau_mcmc": 0.5,
    "tau_argsort_mcmc": 0.5303030303030303,
    "subtype_acc_mcmc": 0.035603879517335936,
    "mean_stage_healthy_mcmc": 2.868,
    "true_n_subtypes": 2
}