{
    "runtime": 351.7497696876526,
    "First == Best": true,
    "First == Pickle ML": true,
    "Best == Pickle ML": true,
    "tau": 0.40404040404040403,
    "tau_argsort": 0.2828282828282828,
    "subtype_acc": 0.05991160094166855,
    "mean_stage_healthy": 0.124,
    "tau_mcmc": 0.40404040404040403,
    "tau_argsort_mcmc": 0.2828282828282828,
    "subtype_acc_mcmc": 0.0615973738724289,
    "mean_stage_healthy_mcmc": 0.12533333333333332,
    "true_n_subtypes": 3,
    "runtime_cross_validation": 3544.473556995392,
    "ml_n_subtypes": 5,
    "correct_bool": 0,
    "absolute_error": 2,
    "relative_error": 2
}