{
    "runtime": 59.72079086303711,
    "First == Best": true,
    "First == Pickle ML": true,
    "Best == Pickle ML": true,
    "tau": 0.48484848484848486,
    "tau_argsort": 0.30303030303030304,
    "subtype_acc": 1.0,
    "mean_stage_healthy": 5.78,
    "tau_mcmc": 0.48484848484848486,
    "tau_argsort_mcmc": 0.30303030303030304,
    "subtype_acc_mcmc": 1.0,
    "mean_stage_healthy_mcmc": 5.78,
    "true_n_subtypes": 1
}