{
    "runtime": 498.66664481163025,
    "First == Best": true,
    "First == Pickle ML": true,
    "Best == Pickle ML": true,
    "tau": 0.47474747474747475,
    "tau_argsort": 0.32323232323232326,
    "subtype_acc": 0.08940717706039417,
    "mean_stage_healthy": 2.657258064516129,
    "tau_mcmc": 0.47474747474747475,
    "tau_argsort_mcmc": 0.32323232323232326,
    "subtype_acc_mcmc": 0.08940717706039417,
    "mean_stage_healthy_mcmc": 2.657258064516129,
    "true_n_subtypes": 3
}