{
    "runtime": 215.6271448135376,
    "First == Best": false,
    "First == Pickle ML": true,
    "Best == Pickle ML": false,
    "tau": 0.46969696969696967,
    "tau_argsort": 0.3333333333333333,
    "subtype_acc": 0.27399976946257676,
    "mean_stage_healthy": 0.03333333333333333,
    "tau_mcmc": 0.48484848484848486,
    "tau_argsort_mcmc": 0.3787878787878788,
    "subtype_acc_mcmc": 0.25690835345446267,
    "mean_stage_healthy_mcmc": 0.03333333333333333,
    "true_n_subtypes": 2
}