{
    "runtime": 358.73294496536255,
    "First == Best": true,
    "First == Pickle ML": true,
    "Best == Pickle ML": true,
    "tau": 0.393939393939394,
    "tau_argsort": 0.32323232323232326,
    "subtype_acc": 0.008240109828001687,
    "mean_stage_healthy": 0.03866666666666667,
    "tau_mcmc": 0.393939393939394,
    "tau_argsort_mcmc": 0.32323232323232326,
    "subtype_acc_mcmc": 0.007107721686962293,
    "mean_stage_healthy_mcmc": 0.03866666666666667,
    "true_n_subtypes": 3
}