{
    "runtime": 794.7857899665833,
    "First == Best": true,
    "First == Pickle ML": true,
    "Best == Pickle ML": true,
    "tau": 0.3545454545454546,
    "tau_argsort": 0.3969696969696969,
    "subtype_acc": 0.0506621523116391,
    "mean_stage_healthy": 1.8790322580645162,
    "tau_mcmc": 0.3545454545454546,
    "tau_argsort_mcmc": 0.3969696969696969,
    "subtype_acc_mcmc": 0.0506621523116391,
    "mean_stage_healthy_mcmc": 1.8790322580645162,
    "true_n_subtypes": 5
}