{
    "runtime": 214.48896622657776,
    "First == Best": true,
    "First == Pickle ML": true,
    "Best == Pickle ML": true,
    "tau": 0.48484848484848486,
    "tau_argsort": 0.4696969696969697,
    "subtype_acc": 0.8317343237664191,
    "mean_stage_healthy": 1.963855421686747,
    "tau_mcmc": 0.48484848484848486,
    "tau_argsort_mcmc": 0.4696969696969697,
    "subtype_acc_mcmc": 0.8317343237664191,
    "mean_stage_healthy_mcmc": 1.9879518072289157,
    "true_n_subtypes": 2
}