{
    "runtime": 82.64956164360046,
    "First == Best": true,
    "First == Pickle ML": true,
    "Best == Pickle ML": true,
    "tau": 0.3181818181818182,
    "tau_argsort": 0.3484848484848485,
    "subtype_acc": 1.0,
    "mean_stage_healthy": 4.496,
    "tau_mcmc": 0.3181818181818182,
    "tau_argsort_mcmc": 0.3484848484848485,
    "subtype_acc_mcmc": 1.0,
    "mean_stage_healthy_mcmc": 4.496,
    "true_n_subtypes": 1
}