{
    "runtime": 182.93387651443481,
    "First == Best": true,
    "First == Pickle ML": true,
    "Best == Pickle ML": true,
    "tau": 0.48484848484848486,
    "tau_argsort": 0.4393939393939394,
    "subtype_acc": 0.021350176111156804,
    "mean_stage_healthy": 3.3775100401606424,
    "tau_mcmc": 0.48484848484848486,
    "tau_argsort_mcmc": 0.4393939393939394,
    "subtype_acc_mcmc": 0.021350176111156804,
    "mean_stage_healthy_mcmc": 3.3775100401606424,
    "true_n_subtypes": 2
}