{
    "runtime": 376.68275928497314,
    "First == Best": true,
    "First == Pickle ML": true,
    "Best == Pickle ML": true,
    "tau": 0.4292929292929293,
    "tau_argsort": 0.37878787878787873,
    "subtype_acc": 0.4097537183250369,
    "mean_stage_healthy": 4.080321285140562,
    "tau_mcmc": 0.4292929292929293,
    "tau_argsort_mcmc": 0.37878787878787873,
    "subtype_acc_mcmc": 0.4097537183250369,
    "mean_stage_healthy_mcmc": 4.080321285140562,
    "true_n_subtypes": 3
}