{
    "runtime": 421.3820741176605,
    "First == Best": false,
    "First == Pickle ML": true,
    "Best == Pickle ML": false,
    "tau": 0.5,
    "tau_argsort": 0.4898989898989899,
    "subtype_acc": 0.0020424931105718874,
    "mean_stage_healthy": 0.07866666666666666,
    "tau_mcmc": 0.494949494949495,
    "tau_argsort_mcmc": 0.494949494949495,
    "subtype_acc_mcmc": 0.0009109523513314967,
    "mean_stage_healthy_mcmc": 0.07866666666666666,
    "true_n_subtypes": 3
}