{
    "runtime": 754.5550186634064,
    "First == Best": true,
    "First == Pickle ML": true,
    "Best == Pickle ML": true,
    "tau": 0.36742424242424243,
    "tau_argsort": 0.4053030303030303,
    "subtype_acc": 0.019280251090301716,
    "mean_stage_healthy": 0.358,
    "tau_mcmc": 0.36742424242424243,
    "tau_argsort_mcmc": 0.4053030303030303,
    "subtype_acc_mcmc": 0.017787068318245634,
    "mean_stage_healthy_mcmc": 0.358,
    "true_n_subtypes": 4
}