{
    "runtime": 184.73429036140442,
    "First == Best": false,
    "First == Pickle ML": true,
    "Best == Pickle ML": false,
    "tau": 0.36363636363636365,
    "tau_argsort": 0.3787878787878788,
    "subtype_acc": -0.018509917039169037,
    "mean_stage_healthy": 0.028,
    "tau_mcmc": 0.3787878787878788,
    "tau_argsort_mcmc": 0.3939393939393939,
    "subtype_acc_mcmc": -0.018509917039169037,
    "mean_stage_healthy_mcmc": 0.028,
    "true_n_subtypes": 2
}