{
    "runtime": 54.24124550819397,
    "First == Best": true,
    "First == Pickle ML": true,
    "Best == Pickle ML": true,
    "tau": 0.3787878787878788,
    "tau_argsort": 0.22727272727272727,
    "subtype_acc": 1.0,
    "mean_stage_healthy": 0.234,
    "tau_mcmc": 0.3787878787878788,
    "tau_argsort_mcmc": 0.22727272727272727,
    "subtype_acc_mcmc": 1.0,
    "mean_stage_healthy_mcmc": 0.234,
    "true_n_subtypes": 1
}