{
    "runtime": 59.213643312454224,
    "First == Best": true,
    "First == Pickle ML": true,
    "Best == Pickle ML": true,
    "tau": 0.48484848484848486,
    "tau_argsort": 0.21212121212121213,
    "subtype_acc": 1.0,
    "mean_stage_healthy": 2.588,
    "tau_mcmc": 0.48484848484848486,
    "tau_argsort_mcmc": 0.21212121212121213,
    "subtype_acc_mcmc": 1.0,
    "mean_stage_healthy_mcmc": 2.588,
    "true_n_subtypes": 1,
    "runtime_cross_validation": 3602.581006526947,
    "ml_n_subtypes": 5,
    "correct_bool": 0,
    "absolute_error": 4,
    "relative_error": 4
}