{
    "runtime": 1067.841210603714,
    "First == Best": true,
    "First == Pickle ML": true,
    "Best == Pickle ML": true,
    "tau": 0.36666666666666664,
    "tau_argsort": 0.39090909090909093,
    "subtype_acc": 0.049190328057735044,
    "mean_stage_healthy": 3.1244979919678717,
    "tau_mcmc": 0.36666666666666664,
    "tau_argsort_mcmc": 0.39090909090909093,
    "subtype_acc_mcmc": 0.049190328057735044,
    "mean_stage_healthy_mcmc": 3.1244979919678717,
    "true_n_subtypes": 5
}