{
    "runtime": 406.57284712791443,
    "First == Best": true,
    "First == Pickle ML": true,
    "Best == Pickle ML": true,
    "tau": 0.4090909090909091,
    "tau_argsort": 0.2777777777777778,
    "subtype_acc": 0.12936207232839325,
    "mean_stage_healthy": 0.784,
    "tau_mcmc": 0.4090909090909091,
    "tau_argsort_mcmc": 0.2777777777777778,
    "subtype_acc_mcmc": 0.12936207232839325,
    "mean_stage_healthy_mcmc": 0.784,
    "true_n_subtypes": 3
}