{
    "runtime": 749.9157221317291,
    "First == Best": true,
    "First == Pickle ML": true,
    "Best == Pickle ML": true,
    "tau": 0.4318181818181818,
    "tau_argsort": 0.4772727272727273,
    "subtype_acc": 0.02379883687341676,
    "mean_stage_healthy": 3.967871485943775,
    "tau_mcmc": 0.4318181818181818,
    "tau_argsort_mcmc": 0.4772727272727273,
    "subtype_acc_mcmc": 0.023481040587388896,
    "mean_stage_healthy_mcmc": 3.9718875502008033,
    "true_n_subtypes": 4
}