{
    "runtime": 569.968905210495,
    "First == Best": false,
    "First == Pickle ML": true,
    "Best == Pickle ML": false,
    "tau": 0.4393939393939394,
    "tau_argsort": 0.30303030303030304,
    "subtype_acc": 0.06808201495146188,
    "mean_stage_healthy": 0.10266666666666667,
    "tau_mcmc": 0.4318181818181818,
    "tau_argsort_mcmc": 0.3409090909090909,
    "subtype_acc_mcmc": 0.06509975300553687,
    "mean_stage_healthy_mcmc": 0.10266666666666667,
    "true_n_subtypes": 4,
    "runtime_cross_validation": 3515.3506321907043,
    "ml_n_subtypes": 5,
    "correct_bool": 0,
    "absolute_error": 1,
    "relative_error": 1
}