{
    "runtime": 1078.8309926986694,
    "First == Best": true,
    "First == Pickle ML": true,
    "Best == Pickle ML": true,
    "tau": 0.43939393939393945,
    "tau_argsort": 0.403030303030303,
    "subtype_acc": 0.006743400687864459,
    "mean_stage_healthy": 4.772117962466488,
    "tau_mcmc": 0.43939393939393945,
    "tau_argsort_mcmc": 0.403030303030303,
    "subtype_acc_mcmc": 0.006743400687864459,
    "mean_stage_healthy_mcmc": 4.7801608579088475,
    "true_n_subtypes": 5
}