{
    "runtime": 685.200605392456,
    "First == Best": true,
    "First == Pickle ML": true,
    "Best == Pickle ML": true,
    "tau": 0.44949494949494956,
    "tau_argsort": 0.2676767676767677,
    "subtype_acc": 0.30587550410674486,
    "mean_stage_healthy": 0.47733333333333333,
    "tau_mcmc": 0.44949494949494956,
    "tau_argsort_mcmc": 0.2676767676767677,
    "subtype_acc_mcmc": 0.30587550410674486,
    "mean_stage_healthy_mcmc": 0.47733333333333333,
    "true_n_subtypes": 3
}