{
    "runtime": 281.3869683742523,
    "First == Best": false,
    "First == Pickle ML": true,
    "Best == Pickle ML": false,
    "tau": 0.4545454545454546,
    "tau_argsort": 0.2727272727272727,
    "subtype_acc": 0.44533426084488537,
    "mean_stage_healthy": 0.015111111111111112,
    "tau_mcmc": 0.3939393939393939,
    "tau_argsort_mcmc": 0.2727272727272727,
    "subtype_acc_mcmc": 0.4312967309073075,
    "mean_stage_healthy_mcmc": 0.015111111111111112,
    "true_n_subtypes": 2
}