{
    "runtime": 78.33949708938599,
    "First == Best": true,
    "First == Pickle ML": true,
    "Best == Pickle ML": true,
    "tau": 0.5757575757575758,
    "tau_argsort": 0.18181818181818182,
    "subtype_acc": 1.0,
    "mean_stage_healthy": 0.06755555555555555,
    "tau_mcmc": 0.5757575757575758,
    "tau_argsort_mcmc": 0.18181818181818182,
    "subtype_acc_mcmc": 1.0,
    "mean_stage_healthy_mcmc": 0.06755555555555555,
    "true_n_subtypes": 1
}