{
    "runtime": 273.6319944858551,
    "First == Best": true,
    "First == Pickle ML": true,
    "Best == Pickle ML": true,
    "tau": 0.4696969696969697,
    "tau_argsort": 0.42424242424242425,
    "subtype_acc": 0.07245570656480521,
    "mean_stage_healthy": 1.0906666666666667,
    "tau_mcmc": 0.4696969696969697,
    "tau_argsort_mcmc": 0.42424242424242425,
    "subtype_acc_mcmc": 0.06961110972031055,
    "mean_stage_healthy_mcmc": 1.0906666666666667,
    "true_n_subtypes": 2
}