{
    "runtime": 316.33184266090393,
    "First == Best": true,
    "First == Pickle ML": true,
    "Best == Pickle ML": true,
    "tau": 0.5378787878787878,
    "tau_argsort": 0.25,
    "subtype_acc": 0.007357540377964741,
    "mean_stage_healthy": 0.5373333333333333,
    "tau_mcmc": 0.5378787878787878,
    "tau_argsort_mcmc": 0.25,
    "subtype_acc_mcmc": 0.007357540377964741,
    "mean_stage_healthy_mcmc": 0.5373333333333333,
    "true_n_subtypes": 2
}