{
    "runtime": 934.9800107479095,
    "First == Best": true,
    "First == Pickle ML": true,
    "Best == Pickle ML": true,
    "tau": 0.32954545454545453,
    "tau_argsort": 0.30681818181818177,
    "subtype_acc": 0.16340210992378992,
    "mean_stage_healthy": 3.420911528150134,
    "tau_mcmc": 0.32954545454545453,
    "tau_argsort_mcmc": 0.30681818181818177,
    "subtype_acc_mcmc": 0.16340210992378992,
    "mean_stage_healthy_mcmc": 3.420911528150134,
    "true_n_subtypes": 4,
    "runtime_cross_validation": 5628.262534856796,
    "ml_n_subtypes": 5,
    "correct_bool": 0,
    "absolute_error": 1,
    "relative_error": 1
}