{
    "runtime": 984.7205111980438,
    "First == Best": true,
    "First == Pickle ML": true,
    "Best == Pickle ML": true,
    "tau": 0.36363636363636365,
    "tau_argsort": 0.43939393939393945,
    "subtype_acc": 0.09045222200018767,
    "mean_stage_healthy": 0.88,
    "tau_mcmc": 0.36363636363636365,
    "tau_argsort_mcmc": 0.43939393939393945,
    "subtype_acc_mcmc": 0.09045222200018767,
    "mean_stage_healthy_mcmc": 0.88,
    "true_n_subtypes": 4
}