{
    "runtime": 768.8051915168762,
    "First == Best": true,
    "First == Pickle ML": true,
    "Best == Pickle ML": true,
    "tau": 0.4280303030303031,
    "tau_argsort": 0.32196969696969696,
    "subtype_acc": 0.08119491648338265,
    "mean_stage_healthy": 0.696,
    "tau_mcmc": 0.4280303030303031,
    "tau_argsort_mcmc": 0.32196969696969696,
    "subtype_acc_mcmc": 0.08119491648338265,
    "mean_stage_healthy_mcmc": 0.696,
    "true_n_subtypes": 4
}