{
    "runtime": 276.7938799858093,
    "First == Best": true,
    "First == Pickle ML": true,
    "Best == Pickle ML": true,
    "tau": 0.3333333333333333,
    "tau_argsort": 0.4090909090909091,
    "subtype_acc": -0.0009513903341647265,
    "mean_stage_healthy": 3.802139037433155,
    "tau_mcmc": 0.3333333333333333,
    "tau_argsort_mcmc": 0.4090909090909091,
    "subtype_acc_mcmc": -0.0009513903341647265,
    "mean_stage_healthy_mcmc": 3.802139037433155,
    "true_n_subtypes": 2
}