{
    "runtime": 464.60766792297363,
    "First == Best": true,
    "First == Pickle ML": true,
    "Best == Pickle ML": true,
    "tau": 0.5757575757575757,
    "tau_argsort": 0.47474747474747475,
    "subtype_acc": 0.17409920445933125,
    "mean_stage_healthy": 2.0775401069518717,
    "tau_mcmc": 0.5757575757575757,
    "tau_argsort_mcmc": 0.47474747474747475,
    "subtype_acc_mcmc": 0.17409920445933125,
    "mean_stage_healthy_mcmc": 2.0775401069518717,
    "true_n_subtypes": 3
}