{
    "runtime": 910.7360620498657,
    "First == Best": false,
    "First == Pickle ML": true,
    "Best == Pickle ML": false,
    "tau": 0.40530303030303033,
    "tau_argsort": 0.36742424242424243,
    "subtype_acc": 0.08008353039742844,
    "mean_stage_healthy": 0.08177777777777778,
    "tau_mcmc": 0.42045454545454547,
    "tau_argsort_mcmc": 0.35984848484848486,
    "subtype_acc_mcmc": 0.04074212604584468,
    "mean_stage_healthy_mcmc": 0.07377777777777778,
    "true_n_subtypes": 4,
    "runtime_cross_validation": 5677.763239622116,
    "ml_n_subtypes": 5,
    "correct_bool": 0,
    "absolute_error": 1,
    "relative_error": 1
}