{
    "runtime": 1155.7829303741455,
    "First == Best": true,
    "First == Pickle ML": true,
    "Best == Pickle ML": true,
    "tau": 0.4787878787878787,
    "tau_argsort": 0.4,
    "subtype_acc": 0.4757739614317093,
    "mean_stage_healthy": 2.067204301075269,
    "tau_mcmc": 0.4787878787878787,
    "tau_argsort_mcmc": 0.4,
    "subtype_acc_mcmc": 0.47637498878009926,
    "mean_stage_healthy_mcmc": 2.0725806451612905,
    "true_n_subtypes": 5
}