{
    "runtime": 883.526554107666,
    "First == Best": true,
    "First == Pickle ML": true,
    "Best == Pickle ML": true,
    "tau": 0.46212121212121215,
    "tau_argsort": 0.25757575757575757,
    "subtype_acc": 0.2100545041701481,
    "mean_stage_healthy": 0.7226666666666667,
    "tau_mcmc": 0.46212121212121215,
    "tau_argsort_mcmc": 0.25757575757575757,
    "subtype_acc_mcmc": 0.2100545041701481,
    "mean_stage_healthy_mcmc": 0.7226666666666667,
    "true_n_subtypes": 4,
    "runtime_cross_validation": 5434.698166847229,
    "ml_n_subtypes": 5,
    "correct_bool": 0,
    "absolute_error": 1,
    "relative_error": 1
}