{
    "runtime": 1259.7438645362854,
    "First == Best": true,
    "First == Pickle ML": true,
    "Best == Pickle ML": true,
    "tau": 0.41818181818181827,
    "tau_argsort": 0.36363636363636365,
    "subtype_acc": 0.04522688765220303,
    "mean_stage_healthy": 0.7506666666666667,
    "tau_mcmc": 0.41818181818181827,
    "tau_argsort_mcmc": 0.36363636363636365,
    "subtype_acc_mcmc": 0.04601702444072879,
    "mean_stage_healthy_mcmc": 0.7506666666666667,
    "true_n_subtypes": 5
}