{
    "runtime": 1118.7597379684448,
    "First == Best": true,
    "First == Pickle ML": true,
    "Best == Pickle ML": true,
    "tau": 0.509090909090909,
    "tau_argsort": 0.28484848484848485,
    "subtype_acc": 0.006885743920241088,
    "mean_stage_healthy": 0.08,
    "tau_mcmc": 0.509090909090909,
    "tau_argsort_mcmc": 0.28484848484848485,
    "subtype_acc_mcmc": 0.006885743920241088,
    "mean_stage_healthy_mcmc": 0.08,
    "true_n_subtypes": 5
}