{
    "runtime": 1307.6512613296509,
    "First == Best": true,
    "First == Pickle ML": true,
    "Best == Pickle ML": true,
    "tau": 0.41515151515151516,
    "tau_argsort": 0.3787878787878788,
    "subtype_acc": 0.14617138954594355,
    "mean_stage_healthy": 0.8933333333333333,
    "tau_mcmc": 0.41515151515151516,
    "tau_argsort_mcmc": 0.3787878787878788,
    "subtype_acc_mcmc": 0.14617138954594355,
    "mean_stage_healthy_mcmc": 0.8933333333333333,
    "true_n_subtypes": 5
}