{
    "runtime": 612.0245289802551,
    "First == Best": false,
    "First == Pickle ML": true,
    "Best == Pickle ML": false,
    "tau": 0.5151515151515151,
    "tau_argsort": 0.2727272727272727,
    "subtype_acc": 0.10685713967408134,
    "mean_stage_healthy": 0.12622222222222224,
    "tau_mcmc": 0.47979797979797983,
    "tau_argsort_mcmc": 0.2676767676767677,
    "subtype_acc_mcmc": 0.10654041111621548,
    "mean_stage_healthy_mcmc": 0.12622222222222224,
    "true_n_subtypes": 3,
    "runtime_cross_validation": 6006.234993457794,
    "ml_n_subtypes": 5,
    "correct_bool": 0,
    "absolute_error": 2,
    "relative_error": 2
}