{
    "runtime": 98.55990600585938,
    "First == Best": true,
    "First == Pickle ML": true,
    "Best == Pickle ML": true,
    "tau": 0.36363636363636365,
    "tau_argsort": 0.36363636363636365,
    "subtype_acc": 1.0,
    "mean_stage_healthy": 3.784,
    "tau_mcmc": 0.36363636363636365,
    "tau_argsort_mcmc": 0.36363636363636365,
    "subtype_acc_mcmc": 1.0,
    "mean_stage_healthy_mcmc": 3.784,
    "true_n_subtypes": 1,
    "runtime_cross_validation": 5821.810508489609,
    "ml_n_subtypes": 5,
    "correct_bool": 0,
    "absolute_error": 4,
    "relative_error": 4
}