{
    "runtime": 86.95220589637756,
    "First == Best": true,
    "First == Pickle ML": true,
    "Best == Pickle ML": true,
    "tau": 0.5303030303030303,
    "tau_argsort": 0.16666666666666666,
    "subtype_acc": 1.0,
    "mean_stage_healthy": 3.0613333333333332,
    "tau_mcmc": 0.5303030303030303,
    "tau_argsort_mcmc": 0.16666666666666666,
    "subtype_acc_mcmc": 1.0,
    "mean_stage_healthy_mcmc": 3.0613333333333332,
    "true_n_subtypes": 1
}