{
    "runtime": 83.39932513237,
    "First == Best": true,
    "First == Pickle ML": true,
    "Best == Pickle ML": true,
    "tau": 0.4696969696969697,
    "tau_argsort": 0.22727272727272727,
    "subtype_acc": 1.0,
    "mean_stage_healthy": 2.010666666666667,
    "tau_mcmc": 0.4696969696969697,
    "tau_argsort_mcmc": 0.22727272727272727,
    "subtype_acc_mcmc": 1.0,
    "mean_stage_healthy_mcmc": 2.010666666666667,
    "true_n_subtypes": 1
}