{
    "runtime": 86.24460530281067,
    "First == Best": true,
    "First == Pickle ML": true,
    "Best == Pickle ML": true,
    "tau": 0.5454545454545454,
    "tau_argsort": 0.24242424242424243,
    "subtype_acc": 1.0,
    "mean_stage_healthy": 3.976,
    "tau_mcmc": 0.5454545454545454,
    "tau_argsort_mcmc": 0.24242424242424243,
    "subtype_acc_mcmc": 1.0,
    "mean_stage_healthy_mcmc": 3.976,
    "true_n_subtypes": 1
}