{
    "runtime": 80.02024435997009,
    "First == Best": true,
    "First == Pickle ML": true,
    "Best == Pickle ML": true,
    "tau": 0.21212121212121213,
    "tau_argsort": 0.5454545454545454,
    "subtype_acc": 1.0,
    "mean_stage_healthy": 0.5986666666666667,
    "tau_mcmc": 0.21212121212121213,
    "tau_argsort_mcmc": 0.5454545454545454,
    "subtype_acc_mcmc": 1.0,
    "mean_stage_healthy_mcmc": 0.5986666666666667,
    "true_n_subtypes": 1
}