{
    "runtime": 743.1056997776031,
    "First == Best": true,
    "First == Pickle ML": true,
    "Best == Pickle ML": true,
    "tau": 0.49242424242424243,
    "tau_argsort": 0.40909090909090906,
    "subtype_acc": 0.08729078034576089,
    "mean_stage_healthy": 0.9026666666666666,
    "tau_mcmc": 0.49242424242424243,
    "tau_argsort_mcmc": 0.40909090909090906,
    "subtype_acc_mcmc": 0.08727074368316097,
    "mean_stage_healthy_mcmc": 0.9026666666666666,
    "true_n_subtypes": 4
}