{
    "runtime": 1071.3094115257263,
    "First == Best": true,
    "First == Pickle ML": true,
    "Best == Pickle ML": true,
    "tau": 0.3242424242424242,
    "tau_argsort": 0.4454545454545455,
    "subtype_acc": 0.5218375846909635,
    "mean_stage_healthy": 0.996,
    "tau_mcmc": 0.3242424242424242,
    "tau_argsort_mcmc": 0.4454545454545455,
    "subtype_acc_mcmc": 0.5218375846909635,
    "mean_stage_healthy_mcmc": 0.988,
    "true_n_subtypes": 5
}