{
    "runtime": 89.82185888290405,
    "First == Best": true,
    "First == Pickle ML": true,
    "Best == Pickle ML": true,
    "tau": 0.4696969696969697,
    "tau_argsort": 0.22727272727272727,
    "subtype_acc": 1.0,
    "mean_stage_healthy": 3.1546666666666665,
    "tau_mcmc": 0.4696969696969697,
    "tau_argsort_mcmc": 0.22727272727272727,
    "subtype_acc_mcmc": 1.0,
    "mean_stage_healthy_mcmc": 3.1546666666666665,
    "true_n_subtypes": 1
}