{
    "runtime": 509.6419954299927,
    "First == Best": true,
    "First == Pickle ML": true,
    "Best == Pickle ML": true,
    "tau": 0.42929292929292934,
    "tau_argsort": 0.41919191919191917,
    "subtype_acc": 0.01680877416631281,
    "mean_stage_healthy": 5.385026737967914,
    "tau_mcmc": 0.42929292929292934,
    "tau_argsort_mcmc": 0.41919191919191917,
    "subtype_acc_mcmc": 0.01680877416631281,
    "mean_stage_healthy_mcmc": 5.385026737967914,
    "true_n_subtypes": 3
}