{
    "runtime": 527.86678647995,
    "First == Best": true,
    "First == Pickle ML": true,
    "Best == Pickle ML": true,
    "tau": 0.34848484848484845,
    "tau_argsort": 0.25757575757575757,
    "subtype_acc": 0.07186292272652017,
    "mean_stage_healthy": 2.3262032085561497,
    "tau_mcmc": 0.34848484848484845,
    "tau_argsort_mcmc": 0.25757575757575757,
    "subtype_acc_mcmc": 0.07112848363218882,
    "mean_stage_healthy_mcmc": 2.3262032085561497,
    "true_n_subtypes": 3
}