{
    "runtime": 483.12864661216736,
    "First == Best": true,
    "First == Pickle ML": true,
    "Best == Pickle ML": true,
    "tau": 0.40404040404040403,
    "tau_argsort": 0.32323232323232326,
    "subtype_acc": 0.01763707543546849,
    "mean_stage_healthy": 3.2026666666666666,
    "tau_mcmc": 0.40404040404040403,
    "tau_argsort_mcmc": 0.32323232323232326,
    "subtype_acc_mcmc": 0.01763707543546849,
    "mean_stage_healthy_mcmc": 3.2026666666666666,
    "true_n_subtypes": 3
}