{
    "runtime": 1226.7459003925323,
    "First == Best": false,
    "First == Pickle ML": true,
    "Best == Pickle ML": false,
    "tau": 0.3727272727272727,
    "tau_argsort": 0.3848484848484849,
    "subtype_acc": 0.03144541692610461,
    "mean_stage_healthy": 0.060444444444444446,
    "tau_mcmc": 0.3393939393939394,
    "tau_argsort_mcmc": 0.3878787878787879,
    "subtype_acc_mcmc": 0.031874501536916934,
    "mean_stage_healthy_mcmc": 0.060444444444444446,
    "true_n_subtypes": 5
}