{
    "runtime": 252.3491313457489,
    "First == Best": false,
    "First == Pickle ML": true,
    "Best == Pickle ML": false,
    "tau": 0.34090909090909094,
    "tau_argsort": 0.5075757575757576,
    "subtype_acc": 0.5442959843823295,
    "mean_stage_healthy": 0.029333333333333333,
    "tau_mcmc": 0.26515151515151514,
    "tau_argsort_mcmc": 0.46212121212121215,
    "subtype_acc_mcmc": 0.5288941494417789,
    "mean_stage_healthy_mcmc": 0.029333333333333333,
    "true_n_subtypes": 2
}