{
    "runtime": 77.20227265357971,
    "First == Best": true,
    "First == Pickle ML": true,
    "Best == Pickle ML": true,
    "tau": 0.5303030303030303,
    "tau_argsort": 0.2878787878787879,
    "subtype_acc": 1.0,
    "mean_stage_healthy": 0.072,
    "tau_mcmc": 0.5303030303030303,
    "tau_argsort_mcmc": 0.2878787878787879,
    "subtype_acc_mcmc": 1.0,
    "mean_stage_healthy_mcmc": 0.072,
    "true_n_subtypes": 1
}