{
    "runtime": 1108.3347852230072,
    "First == Best": true,
    "First == Pickle ML": true,
    "Best == Pickle ML": true,
    "tau": 0.4696969696969697,
    "tau_argsort": 0.48484848484848486,
    "subtype_acc": 0.094479973365581,
    "mean_stage_healthy": 0.07733333333333334,
    "tau_mcmc": 0.4696969696969697,
    "tau_argsort_mcmc": 0.48484848484848486,
    "subtype_acc_mcmc": 0.09724845864022853,
    "mean_stage_healthy_mcmc": 0.07733333333333334,
    "true_n_subtypes": 4
}