{
    "runtime": 469.3746016025543,
    "First == Best": true,
    "First == Pickle ML": true,
    "Best == Pickle ML": true,
    "tau": 0.48484848484848486,
    "tau_argsort": 0.35353535353535354,
    "subtype_acc": 0.030743684256885638,
    "mean_stage_healthy": 5.0855614973262036,
    "tau_mcmc": 0.48484848484848486,
    "tau_argsort_mcmc": 0.35353535353535354,
    "subtype_acc_mcmc": 0.030743684256885638,
    "mean_stage_healthy_mcmc": 5.0855614973262036,
    "true_n_subtypes": 3
}