{
    "runtime": 242.7161900997162,
    "First == Best": false,
    "First == Pickle ML": true,
    "Best == Pickle ML": false,
    "tau": 0.4393939393939394,
    "tau_argsort": 0.3181818181818182,
    "subtype_acc": 0.29808169348952884,
    "mean_stage_healthy": 0.04622222222222222,
    "tau_mcmc": 0.4393939393939394,
    "tau_argsort_mcmc": 0.3181818181818182,
    "subtype_acc_mcmc": 0.29808169348952884,
    "mean_stage_healthy_mcmc": 0.04622222222222222,
    "true_n_subtypes": 2
}