{
    "runtime": 73.52535390853882,
    "First == Best": true,
    "First == Pickle ML": true,
    "Best == Pickle ML": true,
    "tau": 0.3333333333333333,
    "tau_argsort": 0.09090909090909091,
    "subtype_acc": 1.0,
    "mean_stage_healthy": 0.19066666666666668,
    "tau_mcmc": 0.3333333333333333,
    "tau_argsort_mcmc": 0.09090909090909091,
    "subtype_acc_mcmc": 1.0,
    "mean_stage_healthy_mcmc": 0.19066666666666668,
    "true_n_subtypes": 1
}