{
    "runtime": 1298.096265077591,
    "First == Best": true,
    "First == Pickle ML": true,
    "Best == Pickle ML": true,
    "tau": 0.33333333333333337,
    "tau_argsort": 0.35757575757575755,
    "subtype_acc": 0.08694675277408377,
    "mean_stage_healthy": 3.307486631016043,
    "tau_mcmc": 0.33333333333333337,
    "tau_argsort_mcmc": 0.35757575757575755,
    "subtype_acc_mcmc": 0.08694675277408377,
    "mean_stage_healthy_mcmc": 3.307486631016043,
    "true_n_subtypes": 5,
    "runtime_cross_validation": 5817.460041046143,
    "ml_n_subtypes": 5,
    "correct_bool": 1,
    "absolute_error": 0,
    "relative_error": 0
}