{
    "runtime": 1059.6697218418121,
    "First == Best": true,
    "First == Pickle ML": true,
    "Best == Pickle ML": true,
    "tau": 0.40909090909090906,
    "tau_argsort": 0.35454545454545455,
    "subtype_acc": 0.03842463504118393,
    "mean_stage_healthy": 1.256,
    "tau_mcmc": 0.40909090909090906,
    "tau_argsort_mcmc": 0.35454545454545455,
    "subtype_acc_mcmc": 0.03842463504118393,
    "mean_stage_healthy_mcmc": 1.256,
    "true_n_subtypes": 5
}