{
    "runtime": 75.03893446922302,
    "First == Best": true,
    "First == Pickle ML": true,
    "Best == Pickle ML": true,
    "tau": 0.5757575757575758,
    "tau_argsort": 0.42424242424242425,
    "subtype_acc": 1.0,
    "mean_stage_healthy": 3.498666666666667,
    "tau_mcmc": 0.5757575757575758,
    "tau_argsort_mcmc": 0.42424242424242425,
    "subtype_acc_mcmc": 1.0,
    "mean_stage_healthy_mcmc": 3.498666666666667,
    "true_n_subtypes": 1
}