{
    "runtime": 1063.22536110878,
    "First == Best": false,
    "First == Pickle ML": true,
    "Best == Pickle ML": false,
    "tau": 0.3424242424242424,
    "tau_argsort": 0.45151515151515154,
    "subtype_acc": 0.00948431269877149,
    "mean_stage_healthy": 5.0,
    "tau_mcmc": 0.3606060606060606,
    "tau_argsort_mcmc": 0.4454545454545455,
    "subtype_acc_mcmc": 0.010191446394916375,
    "mean_stage_healthy_mcmc": 5.06970509383378,
    "true_n_subtypes": 5
}