{
    "runtime": 72.61700296401978,
    "First == Best": true,
    "First == Pickle ML": true,
    "Best == Pickle ML": true,
    "tau": 0.4090909090909091,
    "tau_argsort": 0.5303030303030303,
    "subtype_acc": 1.0,
    "mean_stage_healthy": 0.013333333333333334,
    "tau_mcmc": 0.4090909090909091,
    "tau_argsort_mcmc": 0.5303030303030303,
    "subtype_acc_mcmc": 1.0,
    "mean_stage_healthy_mcmc": 0.013333333333333334,
    "true_n_subtypes": 1
}