{
    "runtime": 107.98002552986145,
    "First == Best": true,
    "First == Pickle ML": true,
    "Best == Pickle ML": true,
    "tau": 0.7272727272727273,
    "tau_argsort": 0.36363636363636365,
    "subtype_acc": 1.0,
    "mean_stage_healthy": 2.728,
    "tau_mcmc": 0.7272727272727273,
    "tau_argsort_mcmc": 0.36363636363636365,
    "subtype_acc_mcmc": 1.0,
    "mean_stage_healthy_mcmc": 2.728,
    "true_n_subtypes": 1
}