{
    "runtime": 821.4549489021301,
    "First == Best": false,
    "First == Pickle ML": true,
    "Best == Pickle ML": false,
    "tau": 0.42045454545454547,
    "tau_argsort": 0.39015151515151514,
    "subtype_acc": 0.07817486800874009,
    "mean_stage_healthy": 0.17777777777777778,
    "tau_mcmc": 0.3939393939393939,
    "tau_argsort_mcmc": 0.3939393939393939,
    "subtype_acc_mcmc": 0.08268882963604877,
    "mean_stage_healthy_mcmc": 0.1768888888888889,
    "true_n_subtypes": 4
}