{
    "runtime": 354.26247668266296,
    "First == Best": true,
    "First == Pickle ML": true,
    "Best == Pickle ML": true,
    "tau": 0.4393939393939394,
    "tau_argsort": 0.37878787878787873,
    "subtype_acc": 0.08276194504835076,
    "mean_stage_healthy": 0.14222222222222222,
    "tau_mcmc": 0.4393939393939394,
    "tau_argsort_mcmc": 0.37878787878787873,
    "subtype_acc_mcmc": 0.08276194504835076,
    "mean_stage_healthy_mcmc": 0.14222222222222222,
    "true_n_subtypes": 4
}