{
    "runtime": 160.45670080184937,
    "First == Best": false,
    "First == Pickle ML": true,
    "Best == Pickle ML": false,
    "tau": 0.35353535353535354,
    "tau_argsort": 0.29292929292929293,
    "subtype_acc": 0.6443689889552596,
    "mean_stage_healthy": 0.6333333333333333,
    "tau_mcmc": 0.3383838383838384,
    "tau_argsort_mcmc": 0.27777777777777773,
    "subtype_acc_mcmc": 0.6443689889552596,
    "mean_stage_healthy_mcmc": 0.6333333333333333,
    "true_n_subtypes": 3
}