{
    "runtime": 35.44277858734131,
    "First == Best": true,
    "First == Pickle ML": true,
    "Best == Pickle ML": true,
    "tau": 0.36363636363636365,
    "tau_argsort": 0.45454545454545453,
    "subtype_acc": 1.0,
    "mean_stage_healthy": 0.14666666666666667,
    "tau_mcmc": 0.36363636363636365,
    "tau_argsort_mcmc": 0.45454545454545453,
    "subtype_acc_mcmc": 1.0,
    "mean_stage_healthy_mcmc": 0.14666666666666667,
    "true_n_subtypes": 1
}