{
    "runtime": 30.164658069610596,
    "First == Best": true,
    "First == Pickle ML": true,
    "Best == Pickle ML": true,
    "tau": 0.6060606060606061,
    "tau_argsort": 0.09090909090909091,
    "subtype_acc": 1.0,
    "mean_stage_healthy": 2.3333333333333335,
    "tau_mcmc": 0.6060606060606061,
    "tau_argsort_mcmc": 0.09090909090909091,
    "subtype_acc_mcmc": 1.0,
    "mean_stage_healthy_mcmc": 2.3333333333333335,
    "true_n_subtypes": 1
}