{
    "runtime": 99.91052412986755,
    "First == Best": true,
    "First == Pickle ML": true,
    "Best == Pickle ML": true,
    "tau": 0.38636363636363635,
    "tau_argsort": 0.4015151515151515,
    "subtype_acc": 0.0014597726766213506,
    "mean_stage_healthy": 3.0135135135135136,
    "tau_mcmc": 0.38636363636363635,
    "tau_argsort_mcmc": 0.4015151515151515,
    "subtype_acc_mcmc": 0.0014597726766213506,
    "mean_stage_healthy_mcmc": 3.0,
    "true_n_subtypes": 2
}