{
    "runtime": 88.44116520881653,
    "First == Best": true,
    "First == Pickle ML": true,
    "Best == Pickle ML": true,
    "tau": 0.5,
    "tau_argsort": 0.30303030303030304,
    "subtype_acc": 0.15484635544580813,
    "mean_stage_healthy": 1.554054054054054,
    "tau_mcmc": 0.5,
    "tau_argsort_mcmc": 0.30303030303030304,
    "subtype_acc_mcmc": 0.15484635544580813,
    "mean_stage_healthy_mcmc": 1.554054054054054,
    "true_n_subtypes": 2
}