{
    "runtime": 130.36371183395386,
    "First == Best": true,
    "First == Pickle ML": true,
    "Best == Pickle ML": true,
    "tau": 0.36363636363636365,
    "tau_argsort": 0.3484848484848485,
    "subtype_acc": -0.0023442944940759046,
    "mean_stage_healthy": 2.7027027027027026,
    "tau_mcmc": 0.36363636363636365,
    "tau_argsort_mcmc": 0.3484848484848485,
    "subtype_acc_mcmc": -0.0023442944940759046,
    "mean_stage_healthy_mcmc": 2.7027027027027026,
    "true_n_subtypes": 2,
    "runtime_cross_validation": 2504.35746717453,
    "ml_n_subtypes": 5,
    "correct_bool": 0,
    "absolute_error": 3,
    "relative_error": 3
}