{
    "runtime": 385.0600380897522,
    "First == Best": false,
    "First == Pickle ML": true,
    "Best == Pickle ML": false,
    "tau": 0.4545454545454545,
    "tau_argsort": 0.36363636363636365,
    "subtype_acc": 0.09709524705775874,
    "mean_stage_healthy": 3.0675675675675675,
    "tau_mcmc": 0.4303030303030303,
    "tau_argsort_mcmc": 0.37575757575757573,
    "subtype_acc_mcmc": 0.08569173178087092,
    "mean_stage_healthy_mcmc": 3.0405405405405403,
    "true_n_subtypes": 5
}