{
    "runtime": 289.8906853199005,
    "First == Best": true,
    "First == Pickle ML": true,
    "Best == Pickle ML": true,
    "tau": 0.4810606060606061,
    "tau_argsort": 0.32196969696969696,
    "subtype_acc": 0.033978780180447116,
    "mean_stage_healthy": 0.044444444444444446,
    "tau_mcmc": 0.4810606060606061,
    "tau_argsort_mcmc": 0.32196969696969696,
    "subtype_acc_mcmc": 0.024788758905971583,
    "mean_stage_healthy_mcmc": 0.044444444444444446,
    "true_n_subtypes": 4
}