{
    "runtime": 204.87866830825806,
    "First == Best": false,
    "First == Pickle ML": true,
    "Best == Pickle ML": false,
    "tau": 0.4444444444444444,
    "tau_argsort": 0.47474747474747475,
    "subtype_acc": 0.3089514393782718,
    "mean_stage_healthy": 0.92,
    "tau_mcmc": 0.4696969696969697,
    "tau_argsort_mcmc": 0.4696969696969697,
    "subtype_acc_mcmc": 0.3089514393782718,
    "mean_stage_healthy_mcmc": 0.92,
    "true_n_subtypes": 3
}