{
    "runtime": 446.6651313304901,
    "First == Best": false,
    "First == Pickle ML": true,
    "Best == Pickle ML": false,
    "tau": 0.43939393939393934,
    "tau_argsort": 0.3848484848484849,
    "subtype_acc": 0.08513348989153253,
    "mean_stage_healthy": 2.315068493150685,
    "tau_mcmc": 0.4303030303030303,
    "tau_argsort_mcmc": 0.3757575757575758,
    "subtype_acc_mcmc": 0.081862627248326,
    "mean_stage_healthy_mcmc": 2.2739726027397262,
    "true_n_subtypes": 5
}