{
    "runtime": 100.6000747680664,
    "First == Best": true,
    "First == Pickle ML": true,
    "Best == Pickle ML": true,
    "tau": 0.5,
    "tau_argsort": 0.5151515151515151,
    "subtype_acc": 0.20662570959964496,
    "mean_stage_healthy": 0.72,
    "tau_mcmc": 0.5,
    "tau_argsort_mcmc": 0.5151515151515151,
    "subtype_acc_mcmc": 0.20662570959964496,
    "mean_stage_healthy_mcmc": 0.72,
    "true_n_subtypes": 2
}