{
    "runtime": 139.47120642662048,
    "First == Best": true,
    "First == Pickle ML": true,
    "Best == Pickle ML": true,
    "tau": 0.40909090909090906,
    "tau_argsort": 0.25757575757575757,
    "subtype_acc": -0.017394331385880667,
    "mean_stage_healthy": 0.8533333333333334,
    "tau_mcmc": 0.40909090909090906,
    "tau_argsort_mcmc": 0.25757575757575757,
    "subtype_acc_mcmc": -0.017394331385880667,
    "mean_stage_healthy_mcmc": 0.8666666666666667,
    "true_n_subtypes": 2,
    "runtime_cross_validation": 2213.841722726822,
    "ml_n_subtypes": 5,
    "correct_bool": 0,
    "absolute_error": 3,
    "relative_error": 3
}