{
    "runtime": 29.4913911819458,
    "First == Best": true,
    "First == Pickle ML": true,
    "Best == Pickle ML": true,
    "tau": 0.5606060606060606,
    "tau_argsort": 0.3484848484848485,
    "subtype_acc": 1.0,
    "mean_stage_healthy": 3.533333333333333,
    "tau_mcmc": 0.5606060606060606,
    "tau_argsort_mcmc": 0.3484848484848485,
    "subtype_acc_mcmc": 1.0,
    "mean_stage_healthy_mcmc": 3.533333333333333,
    "true_n_subtypes": 1
}