{
    "runtime": 48.65775012969971,
    "First == Best": true,
    "First == Pickle ML": true,
    "Best == Pickle ML": true,
    "tau": 0.5757575757575758,
    "tau_argsort": 0.12121212121212122,
    "subtype_acc": 1.0,
    "mean_stage_healthy": 0.7266666666666667,
    "tau_mcmc": 0.5757575757575758,
    "tau_argsort_mcmc": 0.12121212121212122,
    "subtype_acc_mcmc": 1.0,
    "mean_stage_healthy_mcmc": 0.7266666666666667,
    "true_n_subtypes": 1
}