{
    "runtime": 98.22178220748901,
    "First == Best": false,
    "First == Pickle ML": true,
    "Best == Pickle ML": false,
    "tau": 0.5454545454545454,
    "tau_argsort": 0.4393939393939394,
    "subtype_acc": -0.0059653904156425795,
    "mean_stage_healthy": 0.9866666666666667,
    "tau_mcmc": 0.4545454545454546,
    "tau_argsort_mcmc": 0.42424242424242425,
    "subtype_acc_mcmc": -0.0065556597499070775,
    "mean_stage_healthy_mcmc": 0.9266666666666666,
    "true_n_subtypes": 2
}