{
    "runtime": 342.779137134552,
    "First == Best": true,
    "First == Pickle ML": true,
    "Best == Pickle ML": true,
    "tau": 0.30303030303030304,
    "tau_argsort": 0.30303030303030304,
    "subtype_acc": 0.13389712027701675,
    "mean_stage_healthy": 0.94,
    "tau_mcmc": 0.30303030303030304,
    "tau_argsort_mcmc": 0.30303030303030304,
    "subtype_acc_mcmc": 0.13492854063460616,
    "mean_stage_healthy_mcmc": 0.94,
    "true_n_subtypes": 5
}