{
    "runtime": 30.940062761306763,
    "First == Best": true,
    "First == Pickle ML": true,
    "Best == Pickle ML": true,
    "tau": 0.5,
    "tau_argsort": 0.13636363636363635,
    "subtype_acc": 1.0,
    "mean_stage_healthy": 0.057777777777777775,
    "tau_mcmc": 0.5,
    "tau_argsort_mcmc": 0.13636363636363635,
    "subtype_acc_mcmc": 1.0,
    "mean_stage_healthy_mcmc": 0.057777777777777775,
    "true_n_subtypes": 1
}