{
    "runtime": 260.9749982357025,
    "First == Best": true,
    "First == Pickle ML": true,
    "Best == Pickle ML": true,
    "tau": 0.42803030303030304,
    "tau_argsort": 0.3674242424242424,
    "subtype_acc": 0.033513602374353295,
    "mean_stage_healthy": 4.391891891891892,
    "tau_mcmc": 0.42803030303030304,
    "tau_argsort_mcmc": 0.3674242424242424,
    "subtype_acc_mcmc": 0.030381280285641417,
    "mean_stage_healthy_mcmc": 4.445945945945946,
    "true_n_subtypes": 4
}