{
    "runtime": 33.012256145477295,
    "First == Best": true,
    "First == Pickle ML": true,
    "Best == Pickle ML": true,
    "tau": 0.4393939393939394,
    "tau_argsort": 0.19696969696969696,
    "subtype_acc": 1.0,
    "mean_stage_healthy": 2.16,
    "tau_mcmc": 0.4393939393939394,
    "tau_argsort_mcmc": 0.19696969696969696,
    "subtype_acc_mcmc": 1.0,
    "mean_stage_healthy_mcmc": 2.16,
    "true_n_subtypes": 1
}