{
    "runtime": 102.6810793876648,
    "First == Best": false,
    "First == Pickle ML": true,
    "Best == Pickle ML": false,
    "tau": 0.36363636363636365,
    "tau_argsort": 0.4242424242424242,
    "subtype_acc": 0.6271919777273757,
    "mean_stage_healthy": 0.6,
    "tau_mcmc": 0.3712121212121212,
    "tau_argsort_mcmc": 0.4318181818181818,
    "subtype_acc_mcmc": 0.6271919777273757,
    "mean_stage_healthy_mcmc": 0.6,
    "true_n_subtypes": 2
}