{
    "runtime": 172.15094089508057,
    "First == Best": true,
    "First == Pickle ML": true,
    "Best == Pickle ML": true,
    "tau": 0.5303030303030303,
    "tau_argsort": 0.34848484848484845,
    "subtype_acc": 0.1695985401369193,
    "mean_stage_healthy": 3.081081081081081,
    "tau_mcmc": 0.5303030303030303,
    "tau_argsort_mcmc": 0.34848484848484845,
    "subtype_acc_mcmc": 0.16314529212635523,
    "mean_stage_healthy_mcmc": 3.081081081081081,
    "true_n_subtypes": 3
}