{
    "runtime": 386.2603089809418,
    "First == Best": true,
    "First == Pickle ML": true,
    "Best == Pickle ML": true,
    "tau": 0.36363636363636365,
    "tau_argsort": 0.32727272727272727,
    "subtype_acc": 0.1603729966456733,
    "mean_stage_healthy": 3.0,
    "tau_mcmc": 0.36363636363636365,
    "tau_argsort_mcmc": 0.32727272727272727,
    "subtype_acc_mcmc": 0.1603729966456733,
    "mean_stage_healthy_mcmc": 2.9452054794520546,
    "true_n_subtypes": 5,
    "runtime_cross_validation": 1861.0379135608673,
    "ml_n_subtypes": 5,
    "correct_bool": 1,
    "absolute_error": 0,
    "relative_error": 0
}