{
    "runtime": 156.2064230442047,
    "First == Best": true,
    "First == Pickle ML": true,
    "Best == Pickle ML": true,
    "tau": 0.45454545454545453,
    "tau_argsort": 0.4444444444444445,
    "subtype_acc": -0.00871031682774285,
    "mean_stage_healthy": 2.767123287671233,
    "tau_mcmc": 0.45454545454545453,
    "tau_argsort_mcmc": 0.4444444444444445,
    "subtype_acc_mcmc": 0.0022097602020983292,
    "mean_stage_healthy_mcmc": 2.767123287671233,
    "true_n_subtypes": 3
}