{
    "runtime": 87.77435874938965,
    "First == Best": true,
    "First == Pickle ML": true,
    "Best == Pickle ML": true,
    "tau": 0.3484848484848485,
    "tau_argsort": 0.36363636363636365,
    "subtype_acc": -0.055855304806245384,
    "mean_stage_healthy": 0.5533333333333333,
    "tau_mcmc": 0.3484848484848485,
    "tau_argsort_mcmc": 0.36363636363636365,
    "subtype_acc_mcmc": -0.055855304806245384,
    "mean_stage_healthy_mcmc": 0.5533333333333333,
    "true_n_subtypes": 2
}