{
    "runtime": 376.21225810050964,
    "First == Best": true,
    "First == Pickle ML": true,
    "Best == Pickle ML": true,
    "tau": 0.4128787878787879,
    "tau_argsort": 0.42803030303030304,
    "subtype_acc": 0.22964819314472476,
    "mean_stage_healthy": 2.891891891891892,
    "tau_mcmc": 0.4128787878787879,
    "tau_argsort_mcmc": 0.42803030303030304,
    "subtype_acc_mcmc": 0.22368812296243903,
    "mean_stage_healthy_mcmc": 2.891891891891892,
    "true_n_subtypes": 4
}