{
    "runtime": 89.92848992347717,
    "First == Best": true,
    "First == Pickle ML": true,
    "Best == Pickle ML": true,
    "tau": 0.3333333333333333,
    "tau_argsort": 0.40909090909090906,
    "subtype_acc": 0.26522488038768116,
    "mean_stage_healthy": 0.5866666666666667,
    "tau_mcmc": 0.3333333333333333,
    "tau_argsort_mcmc": 0.40909090909090906,
    "subtype_acc_mcmc": 0.26522488038768116,
    "mean_stage_healthy_mcmc": 0.5866666666666667,
    "true_n_subtypes": 2
}