{
    "runtime": 189.45441150665283,
    "First == Best": true,
    "First == Pickle ML": true,
    "Best == Pickle ML": true,
    "tau": 0.38888888888888884,
    "tau_argsort": 0.21717171717171715,
    "subtype_acc": 0.27798628440222517,
    "mean_stage_healthy": 3.16,
    "tau_mcmc": 0.38888888888888884,
    "tau_argsort_mcmc": 0.21717171717171715,
    "subtype_acc_mcmc": 0.27798628440222517,
    "mean_stage_healthy_mcmc": 3.16,
    "true_n_subtypes": 3,
    "runtime_cross_validation": 2011.8561630249023,
    "ml_n_subtypes": 5,
    "correct_bool": 0,
    "absolute_error": 2,
    "relative_error": 2
}