{
    "runtime": 528.597936630249,
    "First == Best": false,
    "First == Pickle ML": true,
    "Best == Pickle ML": false,
    "tau": 0.43636363636363634,
    "tau_argsort": 0.3151515151515151,
    "subtype_acc": 0.07919229772016922,
    "mean_stage_healthy": 0.72,
    "tau_mcmc": 0.49393939393939396,
    "tau_argsort_mcmc": 0.30606060606060603,
    "subtype_acc_mcmc": 0.08213756422149962,
    "mean_stage_healthy_mcmc": 0.72,
    "true_n_subtypes": 5,
    "runtime_cross_validation": 2354.8197722434998,
    "ml_n_subtypes": 5,
    "correct_bool": 1,
    "absolute_error": 0,
    "relative_error": 0
}