{
    "runtime": 31.888487815856934,
    "First == Best": true,
    "First == Pickle ML": true,
    "Best == Pickle ML": true,
    "tau": 0.5151515151515151,
    "tau_argsort": 0.5151515151515151,
    "subtype_acc": 1.0,
    "mean_stage_healthy": 4.1066666666666665,
    "tau_mcmc": 0.5151515151515151,
    "tau_argsort_mcmc": 0.5151515151515151,
    "subtype_acc_mcmc": 1.0,
    "mean_stage_healthy_mcmc": 4.1466666666666665,
    "true_n_subtypes": 1
}