{
    "runtime": 214.62041974067688,
    "First == Best": true,
    "First == Pickle ML": true,
    "Best == Pickle ML": true,
    "tau": 0.4343434343434343,
    "tau_argsort": 0.494949494949495,
    "subtype_acc": 0.013340439686337984,
    "mean_stage_healthy": 1.0533333333333332,
    "tau_mcmc": 0.4343434343434343,
    "tau_argsort_mcmc": 0.494949494949495,
    "subtype_acc_mcmc": 0.009946512351368071,
    "mean_stage_healthy_mcmc": 1.0466666666666666,
    "true_n_subtypes": 3
}