{
    "runtime": 30.516343355178833,
    "First == Best": true,
    "First == Pickle ML": true,
    "Best == Pickle ML": true,
    "tau": 0.5757575757575758,
    "tau_argsort": 0.24242424242424243,
    "subtype_acc": 1.0,
    "mean_stage_healthy": 0.0,
    "tau_mcmc": 0.5757575757575758,
    "tau_argsort_mcmc": 0.24242424242424243,
    "subtype_acc_mcmc": 1.0,
    "mean_stage_healthy_mcmc": 0.0,
    "true_n_subtypes": 1
}