{
    "runtime": 195.6453721523285,
    "First == Best": false,
    "First == Pickle ML": true,
    "Best == Pickle ML": false,
    "tau": 0.5303030303030303,
    "tau_argsort": 0.4393939393939394,
    "subtype_acc": 0.017059200125357946,
    "mean_stage_healthy": 0.035555555555555556,
    "tau_mcmc": 0.29292929292929293,
    "tau_argsort_mcmc": 0.42424242424242425,
    "subtype_acc_mcmc": 0.00547944299129729,
    "mean_stage_healthy_mcmc": 0.035555555555555556,
    "true_n_subtypes": 3
}