{
    "runtime": 158.97077560424805,
    "First == Best": true,
    "First == Pickle ML": true,
    "Best == Pickle ML": true,
    "tau": 0.44949494949494956,
    "tau_argsort": 0.4090909090909091,
    "subtype_acc": 0.2872507577124793,
    "mean_stage_healthy": 2.4594594594594597,
    "tau_mcmc": 0.44949494949494956,
    "tau_argsort_mcmc": 0.4090909090909091,
    "subtype_acc_mcmc": 0.2872507577124793,
    "mean_stage_healthy_mcmc": 2.4594594594594597,
    "true_n_subtypes": 3
}