{
    "runtime": 91.04296946525574,
    "First == Best": false,
    "First == Pickle ML": true,
    "Best == Pickle ML": false,
    "tau": 0.5,
    "tau_argsort": 0.3484848484848485,
    "subtype_acc": 0.040031238249501055,
    "mean_stage_healthy": 0.08888888888888889,
    "tau_mcmc": 0.48484848484848486,
    "tau_argsort_mcmc": 0.30303030303030304,
    "subtype_acc_mcmc": 0.06236088937833977,
    "mean_stage_healthy_mcmc": 0.08444444444444445,
    "true_n_subtypes": 2,
    "runtime_cross_validation": 1768.2766876220703,
    "ml_n_subtypes": 4,
    "correct_bool": 0,
    "absolute_error": 2,
    "relative_error": 2
}