{
    "runtime": 34.328736305236816,
    "First == Best": true,
    "First == Pickle ML": true,
    "Best == Pickle ML": true,
    "tau": 0.5151515151515151,
    "tau_argsort": 0.06060606060606061,
    "subtype_acc": 1.0,
    "mean_stage_healthy": 3.3866666666666667,
    "tau_mcmc": 0.5151515151515151,
    "tau_argsort_mcmc": 0.06060606060606061,
    "subtype_acc_mcmc": 1.0,
    "mean_stage_healthy_mcmc": 3.3866666666666667,
    "true_n_subtypes": 1,
    "runtime_cross_validation": 1768.4241018295288,
    "ml_n_subtypes": 5,
    "correct_bool": 0,
    "absolute_error": 4,
    "relative_error": 4
}