{
    "runtime": 178.30764961242676,
    "First == Best": false,
    "First == Pickle ML": true,
    "Best == Pickle ML": false,
    "tau": 0.35858585858585856,
    "tau_argsort": 0.47979797979797983,
    "subtype_acc": 0.3886653957979354,
    "mean_stage_healthy": 0.6933333333333334,
    "tau_mcmc": 0.35353535353535354,
    "tau_argsort_mcmc": 0.48484848484848486,
    "subtype_acc_mcmc": 0.2938396947501284,
    "mean_stage_healthy_mcmc": 0.7,
    "true_n_subtypes": 3
}