{
    "runtime": 30.362921714782715,
    "First == Best": true,
    "First == Pickle ML": true,
    "Best == Pickle ML": true,
    "tau": 0.4090909090909091,
    "tau_argsort": 0.2878787878787879,
    "subtype_acc": 1.0,
    "mean_stage_healthy": 1.2933333333333332,
    "tau_mcmc": 0.4090909090909091,
    "tau_argsort_mcmc": 0.2878787878787879,
    "subtype_acc_mcmc": 1.0,
    "mean_stage_healthy_mcmc": 1.2933333333333332,
    "true_n_subtypes": 1
}