{
    "runtime": 41.77402925491333,
    "First == Best": true,
    "First == Pickle ML": true,
    "Best == Pickle ML": true,
    "tau": 0.4696969696969697,
    "tau_argsort": 0.25757575757575757,
    "subtype_acc": 1.0,
    "mean_stage_healthy": 0.5866666666666667,
    "tau_mcmc": 0.4696969696969697,
    "tau_argsort_mcmc": 0.25757575757575757,
    "subtype_acc_mcmc": 1.0,
    "mean_stage_healthy_mcmc": 0.5866666666666667,
    "true_n_subtypes": 1
}