{
    "runtime": 109.80933547019958,
    "First == Best": true,
    "First == Pickle ML": true,
    "Best == Pickle ML": true,
    "tau": 0.4545454545454546,
    "tau_argsort": 0.36363636363636365,
    "subtype_acc": 0.0007784054297954723,
    "mean_stage_healthy": 4.121621621621622,
    "tau_mcmc": 0.4545454545454546,
    "tau_argsort_mcmc": 0.36363636363636365,
    "subtype_acc_mcmc": 0.0007784054297954723,
    "mean_stage_healthy_mcmc": 4.121621621621622,
    "true_n_subtypes": 2
}