{
    "runtime": 31.465810537338257,
    "First == Best": true,
    "First == Pickle ML": true,
    "Best == Pickle ML": true,
    "tau": 0.6363636363636364,
    "tau_argsort": 0.3333333333333333,
    "subtype_acc": 1.0,
    "mean_stage_healthy": 3.8933333333333335,
    "tau_mcmc": 0.6363636363636364,
    "tau_argsort_mcmc": 0.3333333333333333,
    "subtype_acc_mcmc": 1.0,
    "mean_stage_healthy_mcmc": 3.8933333333333335,
    "true_n_subtypes": 1
}