{
    "runtime": 153.58834028244019,
    "First == Best": false,
    "First == Pickle ML": true,
    "Best == Pickle ML": false,
    "tau": 0.5378787878787878,
    "tau_argsort": 0.23484848484848486,
    "subtype_acc": 0.006139213904459591,
    "mean_stage_healthy": 0.82,
    "tau_mcmc": 0.5378787878787878,
    "tau_argsort_mcmc": 0.23484848484848486,
    "subtype_acc_mcmc": 0.005498675540935807,
    "mean_stage_healthy_mcmc": 0.8333333333333334,
    "true_n_subtypes": 2,
    "runtime_cross_validation": 2382.461203098297,
    "ml_n_subtypes": 5,
    "correct_bool": 0,
    "absolute_error": 3,
    "relative_error": 3
}