{
    "runtime": 339.7233452796936,
    "First == Best": true,
    "First == Pickle ML": true,
    "Best == Pickle ML": true,
    "tau": 0.4204545454545454,
    "tau_argsort": 0.39772727272727276,
    "subtype_acc": 0.1460581954523921,
    "mean_stage_healthy": 0.04888888888888889,
    "tau_mcmc": 0.4204545454545454,
    "tau_argsort_mcmc": 0.39772727272727276,
    "subtype_acc_mcmc": 0.10955449725052169,
    "mean_stage_healthy_mcmc": 0.04888888888888889,
    "true_n_subtypes": 4
}