{
    "runtime": 88.9691801071167,
    "First == Best": true,
    "First == Pickle ML": true,
    "Best == Pickle ML": true,
    "tau": 0.36363636363636365,
    "tau_argsort": 0.3787878787878788,
    "subtype_acc": 0.07576173483392808,
    "mean_stage_healthy": 0.022222222222222223,
    "tau_mcmc": 0.36363636363636365,
    "tau_argsort_mcmc": 0.3787878787878788,
    "subtype_acc_mcmc": 0.050931545891170105,
    "mean_stage_healthy_mcmc": 0.022222222222222223,
    "true_n_subtypes": 2
}