{
    "runtime": 184.70454931259155,
    "First == Best": false,
    "First == Pickle ML": true,
    "Best == Pickle ML": false,
    "tau": 0.4292929292929293,
    "tau_argsort": 0.2878787878787879,
    "subtype_acc": 0.2676369544712872,
    "mean_stage_healthy": 0.05333333333333334,
    "tau_mcmc": 0.393939393939394,
    "tau_argsort_mcmc": 0.30303030303030304,
    "subtype_acc_mcmc": 0.21881493943696156,
    "mean_stage_healthy_mcmc": 0.057777777777777775,
    "true_n_subtypes": 3
}