{
    "runtime": 86.1021158695221,
    "First == Best": true,
    "First == Pickle ML": true,
    "Best == Pickle ML": true,
    "tau": 0.44696969696969696,
    "tau_argsort": 0.25,
    "subtype_acc": 0.086905122654101,
    "mean_stage_healthy": 0.8066666666666666,
    "tau_mcmc": 0.44696969696969696,
    "tau_argsort_mcmc": 0.25,
    "subtype_acc_mcmc": 0.086905122654101,
    "mean_stage_healthy_mcmc": 0.8066666666666666,
    "true_n_subtypes": 2
}