{
    "runtime": 306.72322034835815,
    "First == Best": false,
    "First == Pickle ML": true,
    "Best == Pickle ML": false,
    "tau": 0.36742424242424243,
    "tau_argsort": 0.35227272727272724,
    "subtype_acc": 0.16278213495719626,
    "mean_stage_healthy": 0.7666666666666667,
    "tau_mcmc": 0.33712121212121215,
    "tau_argsort_mcmc": 0.35984848484848486,
    "subtype_acc_mcmc": 0.1747145135631109,
    "mean_stage_healthy_mcmc": 0.7666666666666667,
    "true_n_subtypes": 4
}