{
    "runtime": 153.4277904033661,
    "First == Best": true,
    "First == Pickle ML": true,
    "Best == Pickle ML": true,
    "tau": 0.4090909090909091,
    "tau_argsort": 0.2474747474747475,
    "subtype_acc": 0.12138252727176363,
    "mean_stage_healthy": 0.7733333333333333,
    "tau_mcmc": 0.4090909090909091,
    "tau_argsort_mcmc": 0.2474747474747475,
    "subtype_acc_mcmc": 0.12138252727176363,
    "mean_stage_healthy_mcmc": 0.7733333333333333,
    "true_n_subtypes": 3
}