{
    "runtime": 332.54338097572327,
    "First == Best": true,
    "First == Pickle ML": true,
    "Best == Pickle ML": true,
    "tau": 0.41414141414141414,
    "tau_argsort": 0.32323232323232326,
    "subtype_acc": 0.3414726465461181,
    "mean_stage_healthy": 0.144,
    "tau_mcmc": 0.41414141414141414,
    "tau_argsort_mcmc": 0.32323232323232326,
    "subtype_acc_mcmc": 0.35942505370421823,
    "mean_stage_healthy_mcmc": 0.144,
    "true_n_subtypes": 3
}