{
    "runtime": 39.82949781417847,
    "First == Best": true,
    "First == Pickle ML": true,
    "Best == Pickle ML": true,
    "tau": 0.5757575757575758,
    "tau_argsort": 0.15151515151515152,
    "subtype_acc": 1.0,
    "mean_stage_healthy": 1.68,
    "tau_mcmc": 0.5757575757575758,
    "tau_argsort_mcmc": 0.15151515151515152,
    "subtype_acc_mcmc": 1.0,
    "mean_stage_healthy_mcmc": 1.68,
    "true_n_subtypes": 1
}