{
    "runtime": 129.59757661819458,
    "First == Best": true,
    "First == Pickle ML": true,
    "Best == Pickle ML": true,
    "tau": 0.3787878787878788,
    "tau_argsort": 0.4696969696969697,
    "subtype_acc": 0.09478548000399517,
    "mean_stage_healthy": 2.338709677419355,
    "tau_mcmc": 0.3787878787878788,
    "tau_argsort_mcmc": 0.4696969696969697,
    "subtype_acc_mcmc": 0.09478548000399517,
    "mean_stage_healthy_mcmc": 2.338709677419355,
    "true_n_subtypes": 2
}