{
    "runtime": 207.39422464370728,
    "First == Best": false,
    "First == Pickle ML": true,
    "Best == Pickle ML": false,
    "tau": 0.44949494949494945,
    "tau_argsort": 0.4191919191919193,
    "subtype_acc": 0.02973159459895405,
    "mean_stage_healthy": 0.68,
    "tau_mcmc": 0.44949494949494945,
    "tau_argsort_mcmc": 0.4090909090909091,
    "subtype_acc_mcmc": 0.02973159459895405,
    "mean_stage_healthy_mcmc": 0.68,
    "true_n_subtypes": 3
}