{
    "runtime": 235.55502343177795,
    "First == Best": true,
    "First == Pickle ML": true,
    "Best == Pickle ML": true,
    "tau": 0.41919191919191917,
    "tau_argsort": 0.3181818181818182,
    "subtype_acc": 0.009064411971112662,
    "mean_stage_healthy": 3.8225806451612905,
    "tau_mcmc": 0.41919191919191917,
    "tau_argsort_mcmc": 0.3181818181818182,
    "subtype_acc_mcmc": 0.009064411971112662,
    "mean_stage_healthy_mcmc": 3.8225806451612905,
    "true_n_subtypes": 3
}