{
    "runtime": 475.45509481430054,
    "First == Best": true,
    "First == Pickle ML": true,
    "Best == Pickle ML": true,
    "tau": 0.40909090909090906,
    "tau_argsort": 0.24545454545454545,
    "subtype_acc": 0.17889648115488804,
    "mean_stage_healthy": 0.848,
    "tau_mcmc": 0.40909090909090906,
    "tau_argsort_mcmc": 0.24545454545454545,
    "subtype_acc_mcmc": 0.18426292756446566,
    "mean_stage_healthy_mcmc": 0.844,
    "true_n_subtypes": 5
}