{
    "runtime": 275.52752137184143,
    "First == Best": true,
    "First == Pickle ML": true,
    "Best == Pickle ML": true,
    "tau": 0.40404040404040403,
    "tau_argsort": 0.5050505050505051,
    "subtype_acc": 0.04227857018990294,
    "mean_stage_healthy": 0.588,
    "tau_mcmc": 0.40404040404040403,
    "tau_argsort_mcmc": 0.5050505050505051,
    "subtype_acc_mcmc": 0.04227857018990294,
    "mean_stage_healthy_mcmc": 0.588,
    "true_n_subtypes": 3
}