{
    "runtime": 43.79676055908203,
    "First == Best": true,
    "First == Pickle ML": true,
    "Best == Pickle ML": true,
    "tau": 0.5151515151515151,
    "tau_argsort": 0.21212121212121213,
    "subtype_acc": 1.0,
    "mean_stage_healthy": 2.04,
    "tau_mcmc": 0.5151515151515151,
    "tau_argsort_mcmc": 0.21212121212121213,
    "subtype_acc_mcmc": 1.0,
    "mean_stage_healthy_mcmc": 2.04,
    "true_n_subtypes": 1
}