{
    "runtime": 208.80156755447388,
    "First == Best": true,
    "First == Pickle ML": true,
    "Best == Pickle ML": true,
    "tau": 0.4393939393939394,
    "tau_argsort": 0.5303030303030303,
    "subtype_acc": 0.4719623685150841,
    "mean_stage_healthy": 2.129032258064516,
    "tau_mcmc": 0.4393939393939394,
    "tau_argsort_mcmc": 0.5303030303030303,
    "subtype_acc_mcmc": 0.46100940474392765,
    "mean_stage_healthy_mcmc": 2.129032258064516,
    "true_n_subtypes": 3
}