{
    "runtime": 39.70200181007385,
    "First == Best": true,
    "First == Pickle ML": true,
    "Best == Pickle ML": true,
    "tau": 0.22727272727272727,
    "tau_argsort": 0.07575757575757576,
    "subtype_acc": 1.0,
    "mean_stage_healthy": 3.472,
    "tau_mcmc": 0.22727272727272727,
    "tau_argsort_mcmc": 0.07575757575757576,
    "subtype_acc_mcmc": 1.0,
    "mean_stage_healthy_mcmc": 3.472,
    "true_n_subtypes": 1,
    "runtime_cross_validation": 2150.4126811027527,
    "ml_n_subtypes": 5,
    "correct_bool": 0,
    "absolute_error": 4,
    "relative_error": 4
}