{
    "runtime": 130.15148639678955,
    "First == Best": true,
    "First == Pickle ML": true,
    "Best == Pickle ML": true,
    "tau": 0.4696969696969697,
    "tau_argsort": 0.3181818181818182,
    "subtype_acc": 0.07452348242417263,
    "mean_stage_healthy": 0.06933333333333333,
    "tau_mcmc": 0.4696969696969697,
    "tau_argsort_mcmc": 0.3181818181818182,
    "subtype_acc_mcmc": 0.07452348242417263,
    "mean_stage_healthy_mcmc": 0.06933333333333333,
    "true_n_subtypes": 2
}