{
    "runtime": 709.2381677627563,
    "First == Best": true,
    "First == Pickle ML": true,
    "Best == Pickle ML": true,
    "tau": 0.40909090909090917,
    "tau_argsort": 0.3484848484848485,
    "subtype_acc": 0.30036237563380247,
    "mean_stage_healthy": 0.050666666666666665,
    "tau_mcmc": 0.40909090909090917,
    "tau_argsort_mcmc": 0.3484848484848485,
    "subtype_acc_mcmc": 0.29022847132003016,
    "mean_stage_healthy_mcmc": 0.04533333333333334,
    "true_n_subtypes": 5
}