{
    "runtime": 339.9604151248932,
    "First == Best": true,
    "First == Pickle ML": true,
    "Best == Pickle ML": true,
    "tau": 0.3484848484848485,
    "tau_argsort": 0.3333333333333333,
    "subtype_acc": 0.6207166599153628,
    "mean_stage_healthy": 2.153225806451613,
    "tau_mcmc": 0.3484848484848485,
    "tau_argsort_mcmc": 0.3333333333333333,
    "subtype_acc_mcmc": 0.6251670213374599,
    "mean_stage_healthy_mcmc": 2.153225806451613,
    "true_n_subtypes": 4
}