{
    "runtime": 38.278685092926025,
    "First == Best": true,
    "First == Pickle ML": true,
    "Best == Pickle ML": true,
    "tau": 0.3939393939393939,
    "tau_argsort": 0.36363636363636365,
    "subtype_acc": 1.0,
    "mean_stage_healthy": 0.021333333333333333,
    "tau_mcmc": 0.3939393939393939,
    "tau_argsort_mcmc": 0.36363636363636365,
    "subtype_acc_mcmc": 1.0,
    "mean_stage_healthy_mcmc": 0.021333333333333333,
    "true_n_subtypes": 1
}