{
    "runtime": 39.534308433532715,
    "First == Best": true,
    "First == Pickle ML": true,
    "Best == Pickle ML": true,
    "tau": 0.5151515151515151,
    "tau_argsort": 0.15151515151515152,
    "subtype_acc": 1.0,
    "mean_stage_healthy": 2.12,
    "tau_mcmc": 0.5151515151515151,
    "tau_argsort_mcmc": 0.15151515151515152,
    "subtype_acc_mcmc": 1.0,
    "mean_stage_healthy_mcmc": 2.12,
    "true_n_subtypes": 1
}