{
    "runtime": 542.151725769043,
    "First == Best": false,
    "First == Pickle ML": true,
    "Best == Pickle ML": false,
    "tau": 0.48863636363636365,
    "tau_argsort": 0.3522727272727273,
    "subtype_acc": 0.09724711212767193,
    "mean_stage_healthy": 0.972,
    "tau_mcmc": 0.46212121212121215,
    "tau_argsort_mcmc": 0.3484848484848485,
    "subtype_acc_mcmc": 0.07025937361349455,
    "mean_stage_healthy_mcmc": 0.928,
    "true_n_subtypes": 4,
    "runtime_cross_validation": 3140.3837099075317,
    "ml_n_subtypes": 5,
    "correct_bool": 0,
    "absolute_error": 1,
    "relative_error": 1
}