{
    "runtime": 129.42269659042358,
    "First == Best": true,
    "First == Pickle ML": true,
    "Best == Pickle ML": true,
    "tau": 0.4015151515151515,
    "tau_argsort": 0.3712121212121212,
    "subtype_acc": 0.11211357964271473,
    "mean_stage_healthy": 4.879032258064516,
    "tau_mcmc": 0.4015151515151515,
    "tau_argsort_mcmc": 0.3712121212121212,
    "subtype_acc_mcmc": 0.11211357964271473,
    "mean_stage_healthy_mcmc": 4.879032258064516,
    "true_n_subtypes": 2
}