{
    "runtime": 115.23928570747375,
    "First == Best": true,
    "First == Pickle ML": true,
    "Best == Pickle ML": true,
    "tau": 0.48484848484848486,
    "tau_argsort": 0.18181818181818182,
    "subtype_acc": 0.13709975950308015,
    "mean_stage_healthy": 0.772,
    "tau_mcmc": 0.48484848484848486,
    "tau_argsort_mcmc": 0.18181818181818182,
    "subtype_acc_mcmc": 0.13709975950308015,
    "mean_stage_healthy_mcmc": 0.772,
    "true_n_subtypes": 2
}