{
    "runtime": 272.83212327957153,
    "First == Best": true,
    "First == Pickle ML": true,
    "Best == Pickle ML": true,
    "tau": 0.47474747474747475,
    "tau_argsort": 0.3131313131313131,
    "subtype_acc": 0.6326779912216444,
    "mean_stage_healthy": 1.112,
    "tau_mcmc": 0.47474747474747475,
    "tau_argsort_mcmc": 0.3131313131313131,
    "subtype_acc_mcmc": 0.6326779912216444,
    "mean_stage_healthy_mcmc": 1.108,
    "true_n_subtypes": 3
}