{
    "runtime": 113.23907732963562,
    "First == Best": true,
    "First == Pickle ML": true,
    "Best == Pickle ML": true,
    "tau": 0.5,
    "tau_argsort": 0.24242424242424243,
    "subtype_acc": 0.18261933865983898,
    "mean_stage_healthy": 0.416,
    "tau_mcmc": 0.5,
    "tau_argsort_mcmc": 0.24242424242424243,
    "subtype_acc_mcmc": 0.18261933865983898,
    "mean_stage_healthy_mcmc": 0.416,
    "true_n_subtypes": 2
}