{
    "runtime": 175.0481173992157,
    "First == Best": false,
    "First == Pickle ML": true,
    "Best == Pickle ML": false,
    "tau": 0.3939393939393939,
    "tau_argsort": 0.25757575757575757,
    "subtype_acc": 0.04623959883726738,
    "mean_stage_healthy": 0.048,
    "tau_mcmc": 0.34090909090909094,
    "tau_argsort_mcmc": 0.26515151515151514,
    "subtype_acc_mcmc": 0.04623959883726738,
    "mean_stage_healthy_mcmc": 0.048,
    "true_n_subtypes": 2
}