{
    "runtime": 332.1870045661926,
    "First == Best": true,
    "First == Pickle ML": true,
    "Best == Pickle ML": true,
    "tau": 0.4128787878787879,
    "tau_argsort": 0.26136363636363635,
    "subtype_acc": 0.10580196707448086,
    "mean_stage_healthy": 2.274193548387097,
    "tau_mcmc": 0.4128787878787879,
    "tau_argsort_mcmc": 0.26136363636363635,
    "subtype_acc_mcmc": 0.10580196707448086,
    "mean_stage_healthy_mcmc": 2.274193548387097,
    "true_n_subtypes": 4,
    "runtime_cross_validation": 2272.1006541252136,
    "ml_n_subtypes": 5,
    "correct_bool": 0,
    "absolute_error": 1,
    "relative_error": 1
}