{
    "runtime": 457.8137707710266,
    "First == Best": true,
    "First == Pickle ML": true,
    "Best == Pickle ML": true,
    "tau": 0.375,
    "tau_argsort": 0.3901515151515152,
    "subtype_acc": 0.1256549425635614,
    "mean_stage_healthy": 0.072,
    "tau_mcmc": 0.375,
    "tau_argsort_mcmc": 0.3901515151515152,
    "subtype_acc_mcmc": 0.1451116223275813,
    "mean_stage_healthy_mcmc": 0.072,
    "true_n_subtypes": 4,
    "runtime_cross_validation": 3011.6097259521484,
    "ml_n_subtypes": 5,
    "correct_bool": 0,
    "absolute_error": 1,
    "relative_error": 1
}