{
    "runtime": 37.45886254310608,
    "First == Best": true,
    "First == Pickle ML": true,
    "Best == Pickle ML": true,
    "tau": 0.3484848484848485,
    "tau_argsort": 0.4090909090909091,
    "subtype_acc": 1.0,
    "mean_stage_healthy": 0.224,
    "tau_mcmc": 0.3484848484848485,
    "tau_argsort_mcmc": 0.4090909090909091,
    "subtype_acc_mcmc": 1.0,
    "mean_stage_healthy_mcmc": 0.224,
    "true_n_subtypes": 1
}