{
    "runtime": 369.3505458831787,
    "First == Best": true,
    "First == Pickle ML": true,
    "Best == Pickle ML": true,
    "tau": 0.4393939393939394,
    "tau_argsort": 0.42424242424242425,
    "subtype_acc": 0.08649326793233582,
    "mean_stage_healthy": 1.7258064516129032,
    "tau_mcmc": 0.4393939393939394,
    "tau_argsort_mcmc": 0.42424242424242425,
    "subtype_acc_mcmc": 0.08649326793233582,
    "mean_stage_healthy_mcmc": 1.7258064516129032,
    "true_n_subtypes": 4
}