{
    "runtime": 36.7838454246521,
    "First == Best": true,
    "First == Pickle ML": true,
    "Best == Pickle ML": true,
    "tau": 0.5757575757575758,
    "tau_argsort": 0.45454545454545453,
    "subtype_acc": 1.0,
    "mean_stage_healthy": 3.984,
    "tau_mcmc": 0.5757575757575758,
    "tau_argsort_mcmc": 0.45454545454545453,
    "subtype_acc_mcmc": 1.0,
    "mean_stage_healthy_mcmc": 3.984,
    "true_n_subtypes": 1
}