{
    "runtime": 369.2075664997101,
    "First == Best": true,
    "First == Pickle ML": true,
    "Best == Pickle ML": true,
    "tau": 0.375,
    "tau_argsort": 0.5037878787878788,
    "subtype_acc": 0.01058485843270529,
    "mean_stage_healthy": 4.764227642276423,
    "tau_mcmc": 0.375,
    "tau_argsort_mcmc": 0.5037878787878788,
    "subtype_acc_mcmc": 0.01420144657266803,
    "mean_stage_healthy_mcmc": 4.666666666666667,
    "true_n_subtypes": 4
}