{
    "runtime": 463.56903624534607,
    "First == Best": true,
    "First == Pickle ML": true,
    "Best == Pickle ML": true,
    "tau": 0.43939393939393945,
    "tau_argsort": 0.3424242424242424,
    "subtype_acc": 0.04747092425978708,
    "mean_stage_healthy": 3.4193548387096775,
    "tau_mcmc": 0.43939393939393945,
    "tau_argsort_mcmc": 0.3424242424242424,
    "subtype_acc_mcmc": 0.04747092425978708,
    "mean_stage_healthy_mcmc": 3.4193548387096775,
    "true_n_subtypes": 5
}