{
    "runtime": 118.44940876960754,
    "First == Best": true,
    "First == Pickle ML": true,
    "Best == Pickle ML": true,
    "tau": 0.3939393939393939,
    "tau_argsort": 0.36363636363636365,
    "subtype_acc": -0.004684924594373387,
    "mean_stage_healthy": 1.8548387096774193,
    "tau_mcmc": 0.3939393939393939,
    "tau_argsort_mcmc": 0.36363636363636365,
    "subtype_acc_mcmc": -0.004684924594373387,
    "mean_stage_healthy_mcmc": 1.8548387096774193,
    "true_n_subtypes": 2
}