{
    "runtime": 635.0704724788666,
    "First == Best": false,
    "First == Pickle ML": true,
    "Best == Pickle ML": false,
    "tau": 0.43939393939393934,
    "tau_argsort": 0.25757575757575757,
    "subtype_acc": 0.06380435972134761,
    "mean_stage_healthy": 0.992,
    "tau_mcmc": 0.40909090909090906,
    "tau_argsort_mcmc": 0.2515151515151515,
    "subtype_acc_mcmc": 0.06409983766617221,
    "mean_stage_healthy_mcmc": 0.992,
    "true_n_subtypes": 5
}