{
    "runtime": 236.44196367263794,
    "First == Best": true,
    "First == Pickle ML": true,
    "Best == Pickle ML": true,
    "tau": 0.398989898989899,
    "tau_argsort": 0.3080808080808081,
    "subtype_acc": 0.08101642775011196,
    "mean_stage_healthy": 0.82,
    "tau_mcmc": 0.398989898989899,
    "tau_argsort_mcmc": 0.3080808080808081,
    "subtype_acc_mcmc": 0.08101642775011196,
    "mean_stage_healthy_mcmc": 0.82,
    "true_n_subtypes": 3
}