{
    "runtime": 524.423707485199,
    "First == Best": true,
    "First == Pickle ML": true,
    "Best == Pickle ML": true,
    "tau": 0.42424242424242425,
    "tau_argsort": 0.4545454545454546,
    "subtype_acc": 0.2304915351045547,
    "mean_stage_healthy": 0.676,
    "tau_mcmc": 0.42424242424242425,
    "tau_argsort_mcmc": 0.4545454545454546,
    "subtype_acc_mcmc": 0.21866835989264696,
    "mean_stage_healthy_mcmc": 0.676,
    "true_n_subtypes": 4
}