{
    "runtime": 608.2626831531525,
    "First == Best": true,
    "First == Pickle ML": true,
    "Best == Pickle ML": true,
    "tau": 0.4666666666666666,
    "tau_argsort": 0.41818181818181815,
    "subtype_acc": 0.07462872920657422,
    "mean_stage_healthy": 0.05333333333333334,
    "tau_mcmc": 0.4666666666666666,
    "tau_argsort_mcmc": 0.41818181818181815,
    "subtype_acc_mcmc": 0.06481953152477948,
    "mean_stage_healthy_mcmc": 0.05333333333333334,
    "true_n_subtypes": 5
}