{
    "runtime": 349.34862995147705,
    "First == Best": true,
    "First == Pickle ML": true,
    "Best == Pickle ML": true,
    "tau": 0.32196969696969696,
    "tau_argsort": 0.4356060606060606,
    "subtype_acc": 0.0401615998871848,
    "mean_stage_healthy": 3.6693548387096775,
    "tau_mcmc": 0.32196969696969696,
    "tau_argsort_mcmc": 0.4356060606060606,
    "subtype_acc_mcmc": 0.0401615998871848,
    "mean_stage_healthy_mcmc": 3.6693548387096775,
    "true_n_subtypes": 4
}