{
    "runtime": 332.9317286014557,
    "First == Best": true,
    "First == Pickle ML": true,
    "Best == Pickle ML": true,
    "tau": 0.3737373737373737,
    "tau_argsort": 0.4444444444444444,
    "subtype_acc": 0.0063324574308197155,
    "mean_stage_healthy": 4.314516129032258,
    "tau_mcmc": 0.3737373737373737,
    "tau_argsort_mcmc": 0.4444444444444444,
    "subtype_acc_mcmc": 0.0063324574308197155,
    "mean_stage_healthy_mcmc": 4.314516129032258,
    "true_n_subtypes": 3
}