{
    "runtime": 548.8601989746094,
    "First == Best": false,
    "First == Pickle ML": true,
    "Best == Pickle ML": false,
    "tau": 0.43636363636363634,
    "tau_argsort": 0.34545454545454546,
    "subtype_acc": 0.030566977006877886,
    "mean_stage_healthy": 3.886178861788618,
    "tau_mcmc": 0.47575757575757577,
    "tau_argsort_mcmc": 0.33636363636363636,
    "subtype_acc_mcmc": 0.034239763163162025,
    "mean_stage_healthy_mcmc": 3.8780487804878048,
    "true_n_subtypes": 5
}