{
    "runtime": 359.3263053894043,
    "First == Best": true,
    "First == Pickle ML": true,
    "Best == Pickle ML": true,
    "tau": 0.32575757575757575,
    "tau_argsort": 0.3106060606060606,
    "subtype_acc": 0.010798205272229725,
    "mean_stage_healthy": 3.5725806451612905,
    "tau_mcmc": 0.32575757575757575,
    "tau_argsort_mcmc": 0.3106060606060606,
    "subtype_acc_mcmc": 0.010128864131920285,
    "mean_stage_healthy_mcmc": 3.5725806451612905,
    "true_n_subtypes": 4
}