{
    "runtime": 128.16619300842285,
    "First == Best": true,
    "First == Pickle ML": true,
    "Best == Pickle ML": true,
    "tau": 0.4696969696969697,
    "tau_argsort": 0.4696969696969697,
    "subtype_acc": 0.06596288511294558,
    "mean_stage_healthy": 0.356,
    "tau_mcmc": 0.4696969696969697,
    "tau_argsort_mcmc": 0.4696969696969697,
    "subtype_acc_mcmc": 0.06596288511294558,
    "mean_stage_healthy_mcmc": 0.356,
    "true_n_subtypes": 2
}