{
    "runtime": 306.06398010253906,
    "First == Best": true,
    "First == Pickle ML": true,
    "Best == Pickle ML": true,
    "tau": 0.47474747474747475,
    "tau_argsort": 0.3636363636363637,
    "subtype_acc": 0.008673432388023183,
    "mean_stage_healthy": 4.596774193548387,
    "tau_mcmc": 0.47474747474747475,
    "tau_argsort_mcmc": 0.3636363636363637,
    "subtype_acc_mcmc": 0.008673432388023183,
    "mean_stage_healthy_mcmc": 4.596774193548387,
    "true_n_subtypes": 3
}