{
    "runtime": 115.06754469871521,
    "First == Best": true,
    "First == Pickle ML": true,
    "Best == Pickle ML": true,
    "tau": 0.49242424242424243,
    "tau_argsort": 0.34090909090909094,
    "subtype_acc": -0.003995311037069965,
    "mean_stage_healthy": 0.584,
    "tau_mcmc": 0.49242424242424243,
    "tau_argsort_mcmc": 0.34090909090909094,
    "subtype_acc_mcmc": -0.003729436058119068,
    "mean_stage_healthy_mcmc": 0.584,
    "true_n_subtypes": 2
}