{
    "runtime": 339.7319793701172,
    "First == Best": true,
    "First == Pickle ML": true,
    "Best == Pickle ML": true,
    "tau": 0.3939393939393939,
    "tau_argsort": 0.4090909090909091,
    "subtype_acc": 0.5041024559323506,
    "mean_stage_healthy": 0.804,
    "tau_mcmc": 0.3939393939393939,
    "tau_argsort_mcmc": 0.4090909090909091,
    "subtype_acc_mcmc": 0.508433509827098,
    "mean_stage_healthy_mcmc": 0.804,
    "true_n_subtypes": 4
}