{
    "runtime": 38.837876081466675,
    "First == Best": true,
    "First == Pickle ML": true,
    "Best == Pickle ML": true,
    "tau": 0.4393939393939394,
    "tau_argsort": 0.10606060606060606,
    "subtype_acc": 1.0,
    "mean_stage_healthy": 0.3,
    "tau_mcmc": 0.4393939393939394,
    "tau_argsort_mcmc": 0.10606060606060606,
    "subtype_acc_mcmc": 1.0,
    "mean_stage_healthy_mcmc": 0.3,
    "true_n_subtypes": 1,
    "runtime_cross_validation": 2078.426442861557,
    "ml_n_subtypes": 5,
    "correct_bool": 0,
    "absolute_error": 4,
    "relative_error": 4
}