{
    "runtime": 350.13136076927185,
    "First == Best": false,
    "First == Pickle ML": true,
    "Best == Pickle ML": false,
    "tau": 0.4191919191919193,
    "tau_argsort": 0.3383838383838384,
    "subtype_acc": -0.009999977105961864,
    "mean_stage_healthy": 0.09866666666666667,
    "tau_mcmc": 0.41414141414141414,
    "tau_argsort_mcmc": 0.3333333333333333,
    "subtype_acc_mcmc": -0.0032473039331418116,
    "mean_stage_healthy_mcmc": 0.09866666666666667,
    "true_n_subtypes": 3
}