{
    "runtime": 332.8982639312744,
    "First == Best": false,
    "First == Pickle ML": true,
    "Best == Pickle ML": false,
    "tau": 0.41919191919191917,
    "tau_argsort": 0.4595959595959596,
    "subtype_acc": 0.30510318504941475,
    "mean_stage_healthy": 0.668,
    "tau_mcmc": 0.4090909090909091,
    "tau_argsort_mcmc": 0.44949494949494945,
    "subtype_acc_mcmc": 0.30510318504941475,
    "mean_stage_healthy_mcmc": 0.672,
    "true_n_subtypes": 3
}