{
    "runtime": 50.3023624420166,
    "First == Best": true,
    "First == Pickle ML": true,
    "Best == Pickle ML": true,
    "tau": 0.6515151515151515,
    "tau_argsort": 0.3484848484848485,
    "subtype_acc": 1.0,
    "mean_stage_healthy": 0.5,
    "tau_mcmc": 0.6515151515151515,
    "tau_argsort_mcmc": 0.3484848484848485,
    "subtype_acc_mcmc": 1.0,
    "mean_stage_healthy_mcmc": 0.5,
    "true_n_subtypes": 1
}