{
    "runtime": 138.14412307739258,
    "First == Best": true,
    "First == Pickle ML": true,
    "Best == Pickle ML": true,
    "tau": 0.446969696969697,
    "tau_argsort": 0.5075757575757576,
    "subtype_acc": 0.07926789573870317,
    "mean_stage_healthy": 1.096,
    "tau_mcmc": 0.446969696969697,
    "tau_argsort_mcmc": 0.5075757575757576,
    "subtype_acc_mcmc": 0.08878991962773189,
    "mean_stage_healthy_mcmc": 1.096,
    "true_n_subtypes": 2
}