{
    "with_labels": 0,
    "burn_in": 500,
    "thinning": 1,
    "runtime": 234.50870418548584,
    "healthy_ratio": 0.24924924924924924,
    "max_log_likelihood": -2327.5337347821937,
    "kendalls_tau": 0.14646464646464646,
    "subtype_acc": 0.2621326066238156,
    "n_subtypes": 3,
    "mean_stage_healthy": 0.08032128514056225,
    "ml_subtype": [
        0,
        2,
        1,
        2,
        0,
        1,
        1,
        2,
        1,
        1,
        2,
        1,
        1,
        2,
        2,
        1,
        2,
        2,
        2,
        1,
        1,
        2,
        1,
        1,
        2,
        1,
        2,
        1,
        2,
        1,
        1,
        2,
        1,
        2,
        2,
        2,
        2,
        2,
        1,
        2,
        2,
        1,
        2,
        2,
        2,
        2,
        1,
        1,
        1,
        1,
        1,
        0,
        0,
        1,
        1,
        2,
        2,
        2,
        2,
        1,
        1,
        1,
        1,
        2,
        2,
        1,
        2,
        1,
        1,
        2,
        1,
        2,
        0,
        1,
        1,
        1,
        1,
        1,
        2,
        2,
        1,
        1,
        2,
        2,
        2,
        2,
        2,
        1,
        2,
        1,
        1,
        0,
        1,
        1,
        0,
        1,
        1,
        2,
        1,
        2,
        2,
        2,
        1,
        0,
        2,
        2,
        1,
        1,
        2,
        1,
        2,
        2,
        2,
        2,
        2,
        0,
        2,
        0,
        1,
        2,
        1,
        2,
        2,
        1,
        1,
        1,
        1,
        2,
        1,
        1,
        2,
        2,
        1,
        2,
        2,
        0,
        0,
        2,
        1,
        1,
        2,
        1,
        1,
        1,
        1,
        1,
        1,
        2,
        2,
        1,
        1,
        2,
        2,
        1,
        1,
        2,
        1,
        2,
        1,
        1,
        2,
        1,
        1,
        2,
        1,
        1,
        1,
        1,
        0,
        2,
        2,
        1,
        0,
        1,
        2,
        1,
        2,
        1,
        2,
        1,
        1,
        2,
        1,
        1,
        2,
        1,
        1,
        2,
        2,
        2,
        1,
        1,
        1,
        2,
        1,
        2,
        1,
        2,
        2,
        1,
        2,
        0,
        1,
        2,
        2,
        2,
        1,
        1,
        2,
        0,
        2,
        2,
        1,
        1,
        2,
        0,
        1,
        1,
        2,
        1,
        2,
        1,
        1,
        1,
        2,
        1,
        2,
        2,
        2,
        1,
        0,
        2,
        2,
        2,
        2,
        2,
        2,
        1,
        1,
        2,
        1,
        1,
        1,
        1,
        2,
        2,
        0,
        1,
        2,
        2,
        1,
        2,
        2,
        2,
        2,
        1,
        1,
        2,
        1,
        2,
        0,
        1,
        1,
        0,
        2,
        2,
        2,
        2,
        1,
        2,
        1,
        1,
        1,
        2,
        2,
        1,
        1,
        0,
        2,
        1,
        2,
        1,
        2,
        1,
        1,
        2,
        2,
        2,
        1,
        1,
        0,
        1,
        2,
        1,
        2,
        0,
        1,
        2,
        1,
        1,
        1,
        0,
        0,
        0,
        1,
        1,
        2,
        2,
        0,
        2,
        2,
        2,
        0,
        1,
        2,
        2,
        2,
        2,
        2,
        1,
        1,
        2,
        2,
        1,
        2,
        1,
        2,
        1,
        0,
        2,
        2,
        1,
        2,
        1,
        2,
        1,
        2,
        1,
        1,
        1,
        1,
        1,
        2,
        0,
        1,
        1,
        1,
        2,
        2,
        1,
        0,
        1,
        2,
        2,
        2,
        1,
        0,
        2,
        2,
        1,
        1,
        1,
        1,
        2,
        2,
        1,
        1,
        1,
        1,
        2,
        2,
        2,
        2,
        2,
        1,
        2,
        1,
        1,
        1,
        2,
        2,
        0,
        2,
        0,
        2,
        1,
        2,
        2,
        2,
        1,
        2,
        2,
        1,
        2,
        2,
        1,
        1,
        2,
        2,
        2,
        1,
        0,
        2,
        2,
        2,
        1,
        2,
        1,
        2,
        1,
        2,
        1,
        1,
        2,
        1,
        1,
        2,
        0,
        2,
        0,
        1,
        2,
        2,
        2,
        0,
        0,
        0,
        1,
        0,
        2,
        0,
        2,
        2,
        2,
        0,
        1,
        0,
        0,
        2,
        0,
        2,
        2,
        0,
        1,
        0,
        2,
        0,
        2,
        0,
        0,
        0,
        2,
        0,
        0,
        1,
        2,
        0,
        2,
        2,
        2,
        0,
        2,
        0,
        0,
        2,
        2,
        0,
        2,
        0,
        1,
        2,
        0,
        0,
        2,
        0,
        0,
        0,
        0,
        0,
        1,
        1,
        0,
        2,
        2,
        0,
        2,
        1,
        0,
        0,
        0,
        2,
        2,
        2,
        0,
        0,
        0,
        2,
        0,
        2,
        0,
        2,
        1,
        0,
        2,
        0,
        0,
        2,
        0,
        2,
        0,
        2,
        2,
        0,
        0,
        0,
        2,
        0,
        1,
        0,
        2,
        2,
        0,
        0,
        2,
        2,
        0,
        2,
        0,
        1,
        1,
        2,
        0,
        0,
        0,
        2,
        0,
        0,
        0,
        2,
        0,
        0,
        0,
        2,
        2,
        2,
        2,
        2,
        2,
        0,
        1,
        0,
        2,
        1,
        2,
        2,
        0,
        0,
        2,
        1,
        0,
        0,
        0,
        2,
        0,
        2,
        2,
        0,
        0,
        2,
        0,
        2,
        0,
        2,
        2,
        0,
        1,
        0,
        0,
        0,
        0,
        2,
        0,
        0,
        2,
        0,
        2,
        0,
        0,
        0,
        0,
        0,
        2,
        2,
        0,
        0,
        2,
        0,
        0,
        0,
        0,
        0,
        0,
        1,
        0,
        0,
        2,
        0,
        1,
        2,
        0,
        0,
        0,
        0,
        2,
        0,
        2,
        2,
        0,
        2,
        2,
        0,
        0,
        0,
        2,
        2,
        1,
        0,
        0,
        2,
        2,
        2,
        2,
        2,
        2,
        2,
        1,
        1,
        2,
        2,
        1,
        2,
        2,
        2,
        1,
        0,
        2,
        1,
        2,
        2,
        2,
        2,
        2,
        2,
        2,
        2,
        2,
        0,
        2,
        2,
        2,
        2,
        2,
        2,
        1,
        2,
        2,
        2,
        2,
        2,
        2,
        2,
        2,
        2,
        2,
        2,
        1,
        2,
        1,
        1,
        2,
        2,
        1,
        2,
        1,
        2,
        2,
        2,
        2,
        2,
        2,
        2,
        2,
        2,
        2,
        1,
