{
    "with_labels": 0,
    "burn_in": 500,
    "thinning": 1,
    "runtime": 318.4439287185669,
    "healthy_ratio": 0.5,
    "max_log_likelihood": 1401.55633956279,
    "kendalls_tau": 0.19090909090909092,
    "subtype_acc": 0.2524603129293221,
    "n_subtypes": 5,
    "mean_stage_healthy": 0.018,
    "ml_subtype": [
        4,
        0,
        0,
        4,
        4,
        4,
        0,
        4,
        0,
        4,
        4,
        4,
        0,
        0,
        0,
        0,
        0,
        4,
        0,
        0,
        0,
        0,
        0,
        0,
        0,
        0,
        0,
        0,
        0,
        0,
        4,
        0,
        0,
        4,
        0,
        0,
        4,
        0,
        4,
        0,
        4,
        4,
        0,
        4,
        4,
        0,
        0,
        4,
        4,
        0,
        4,
        0,
        2,
        0,
        4,
        4,
        0,
        4,
        4,
        4,
        0,
        0,
        4,
        4,
        0,
        0,
        0,
        0,
        0,
        0,
        0,
        4,
        0,
        0,
        0,
        0,
        0,
        0,
        0,
        0,
        0,
        0,
        0,
        0,
        0,
        4,
        3,
        0,
        4,
        4,
        0,
        4,
        0,
        4,
        4,
        4,
        4,
        4,
        4,
        4,
        4,
        4,
        4,
        0,
        0,
        4,
        4,
        0,
        4,
        0,
        4,
        4,
        4,
        4,
        0,
        4,
        0,
        0,
        4,
        0,
        0,
        0,
        0,
        4,
        0,
        4,
        0,
        0,
        0,
        0,
        0,
        4,
        4,
        0,
        0,
        0,
        0,
        0,
        4,
        4,
        4,
        0,
        4,
        4,
        4,
        0,
        0,
        0,
        4,
        0,
        4,
        4,
        4,
        0,
        4,
        0,
        4,
        0,
        0,
        4,
        0,
        0,
        0,
        4,
        0,
        0,
        4,
        0,
        0,
        0,
        0,
        4,
        0,
        4,
        4,
        4,
        0,
        0,
        4,
        0,
        4,
        3,
        0,
        0,
        0,
        0,
        0,
        4,
        0,
        0,
        4,
        0,
        4,
        0,
        4,
        0,
        0,
        4,
        4,
        0,
        0,
        0,
        0,
        4,
        0,
        0,
        4,
        0,
        0,
        0,
        0,
        4,
        4,
        0,
        0,
        0,
        4,
        4,
        0,
        0,
        0,
        0,
        0,
        4,
        4,
        0,
        0,
        4,
        0,
        4,
        0,
        4,
        4,
        4,
        0,
        4,
        0,
        2,
        2,
        0,
        0,
        0,
        0,
        0,
        1,
        4,
        0,
        0,
        1,
        4,
        0,
        0,
        1,
        4,
        1,
        0,
        2,
        0,
        1,
        0,
        0,
        0,
        0,
        3,
        0,
        4,
        0,
        0,
        4,
        1,
        0,
        0,
        3,
        0,
        4,
        0,
        3,
        0,
        0,
        0,
        0,
        0,
        4,
        0,
        0,
        3,
        2,
        0,
        4,
        1,
        1,
        0,
        1,
        2,
        0,
        2,
        2,
        4,
        0,
        0,
        2,
        0,
        1,
        0,
        3,
        3,
        0,
        1,
        2,
        0,
        1,
        0,
        1,
        0,
        0,
        0,
        0,
        0,
        3,
        0,
        1,
        4,
        0,
        0,
        0,
        1,
        0,
        1,
        1,
        0,
        0,
        3,
        0,
        0,
        1,
        0,
        3,
        2,
        2,
        3,
        0,
        0,
        0,
        0,
        4,
        2,
        0,
        0,
        0,
        0,
        0,
        0,
        0,
        0,
        0,
        0,
        0,
        0,
        0,
        0,
        0,
        1,
        4,
        1,
        0,
        1,
        1,
        0,
        0,
        0,
        0,
        0,
        0,
        3,
        3,
        0,
        0,
        1,
        0,
        1,
        4,
        0,
        0,
        0,
        0,
        0,
        0,
        1,
        2,
        0,
        0,
        0,
        0,
        0,
        0,
        0,
        0,
        0,
        3,
        3,
        0,
        0,
        0,
        0,
        0,
        0,
        0,
        0,
        3,
        3,
        3,
        0,
        3,
        0,
        0,
        0,
        0,
        0,
        3,
        0,
        3,
        0,
        0,
        0,
        3,
        3,
        3,
        0,
        0,
        0,
        0,
        0,
        0,
        3,
        0,
        0,
        0,
        0,
        3,
        0,
        0,
        3,
        0,
        3,
        0,
        0,
        0,
        0,
        3,
        0,
        0,
        0,
        0,
        0,
        3,
        3,
        0,
        0,
        0,
        0,
        3,
        0,
        3,
        0,
        3,
        0,
        3,
        0,
        0,
        0,
        0,
        0,
        0,
        0,
        0,
        0,
        4,
        0,
        0,
        0,
        3,
        3,
        0,
        3,
        0,
        0,
        0,
        4,
        0,
        0,
        0,
        3,
        0,
        0,
        3,
        0,
        3,
        0,
        4,
        0,
        0,
        0,
        3,
        0,
        4,
        0,
        3,
        0,
        3,
        0,
        0,
        3,
        0,
        0,
        0,
        0,
        0,
        0,
        0,
        0,
        0,
        0,
        3,
        0,
        0,
        0,
        0,
        0,
        0,
        0,
        3,
        4,
        0,
        0,
        0,
        3,
        3,
        0,
        3,
        3,
        3,
        0,
        0,
        0,
        0,
        0,
        0,
        0,
        3,
        3,
        0,
        0,
        0,
        0,
        3,
        3,
        3,
        3,
        0,
        0,
        0,
        0,
        0,
        3,
        3,
        0,
        0,
        0,
        0,
        0,
        0,
        0,
        3,
        0,
        0,
        0,
        3,
        0,
        0,
        0,
        0,
        3,
        0,
        2,
        0,
        0,
        3,
        0,
        0,
        0,
        3,
        0,
        0,
        3,
        0,
        0,
        0,
        4,
        4,
        0,
        3,
        3,
        0,
        0,
        0,
        0,
        3,
        0,
        0,
        0,
        0,
        0,
        0,
        0,
        3,
        0,
        3,
        0,
        0,
        0,
        0,
        0,
        0,
        0,
        3,
        0,
        3,
        0,
        0,
        0,
        0,
        0,
        0,
        0,
        2,
        0,
        0,
        0,
        0,
        2,
        0,
        0,
        0,
        0,
        0,
        0,
        1,
        2,
        0,
        0,
        0,
        0,
        0,
        0,
        2,
        0,
        2,
        0,
        2,
        1,
        0,
        0,
        1,
        0,
        2,
        0,
        0,
        0,
        0,
        0,
        2,
        0,
        2,
        0,
        0,
        0,
        0,
        0,
        0,
        0,
        0,
        0,
        0,
        0,
        2,
        0,
        0,
        0,
        0,
        0,
        0,
        0,
        0,
        0,
        0,
        0,
        0,
        0,
