{
    "with_labels": 0,
    "burn_in": 500,
    "thinning": 1,
    "runtime": 475.6338872909546,
    "healthy_ratio": 0.5,
    "max_log_likelihood": -1852.2643179709482,
    "kendalls_tau": 0.37575757575757573,
    "subtype_acc": 0.10355980649963342,
    "n_subtypes": 5,
    "mean_stage_healthy": 0.156,
    "ml_subtype": [
        2,
        0,
        0,
        0,
        0,
        0,
        1,
        2,
        4,
        2,
        0,
        0,
        2,
        0,
        0,
        4,
        2,
        0,
        0,
        2,
        0,
        4,
        2,
        0,
        0,
        4,
        2,
        0,
        0,
        2,
        0,
        0,
        4,
        0,
        2,
        0,
        4,
        4,
        4,
        0,
        0,
        0,
        0,
        4,
        0,
        0,
        0,
        2,
        0,
        2,
        0,
        0,
        0,
        0,
        2,
        4,
        0,
        2,
        0,
        0,
        2,
        1,
        0,
        0,
        1,
        0,
        4,
        2,
        0,
        0,
        0,
        0,
        0,
        0,
        2,
        0,
        2,
        0,
        2,
        0,
        4,
        0,
        0,
        1,
        0,
        2,
        2,
        0,
        1,
        0,
        1,
        0,
        0,
        0,
        0,
        0,
        2,
        2,
        2,
        0,
        0,
        0,
        4,
        0,
        0,
        4,
        0,
        4,
        2,
        0,
        0,
        0,
        2,
        0,
        0,
        0,
        0,
        4,
        0,
        0,
        0,
        0,
        1,
        0,
        0,
        0,
        4,
        0,
        0,
        0,
        4,
        0,
        0,
        4,
        0,
        2,
        0,
        0,
        0,
        0,
        0,
        0,
        2,
        2,
        2,
        0,
        1,
        1,
        0,
        0,
        4,
        0,
        0,
        0,
        1,
        0,
        0,
        2,
        0,
        4,
        0,
        2,
        2,
        0,
        2,
        2,
        0,
        0,
        0,
        4,
        0,
        4,
        0,
        0,
        2,
        0,
        0,
        0,
        3,
        2,
        2,
        0,
        1,
        2,
        4,
        4,
        0,
        0,
        2,
        2,
        0,
        0,
        0,
        0,
        2,
        0,
        0,
        0,
        0,
        2,
        0,
        4,
        4,
        2,
        1,
        2,
        2,
        2,
        2,
        0,
        0,
        0,
        2,
        0,
        2,
        0,
        0,
        4,
        0,
        0,
        0,
        0,
        2,
        2,
        0,
        0,
        0,
        0,
        0,
        0,
        2,
        0,
        0,
        2,
        0,
        2,
        4,
        0,
        4,
        0,
        2,
        2,
        1,
        0,
        2,
        0,
        0,
        0,
        1,
        0,
        0,
        2,
        4,
        0,
        0,
        0,
        2,
        0,
        0,
        2,
        1,
        4,
        2,
        2,
        0,
        0,
        2,
        0,
        0,
        0,
        0,
        0,
        0,
        0,
        0,
        0,
        0,
        2,
        0,
        0,
        4,
        0,
        4,
        2,
        0,
        0,
        2,
        0,
        0,
        0,
        0,
        4,
        0,
        0,
        0,
        0,
        0,
        0,
        0,
        2,
        2,
        0,
        0,
        0,
        0,
        0,
        2,
        0,
        0,
        0,
        1,
        0,
        0,
        0,
        0,
        2,
        0,
        2,
        2,
        0,
        2,
        0,
        0,
        0,
        0,
        0,
        1,
        4,
        2,
        2,
        0,
        0,
        4,
        4,
        1,
        4,
        0,
        2,
        0,
        0,
        0,
        2,
        2,
        0,
        0,
        0,
        1,
        0,
        2,
        0,
        0,
        0,
        1,
        0,
        0,
        2,
        4,
        0,
        0,
        4,
        0,
        0,
        0,
        4,
        0,
        0,
        2,
        0,
        0,
        0,
        0,
        2,
        4,
        0,
        2,
        0,
        4,
        1,
        0,
        0,
        0,
        0,
        0,
        2,
        0,
        0,
        1,
        0,
        0,
        0,
        0,
        0,
        2,
        0,
        0,
        0,
        0,
        0,
        0,
        0,
        0,
        0,
        0,
        0,
        0,
        2,
        0,
        2,
        0,
        0,
        0,
        0,
        4,
        1,
        0,
        2,
        0,
        0,
        0,
        2,
        0,
        0,
        0,
        0,
        0,
        0,
        0,
        1,
        2,
        2,
        0,
        0,
        0,
        0,
        0,
        0,
        0,
        0,
        0,
        0,
        0,
        0,
        0,
        2,
        0,
        4,
        0,
        0,
        0,
        0,
        2,
        0,
        1,
        4,
        0,
        1,
        0,
        0,
        0,
        0,
        0,
        0,
        0,
        0,
        1,
        0,
        0,
        0,
        0,
        0,
        0,
        0,
        1,
        0,
        0,
        0,
        0,
        0,
        1,
        4,
        0,
        0,
        0,
        0,
        0,
        0,
        0,
        0,
        0,
        1,
        0,
        0,
        2,
        0,
        2,
        0,
        0,
        0,
        2,
        0,
        4,
        1,
        0,
        1,
        0,
        0,
        0,
        0,
        0,
        0,
        1,
        1,
        0,
        0,
        0,
        0,
        0,
        2,
        0,
        0,
        0,
        0,
        0,
        0,
        4,
        0,
        0,
        0,
        2,
        4,
        1,
        0,
        0,
        0,
        0,
        0,
        0,
        1,
        0,
        0,
        0,
        0,
        0,
        0,
        2,
        4,
        0,
        4,
        0,
        0,
        2,
        0,
        0,
        0,
        0,
        2,
        4,
        0,
        1,
        0,
        0,
        0,
        0,
        1,
        0,
        0,
        0,
        0,
        1,
        0,
        0,
        0,
        0,
        0,
        2,
        0,
        2,
        4,
        4,
        0,
        0,
        0,
        0,
        0,
        0,
        0,
        0,
        0,
        1,
        0,
        4,
        0,
        0,
        0,
        0,
        1,
        0,
        0,
        0,
        4,
        0,
        0,
        1,
        4,
        0,
        0,
        0,
        0,
        4,
        0,
        0,
        2,
        0,
        0,
        0,
        0,
        0,
        1,
        0,
        4,
        0,
        1,
        4,
        0,
        0,
        0,
        0,
        2,
        0,
        0,
        0,
        0,
        0,
        4,
        0,
        0,
        1,
        0,
        0,
        0,
        1,
        2,
        0,
        0,
        0,
        0,
        0,
        0,
        0,
        0,
        0,
        4,
        0,
        0,
        4,
        0,
        0,
        0,
        4,
        1,
        0,
        0,
        0,
        0,
        2,
        0,
        1,
        0,
        0,
        0,
        0,
        0,
        0,
        0,
        0,
        0,
        0,
        4,
        0,
        0,
        0,
        0,
        0,
        0,
        0,
        0,
        0,
        0,
        0,
        1,
        0,
        0,
        0,
        0,
        4,
        0,
        0,
