{
    "with_labels": 0,
    "burn_in": 500,
    "thinning": 1,
    "runtime": 317.94801092147827,
    "healthy_ratio": 0.5,
    "max_log_likelihood": 1941.510021890316,
    "kendalls_tau": 0.39015151515151514,
    "subtype_acc": 0.5667219614035841,
    "n_subtypes": 4,
    "mean_stage_healthy": 1.128,
    "ml_subtype": [
        1,
        2,
        2,
        1,
        1,
        2,
        1,
        1,
        2,
        2,
        2,
        1,
        1,
        2,
        1,
        1,
        1,
        2,
        1,
        2,
        1,
        2,
        1,
        1,
        2,
        2,
        1,
        2,
        2,
        2,
        1,
        1,
        2,
        2,
        2,
        1,
        2,
        1,
        2,
        1,
        1,
        1,
        1,
        2,
        2,
        2,
        2,
        2,
        2,
        1,
        1,
        1,
        1,
        2,
        2,
        1,
        2,
        1,
        2,
        1,
        1,
        2,
        2,
        2,
        2,
        2,
        1,
        1,
        1,
        1,
        2,
        1,
        2,
        2,
        1,
        2,
        1,
        1,
        2,
        2,
        1,
        1,
        1,
        1,
        2,
        1,
        1,
        2,
        2,
        1,
        2,
        1,
        2,
        1,
        1,
        2,
        1,
        1,
        1,
        1,
        2,
        2,
        1,
        2,
        1,
        1,
        1,
        2,
        1,
        1,
        1,
        1,
        1,
        2,
        2,
        2,
        2,
        1,
        2,
        2,
        1,
        1,
        2,
        1,
        2,
        1,
        1,
        2,
        2,
        2,
        2,
        2,
        1,
        2,
        1,
        1,
        1,
        1,
        1,
        1,
        1,
        2,
        1,
        2,
        2,
        2,
        1,
        2,
        1,
        1,
        1,
        3,
        1,
        1,
        1,
        3,
        1,
        2,
        1,
        1,
        2,
        1,
        1,
        1,
        1,
        1,
        1,
        2,
        2,
        2,
        2,
        1,
        2,
        2,
        2,
        2,
        2,
        1,
        1,
        1,
        2,
        1,
        2,
        1,
        1,
        1,
        1,
        1,
        2,
        2,
        2,
        1,
        1,
        2,
        1,
        2,
        1,
        1,
        1,
        1,
        2,
        2,
        1,
        2,
        1,
        1,
        1,
        1,
        1,
        2,
        2,
        2,
        1,
        2,
        1,
        1,
        1,
        1,
        2,
        2,
        2,
        2,
        1,
        1,
        1,
        2,
        2,
        1,
        1,
        1,
        2,
        1,
        1,
        2,
        1,
        2,
        1,
        2,
        2,
        2,
        1,
        1,
        2,
        2,
        2,
        1,
        1,
        2,
        2,
        1,
        2,
        1,
        1,
        1,
        1,
        1,
        1,
        0,
        1,
        1,
        1,
        0,
        1,
        1,
        1,
        0,
        0,
        1,
        0,
        1,
        1,
        0,
        1,
        1,
        0,
        1,
        1,
        1,
        1,
        1,
        1,
        1,
        1,
        1,
        0,
        0,
        0,
        1,
        1,
        1,
        1,
        1,
        1,
        1,
        1,
        1,
        1,
        1,
        1,
        1,
        1,
        1,
        1,
        1,
        1,
        0,
        1,
        0,
        1,
        1,
        1,
        1,
        1,
        0,
        1,
        1,
        1,
        1,
        1,
        1,
        1,
        1,
        0,
        1,
        0,
        1,
        1,
        0,
        1,
        3,
        1,
        1,
        1,
        0,
        1,
        1,
        1,
        1,
        1,
        1,
        1,
        1,
        1,
        1,
        1,
        1,
        0,
        0,
        1,
        1,
        1,
        0,
        1,
        1,
        1,
        0,
        1,
        1,
        1,
        1,
        0,
        0,
        0,
        1,
        1,
        1,
        1,
        1,
        1,
        0,
        0,
        1,
        0,
        1,
        0,
        0,
        0,
        1,
        1,
        1,
        0,
        1,
        1,
        0,
        0,
        1,
        1,
        1,
        0,
        1,
        0,
        1,
        1,
        1,
        1,
        1,
        0,
        1,
        1,
        0,
        0,
        1,
        1,
        1,
        0,
        1,
        0,
        1,
        1,
        1,
        1,
        1,
        0,
        1,
        1,
        0,
        1,
        1,
        0,
        0,
        1,
        1,
        0,
        0,
        0,
        1,
        1,
        1,
        1,
        0,
        1,
        0,
        1,
        1,
        1,
        1,
        1,
        1,
        1,
        1,
        1,
        1,
        0,
        1,
        1,
        0,
        1,
        1,
        1,
        1,
        1,
        1,
        1,
        1,
        1,
        1,
        1,
        1,
        1,
        1,
        0,
        1,
        0,
        0,
        1,
        0,
        1,
        1,
        1,
        1,
        1,
        1,
        1,
        1,
        1,
        0,
        1,
        1,
        0,
        1,
        1,
        3,
        0,
        0,
        1,
        1,
        1,
        1,
        1,
        1,
        1,
        1,
        0,
        1,
        0,
        0,
        1,
        1,
        1,
        1,
        1,
        1,
        0,
        1,
        1,
        1,
        1,
        1,
        0,
        1,
        3,
        1,
        1,
        1,
        3,
        1,
        1,
        1,
        3,
        1,
        3,
        1,
        1,
        1,
        1,
        1,
        1,
        1,
        1,
        3,
        1,
        3,
        3,
        3,
        3,
        1,
        3,
        1,
        3,
        3,
        3,
        3,
        1,
        1,
        1,
        1,
        1,
        3,
        3,
        1,
        1,
        3,
        1,
        3,
        1,
        3,
        1,
        1,
        1,
        3,
        3,
        1,
        3,
        1,
        1,
        1,
        3,
        1,
        1,
        3,
        1,
        3,
        1,
        1,
        1,
        3,
        1,
        3,
        3,
        3,
        1,
        1,
        1,
        3,
        3,
        3,
        3,
        1,
        1,
        3,
        1,
        3,
        3,
        3,
        0,
        3,
        1,
        3,
        1,
        3,
        3,
        3,
        0,
        1,
        3,
        3,
        3,
        3,
        3,
        3,
        3,
        1,
        3,
        3,
        1,
        1,
        1,
        1,
        1,
        1,
        1,
        3,
        1,
        1,
        1,
        1,
        1,
        3,
        3,
        1,
        0,
        3,
        1,
        1,
        3,
        1,
        1,
        1,
        3,
        1,
        1,
        1,
        1,
        3,
        1,
        3,
        1,
        1,
        3,
        3,
        3,
        1,
        3,
        3,
        3,
        3,
        3,
        3,
        3,
        1,
        3,
        1,
        3,
        1,
        3,
        1,
        1,
        3,
        1,
        1,
        1,
        1,
        1,
        1,
        3,
        3,
        1,
        1,
        3,
        1,
        1,
        3,
        1,
        1,
        1,
        1,
        1,
        1,
        1,
        1,
        1,
        1,
        1,
        1,
        1,
        1,
        1,
