{
    "with_labels": 0,
    "burn_in": 500,
    "thinning": 1,
    "runtime": 268.67401146888733,
    "healthy_ratio": 0.249,
    "max_log_likelihood": 1462.4584330740897,
    "kendalls_tau": 0.4595959595959596,
    "subtype_acc": 0.9846192788810252,
    "n_subtypes": 3,
    "mean_stage_healthy": 1.7791164658634537,
    "ml_subtype": [
        2,
        1,
        1,
        1,
        1,
        1,
        2,
        1,
        2,
        2,
        2,
        1,
        1,
        1,
        1,
        1,
        2,
        1,
        2,
        2,
        1,
        1,
        1,
        1,
        1,
        1,
        1,
        1,
        1,
        1,
        1,
        1,
        1,
        1,
        1,
        1,
        1,
        1,
        1,
        1,
        1,
        1,
        1,
        1,
        1,
        1,
        1,
        2,
        2,
        1,
        2,
        1,
        2,
        1,
        1,
        1,
        1,
        1,
        2,
        2,
        2,
        1,
        2,
        1,
        2,
        1,
        1,
        1,
        1,
        1,
        1,
        2,
        1,
        1,
        1,
        2,
        1,
        1,
        1,
        1,
        2,
        1,
        1,
        1,
        1,
        1,
        1,
        2,
        1,
        1,
        1,
        1,
        1,
        1,
        2,
        1,
        1,
        1,
        1,
        0,
        1,
        1,
        1,
        1,
        1,
        1,
        1,
        1,
        1,
        1,
        1,
        1,
        1,
        1,
        1,
        1,
        1,
        1,
        2,
        1,
        2,
        1,
        2,
        0,
        2,
        1,
        1,
        1,
        2,
        1,
        1,
        1,
        2,
        1,
        1,
        2,
        1,
        1,
        1,
        1,
        1,
        1,
        1,
        1,
        1,
        2,
        1,
        1,
        2,
        1,
        1,
        2,
        1,
        1,
        2,
        1,
        1,
        1,
        2,
        1,
        1,
        1,
        2,
        1,
        1,
        1,
        1,
        1,
        1,
        2,
        1,
        1,
        2,
        1,
        1,
        1,
        1,
        1,
        1,
        1,
        1,
        1,
        1,
        2,
        1,
        1,
        1,
        1,
        2,
        2,
        1,
        1,
        1,
        1,
        2,
        1,
        1,
        1,
        1,
        2,
        2,
        1,
        1,
        1,
        1,
        2,
        2,
        2,
        1,
        1,
        1,
        2,
        2,
        1,
        1,
        1,
        1,
        1,
        1,
        1,
        1,
        1,
        2,
        1,
        1,
        1,
        1,
        2,
        1,
        1,
        1,
        2,
        1,
        1,
        1,
        2,
        2,
        1,
        1,
        1,
        2,
        1,
        2,
        1,
        1,
        2,
        1,
        1,
        1,
        1,
        1,
        1,
        2,
        2,
        2,
        1,
        2,
        2,
        2,
        1,
        1,
        2,
        2,
        2,
        2,
        2,
        2,
        1,
        2,
        2,
        2,
        2,
        2,
        2,
        2,
        2,
        2,
        2,
        2,
        2,
        2,
        2,
        2,
        2,
        2,
        2,
        2,
        1,
        2,
        2,
        2,
        2,
        2,
        2,
        2,
        2,
        2,
        2,
        2,
        2,
        2,
        2,
        2,
        2,
        2,
        2,
        2,
        2,
        2,
        2,
        2,
        2,
        2,
        2,
        2,
        2,
        2,
        2,
        2,
        2,
        2,
        2,
        2,
        2,
        1,
        2,
        2,
        2,
        2,
        2,
        2,
        2,
        2,
        2,
        2,
        2,
        2,
        2,
        2,
        2,
        2,
        2,
        2,
        2,
        2,
        2,
        2,
        2,
        2,
        2,
        2,
        2,
        2,
        2,
        2,
        2,
        2,
        2,
        2,
        2,
        2,
        2,
        2,
        2,
        2,
        2,
        2,
        2,
        2,
        2,
        2,
        2,
        2,
        2,
        2,
        2,
        2,
        2,
        2,
        2,
        2,
        1,
        1,
        2,
        1,
        2,
        2,
        2,
        2,
        2,
        2,
        2,
        2,
        2,
        2,
        2,
        2,
        2,
        2,
        2,
        2,
        2,
        2,
        2,
        2,
        2,
        2,
        2,
        2,
        2,
        2,
        2,
        2,
        2,
        2,
        2,
        2,
        2,
        2,
        2,
        2,
        2,
        2,
        2,
        2,
        2,
        2,
        2,
        2,
        2,
        2,
        2,
        2,
        2,
        2,
        2,
        2,
        2,
        2,
        2,
        2,
        2,
        2,
        2,
        2,
        2,
        2,
        2,
        2,
        2,
        2,
        1,
        2,
        2,
        2,
        2,
        1,
        2,
        2,
        1,
        1,
        2,
        2,
        2,
        2,
        2,
        2,
        2,
        2,
        2,
        2,
        2,
        2,
        2,
        2,
        2,
        2,
        2,
        1,
        2,
        2,
        2,
        2,
        2,
        2,
        2,
        2,
        2,
        2,
        2,
        2,
        2,
        1,
        2,
        2,
        2,
        1,
        2,
        2,
        2,
        2,
        1,
        2,
        2,
        2,
        2,
        2,
        2,
        2,
        2,
        2,
        1,
        2,
        2,
        2,
        2,
        2,
        2,
        2,
        2,
        1,
        2,
        2,
        2,
        2,
        2,
        2,
        2,
        2,
        2,
        2,
        2,
        2,
        2,
        2,
        2,
        2,
        2,
        2,
        2,
        2,
        2,
        2,
        2,
        2,
        2,
        2,
        2,
        2,
        2,
        0,
        0,
        1,
        2,
        0,
        0,
        0,
        2,
        2,
        0,
        0,
        0,
        0,
        0,
        0,
        0,
        0,
        2,
        0,
        0,
        1,
        1,
        0,
        0,
        0,
        0,
        0,
        0,
        0,
        2,
        2,
        0,
        0,
        2,
        0,
        0,
        0,
        0,
        0,
        2,
        0,
        0,
        0,
        0,
        2,
        0,
        2,
        0,
        0,
        0,
        2,
        0,
        2,
        2,
        0,
        0,
        0,
        2,
        0,
        2,
        0,
        0,
        2,
        0,
        0,
        0,
        0,
        0,
        2,
        0,
        2,
        2,
        0,
        0,
        0,
        1,
        0,
        0,
        1,
        2,
        0,
        0,
        0,
        0,
        1,
        2,
        0,
        1,
        0,
        0,
        0,
        2,
        0,
        0,
        0,
        2,
        0,
        0,
        2,
        0,
        2,
        2,
        0,
        0,
        0,
        0,
        0,
        0,
        0,
        2,
        0,
        0,
        0,
        2,
        0,
        0,
        0,
        0,
        2,
        0,
        0,
        0,
        0,
        0,
        0,
        0,
        0,
        0,
        0,
        2,
        0,
        0,
        0,
        0,
        0,
        0,
        0,
        0,
        0,
        1,
        0,
        2,
        0,
        2,
        0,
        0,
