{
    "with_labels": 0,
    "burn_in": 500,
    "thinning": 1,
    "runtime": 610.3493473529816,
    "healthy_ratio": 0.5,
    "max_log_likelihood": -1472.619047111364,
    "kendalls_tau": 0.19318181818181818,
    "subtype_acc": 0.2702273170732952,
    "n_subtypes": 4,
    "mean_stage_healthy": 1.042,
    "ml_subtype": [
        0,
        3,
        0,
        0,
        1,
        1,
        0,
        1,
        1,
        0,
        0,
        0,
        2,
        0,
        1,
        0,
        0,
        0,
        2,
        0,
        0,
        0,
        0,
        1,
        3,
        1,
        1,
        1,
        1,
        1,
        0,
        1,
        0,
        1,
        0,
        0,
        0,
        0,
        0,
        1,
        0,
        1,
        1,
        1,
        0,
        3,
        2,
        0,
        0,
        0,
        1,
        1,
        1,
        0,
        0,
        1,
        0,
        1,
        1,
        0,
        0,
        0,
        0,
        1,
        0,
        0,
        0,
        1,
        1,
        1,
        0,
        0,
        2,
        1,
        1,
        0,
        0,
        0,
        0,
        0,
        0,
        1,
        1,
        0,
        2,
        3,
        0,
        0,
        1,
        0,
        1,
        3,
        1,
        2,
        3,
        1,
        0,
        2,
        0,
        3,
        2,
        2,
        3,
        0,
        1,
        0,
        3,
        2,
        1,
        0,
        0,
        2,
        1,
        1,
        0,
        2,
        2,
        1,
        3,
        2,
        0,
        0,
        0,
        0,
        0,
        3,
        3,
        1,
        0,
        0,
        0,
        0,
        1,
        3,
        0,
        1,
        0,
        1,
        2,
        1,
        0,
        1,
        0,
        1,
        3,
        0,
        1,
        1,
        0,
        0,
        3,
        1,
        3,
        1,
        0,
        3,
        1,
        1,
        0,
        3,
        1,
        0,
        3,
        0,
        1,
        3,
        0,
        3,
        1,
        0,
        0,
        0,
        3,
        0,
        2,
        1,
        3,
        3,
        1,
        0,
        2,
        3,
        0,
        0,
        1,
        0,
        1,
        1,
        0,
        2,
        3,
        3,
        1,
        0,
        0,
        1,
        0,
        0,
        3,
        0,
        0,
        1,
        1,
        1,
        3,
        0,
        3,
        3,
        3,
        0,
        3,
        0,
        1,
        1,
        0,
        0,
        3,
        3,
        1,
        3,
        3,
        1,
        0,
        0,
        3,
        3,
        3,
        1,
        1,
        0,
        1,
        1,
        0,
        0,
        0,
        3,
        0,
        1,
        3,
        0,
        0,
        0,
        3,
        2,
        1,
        1,
        0,
        0,
        1,
        0,
        1,
        3,
        1,
        1,
        0,
        1,
        1,
        1,
        1,
        1,
        1,
        3,
        3,
        3,
        0,
        0,
        0,
        1,
        0,
        1,
        3,
        0,
        1,
        0,
        3,
        3,
        0,
        3,
        0,
        3,
        1,
        1,
        0,
        1,
        3,
        0,
        0,
        3,
        1,
        0,
        1,
        0,
        1,
        0,
        0,
        1,
        1,
        1,
        2,
        0,
        1,
        1,
        0,
        1,
        0,
        0,
        0,
        1,
        1,
        0,
        0,
        0,
        1,
        1,
        0,
        0,
        1,
        1,
        0,
        1,
        1,
        0,
        1,
        1,
        1,
        2,
        0,
        1,
        1,
        1,
        1,
        1,
        0,
        1,
        1,
        1,
        0,
        0,
        1,
        0,
        3,
        0,
        1,
        0,
        1,
        1,
        0,
        1,
        1,
        1,
        1,
        1,
        1,
        0,
        1,
        1,
        1,
        1,
        1,
        0,
        0,
        1,
        0,
        1,
        1,
        2,
        1,
        1,
        1,
        1,
        1,
        1,
        1,
        0,
        0,
        0,
        1,
        1,
        1,
        1,
        1,
        1,
        3,
        1,
        1,
        0,
        1,
        1,
        1,
        1,
        1,
        1,
        1,
        1,
        1,
        1,
        1,
        1,
        0,
        1,
        0,
        1,
        1,
        1,
        1,
        1,
        1,
        0,
        1,
        1,
        1,
        1,
        1,
        1,
        0,
        0,
        0,
        0,
        1,
        1,
        1,
        0,
        1,
        2,
        2,
        0,
        1,
        1,
        2,
        0,
        0,
        1,
        1,
        0,
        1,
        0,
        1,
        1,
        1,
        1,
        0,
        0,
        0,
        0,
        0,
        0,
        0,
        0,
        0,
        1,
        1,
        1,
        0,
        0,
        0,
        0,
        1,
        0,
        0,
        1,
        1,
        0,
        1,
        2,
        0,
        0,
        1,
        3,
        1,
        0,
        0,
        1,
        1,
        0,
        0,
        1,
        1,
        1,
        1,
        0,
        0,
        1,
        0,
        1,
        0,
        0,
        1,
        0,
        1,
        1,
        1,
        1,
        0,
        0,
        1,
        1,
        0,
        0,
        1,
        0,
        0,
        0,
        2,
        2,
        1,
        1,
        1,
        0,
        0,
        0,
        0,
        0,
        1,
        1,
        2,
        0,
        1,
        0,
        1,
        0,
        0,
        2,
        1,
        1,
        1,
        1,
        3,
        1,
        1,
        1,
        2,
        0,
        1,
        1,
        3,
        0,
        0,
        0,
        0,
        1,
        1,
        1,
        1,
        0,
        1,
        0,
        1,
        1,
        1,
        1,
        1,
        0,
        1,
        0,
        0,
        1,
        0,
        1,
        1,
        1,
        1,
        1,
        1,
        1,
        1,
        1,
        1,
        1,
        1,
        1,
        1,
        0,
        1,
        0,
        1,
        1,
        1,
        1,
        3,
        1,
        0,
        1,
        0,
        0,
        1,
        0,
        0,
        1,
        1,
        0,
        1,
        1,
        0,
        0,
        0,
        1,
        3,
        2,
        1,
        1,
        1,
        1,
        1,
        0,
        0,
        0,
        1,
        1,
        1,
        0,
        0,
        1,
        2,
        2,
        0,
        0,
        2,
        1,
        1,
        0,
        1,
        1,
        0,
        1,
        1,
        1,
        0,
        0,
        1,
        0,
        0,
        1,
        1,
        3,
        2,
        0,
        1,
        1,
        0,
        0,
        0,
        0,
        1,
        1,
        0,
        1,
        0,
        1,
        0,
        2,
        0,
        0,
        0,
        2,
        0,
        1,
        0,
        0,
        0,
        1,
        1,
        0,
        0,
        0,
        0,
        1,
        0,
        0,
        1,
        1,
        1,
        0,
        1,
        1,
        3,
        0,
        0,
        0,
        1,
        1,
        1,
        1,
        0,
        1,
        1,
        1,
        1,
        1,
        0,
        1,
        1,
        0,
        0,
        0,
        0,
        0,
        1,
