{
    "with_labels": 0,
    "burn_in": 500,
    "thinning": 1,
    "runtime": 314.6847712993622,
    "healthy_ratio": 0.5,
    "max_log_likelihood": 1523.1823383994868,
    "kendalls_tau": 0.2272727272727273,
    "subtype_acc": 0.16165414460019892,
    "n_subtypes": 5,
    "mean_stage_healthy": 0.074,
    "ml_subtype": [
        0,
        0,
        1,
        1,
        0,
        1,
        0,
        1,
        1,
        1,
        0,
        1,
        0,
        2,
        0,
        0,
        0,
        2,
        0,
        1,
        0,
        0,
        0,
        1,
        1,
        1,
        1,
        0,
        1,
        0,
        0,
        1,
        0,
        1,
        0,
        0,
        0,
        0,
        1,
        0,
        3,
        0,
        1,
        1,
        0,
        0,
        1,
        0,
        0,
        0,
        1,
        0,
        1,
        1,
        0,
        1,
        1,
        0,
        0,
        0,
        2,
        0,
        1,
        0,
        0,
        0,
        0,
        0,
        1,
        1,
        1,
        0,
        0,
        0,
        0,
        1,
        1,
        1,
        1,
        1,
        1,
        1,
        1,
        1,
        2,
        0,
        0,
        1,
        1,
        1,
        0,
        1,
        0,
        2,
        0,
        1,
        1,
        0,
        0,
        0,
        1,
        1,
        0,
        1,
        0,
        1,
        1,
        1,
        0,
        0,
        1,
        0,
        0,
        1,
        1,
        1,
        1,
        0,
        0,
        0,
        1,
        0,
        0,
        0,
        0,
        0,
        1,
        1,
        1,
        1,
        1,
        0,
        0,
        0,
        0,
        2,
        0,
        0,
        0,
        1,
        0,
        0,
        0,
        0,
        0,
        1,
        0,
        0,
        0,
        0,
        1,
        0,
        0,
        1,
        1,
        0,
        1,
        0,
        0,
        0,
        1,
        1,
        2,
        1,
        0,
        1,
        0,
        1,
        0,
        0,
        1,
        1,
        2,
        0,
        0,
        0,
        0,
        0,
        0,
        1,
        0,
        0,
        0,
        0,
        0,
        1,
        0,
        2,
        0,
        0,
        0,
        1,
        1,
        0,
        0,
        0,
        1,
        2,
        1,
        0,
        0,
        0,
        1,
        2,
        0,
        1,
        0,
        0,
        0,
        0,
        1,
        1,
        0,
        0,
        0,
        0,
        0,
        0,
        0,
        0,
        1,
        0,
        1,
        2,
        0,
        0,
        1,
        1,
        0,
        0,
        0,
        1,
        1,
        1,
        0,
        1,
        1,
        1,
        0,
        0,
        0,
        0,
        0,
        0,
        1,
        0,
        0,
        2,
        0,
        1,
        1,
        0,
        0,
        0,
        2,
        0,
        0,
        0,
        0,
        0,
        1,
        0,
        0,
        0,
        1,
        1,
        1,
        2,
        1,
        1,
        1,
        0,
        2,
        1,
        1,
        0,
        0,
        0,
        0,
        1,
        1,
        0,
        1,
        0,
        0,
        0,
        0,
        0,
        1,
        1,
        1,
        1,
        2,
        0,
        1,
        0,
        1,
        0,
        0,
        2,
        0,
        0,
        1,
        0,
        0,
        0,
        0,
        0,
        0,
        1,
        0,
        1,
        0,
        1,
        0,
        0,
        1,
        0,
        1,
        0,
        2,
        0,
        1,
        2,
        0,
        1,
        0,
        1,
        0,
        1,
        3,
        1,
        0,
        0,
        3,
        0,
        0,
        0,
        0,
        2,
        2,
        0,
        0,
        1,
        0,
        2,
        1,
        0,
        0,
        2,
        1,
        2,
        0,
        0,
        1,
        1,
        0,
        0,
        2,
        0,
        2,
        1,
        1,
        0,
        0,
        2,
        2,
        1,
        1,
        2,
        1,
        1,
        0,
        0,
        0,
        2,
        0,
        0,
        0,
        0,
        2,
        0,
        2,
        1,
        0,
        1,
        0,
        0,
        0,
        0,
        1,
        0,
        0,
        1,
        2,
        0,
        0,
        0,
        1,
        0,
        1,
        0,
        0,
        0,
        0,
        1,
        2,
        0,
        0,
        0,
        0,
        0,
        1,
        1,
        2,
        0,
        0,
        1,
        0,
        0,
        3,
        0,
        2,
        0,
        0,
        1,
        0,
        2,
        0,
        0,
        2,
        2,
        0,
        1,
        0,
        1,
        0,
        1,
        0,
        0,
        0,
        0,
        0,
        1,
        0,
        0,
        1,
        4,
        1,
        0,
        0,
        2,
        0,
        2,
        1,
        2,
        0,
        0,
        1,
        0,
        0,
        2,
        0,
        0,
        0,
        0,
        0,
        0,
        0,
        0,
        0,
        3,
        1,
        0,
        0,
        0,
        2,
        0,
        2,
        1,
        0,
        0,
        0,
        2,
        0,
        0,
        3,
        2,
        1,
        2,
        0,
        2,
        1,
        0,
        0,
        2,
        0,
        2,
        3,
        2,
        0,
        0,
        3,
        0,
        0,
        1,
        2,
        1,
        1,
        3,
        3,
        0,
        0,
        2,
        1,
        0,
        0,
        0,
        0,
        1,
        0,
        0,
        0,
        0,
        0,
        0,
        1,
        0,
        2,
        0,
        0,
        1,
        2,
        2,
        3,
        0,
        1,
        0,
        0,
        1,
        2,
        0,
        2,
        2,
        1,
        3,
        0,
        2,
        3,
        1,
        0,
        1,
        2,
        0,
        0,
        0,
        0,
        2,
        1,
        1,
        0,
        0,
        0,
        0,
        0,
        0,
        0,
        0,
        0,
        0,
        0,
        0,
        0,
        2,
        1,
        2,
        0,
        0,
        0,
        1,
        0,
        0,
        0,
        0,
        3,
        0,
        0,
        0,
        0,
        0,
        0,
        1,
        0,
        0,
        2,
        0,
        0,
        1,
        1,
        2,
        2,
        0,
        2,
        0,
        0,
        0,
        1,
        0,
        0,
        0,
        0,
        1,
        0,
        0,
        0,
        0,
        0,
        0,
        0,
        0,
        1,
        0,
        0,
        0,
        0,
        1,
        0,
        0,
        1,
        2,
        1,
        0,
        0,
        0,
        0,
        0,
        1,
        0,
        0,
        2,
        1,
        2,
        0,
        1,
        0,
        0,
        0,
        0,
        1,
        0,
        0,
        0,
        0,
        0,
        0,
        1,
        0,
        0,
        0,
        0,
        0,
        0,
        0,
        2,
        1,
        0,
        0,
        0,
        1,
        1,
        0,
        1,
        1,
        1,
        0,
        0,
        2,
        0,
        0,
        0,
        0,
        0,
        0,
        2,
        2,
        0,
        1,
        0,
        0,
        0,
        0,
        0,
        0,
        0,
        0,
        0,
        0,
