{
    "with_labels": 0,
    "burn_in": 500,
    "thinning": 1,
    "runtime": 334.5669300556183,
    "healthy_ratio": 0.5,
    "max_log_likelihood": -1956.0937768396107,
    "kendalls_tau": 0.26969696969696966,
    "subtype_acc": 0.04747372979967468,
    "n_subtypes": 5,
    "mean_stage_healthy": 0.692,
    "ml_subtype": [
        4,
        1,
        1,
        4,
        0,
        0,
        3,
        4,
        4,
        2,
        2,
        2,
        3,
        2,
        1,
        2,
        2,
        1,
        3,
        2,
        2,
        0,
        2,
        2,
        0,
        1,
        1,
        2,
        2,
        1,
        0,
        1,
        2,
        1,
        2,
        2,
        2,
        3,
        2,
        4,
        2,
        1,
        1,
        4,
        4,
        1,
        2,
        0,
        1,
        1,
        0,
        2,
        4,
        4,
        2,
        2,
        2,
        2,
        2,
        0,
        1,
        2,
        2,
        2,
        0,
        2,
        2,
        2,
        4,
        2,
        2,
        2,
        2,
        4,
        1,
        1,
        2,
        2,
        2,
        2,
        2,
        2,
        2,
        4,
        2,
        2,
        2,
        4,
        2,
        2,
        2,
        2,
        4,
        2,
        0,
        2,
        0,
        2,
        2,
        1,
        1,
        2,
        2,
        2,
        1,
        2,
        2,
        4,
        2,
        2,
        2,
        2,
        4,
        3,
        2,
        1,
        0,
        2,
        2,
        2,
        2,
        3,
        4,
        2,
        2,
        0,
        2,
        2,
        0,
        3,
        0,
        2,
        2,
        2,
        2,
        2,
        2,
        4,
        2,
        1,
        0,
        2,
        3,
        2,
        2,
        2,
        2,
        2,
        2,
        2,
        2,
        4,
        2,
        2,
        1,
        2,
        2,
        0,
        2,
        0,
        0,
        2,
        4,
        1,
        1,
        4,
        4,
        2,
        2,
        2,
        2,
        2,
        2,
        2,
        3,
        2,
        2,
        2,
        1,
        1,
        2,
        2,
        2,
        0,
        2,
        2,
        2,
        2,
        2,
        1,
        4,
        2,
        2,
        2,
        1,
        0,
        2,
        2,
        2,
        4,
        0,
        2,
        1,
        4,
        4,
        2,
        2,
        1,
        2,
        2,
        2,
        2,
        2,
        4,
        1,
        3,
        2,
        2,
        1,
        0,
        2,
        0,
        2,
        2,
        2,
        2,
        2,
        2,
        4,
        2,
        2,
        2,
        2,
        4,
        2,
        2,
        2,
        2,
        2,
        2,
        1,
        2,
        1,
        2,
        2,
        2,
        2,
        2,
        2,
        1,
        2,
        2,
        2,
        1,
        3,
        2,
        0,
        0,
        1,
        2,
        2,
        0,
        2,
        2,
        1,
        2,
        2,
        1,
        2,
        3,
        2,
        2,
        4,
        4,
        2,
        2,
        3,
        2,
        2,
        2,
        2,
        2,
        2,
        1,
        1,
        2,
        1,
        2,
        0,
        2,
        2,
        4,
        2,
        2,
        2,
        3,
        2,
        2,
        2,
        2,
        2,
        2,
        2,
        2,
        4,
        2,
        4,
        2,
        4,
        0,
        2,
        2,
        4,
        2,
        2,
        1,
        1,
        4,
        2,
        2,
        2,
        2,
        2,
        2,
        4,
        4,
        2,
        4,
        2,
        2,
        2,
        2,
        4,
        1,
        2,
        2,
        4,
        4,
        2,
        2,
        2,
        0,
        2,
        2,
        4,
        2,
        2,
        2,
        1,
        0,
        2,
        1,
        1,
        2,
        2,
        2,
        1,
        0,
        1,
        2,
        2,
        2,
        2,
        4,
        4,
        2,
        2,
        4,
        2,
        1,
        2,
        4,
        2,
        2,
        1,
        1,
        1,
        4,
        2,
        2,
        2,
        2,
        1,
        2,
        2,
        2,
        1,
        2,
        2,
        2,
        2,
        2,
        4,
        1,
        1,
        1,
        2,
        2,
        2,
        2,
        2,
        1,
        4,
        2,
        0,
        1,
        1,
        2,
        1,
        1,
        4,
        2,
        2,
        2,
        2,
        2,
        2,
        2,
        2,
        2,
        2,
        2,
        2,
        4,
        0,
        2,
        1,
        2,
        4,
        2,
        2,
        2,
        4,
        2,
        2,
        2,
        2,
        4,
        4,
        2,
        0,
        2,
        2,
        2,
        3,
        2,
        1,
        2,
        1,
        4,
        2,
        1,
        2,
        2,
        2,
        2,
        4,
        1,
        1,
        2,
        4,
        4,
        1,
        2,
        1,
        4,
        0,
        2,
        2,
        2,
        2,
        1,
        2,
        2,
        2,
        1,
        3,
        2,
        1,
        2,
        2,
        2,
        2,
        2,
        0,
        2,
        0,
        2,
        2,
        4,
        0,
        1,
        2,
        2,
        2,
        2,
        2,
        2,
        2,
        0,
        0,
        0,
        3,
        2,
        2,
        2,
        2,
        0,
        2,
        2,
        3,
        2,
        2,
        2,
        0,
        0,
        4,
        2,
        2,
        2,
        2,
        0,
        2,
        2,
        2,
        0,
        2,
        2,
        2,
        4,
        4,
        2,
        2,
        2,
        2,
        1,
        1,
        0,
        1,
        4,
        4,
        1,
        0,
        2,
        2,
        3,
        1,
        1,
        2,
        0,
        2,
        1,
        1,
        2,
        2,
        2,
        2,
        0,
        2,
        4,
        2,
        2,
        2,
        0,
        2,
        1,
        0,
        1,
        2,
        2,
        1,
        0,
        4,
        2,
        4,
        2,
        2,
        1,
        0,
        4,
        1,
        2,
        2,
        2,
        4,
        1,
        0,
        2,
        0,
        2,
        4,
        0,
        0,
        0,
        1,
        4,
        0,
        2,
        4,
        2,
        2,
        4,
        2,
        2,
        0,
        2,
        2,
        2,
        2,
        1,
        2,
        1,
        2,
        2,
        2,
        2,
        2,
        2,
        2,
        4,
        4,
        2,
        2,
        0,
        1,
        2,
        2,
        2,
        4,
        2,
        2,
        0,
        0,
        1,
        2,
        0,
        2,
        2,
        4,
        0,
        2,
        1,
        2,
        2,
        4,
        2,
        2,
        0,
        0,
        1,
        2,
        2,
        2,
        2,
        4,
        1,
        1,
        4,
        1,
        3,
        4,
        2,
        2,
        0,
        2,
        2,
        2,
        2,
        2,
        1,
        4,
        0,
        2,
        1,
        3,
        2,
        2,
        2,
        1,
        2,
        2,
        2,
        4,
        2,
        2,
        2,
        2,
        0,
        1,
        0,
        1,
        2,
        1,
        1,
        1,
        0,
        0,
