{
    "with_labels": 0,
    "burn_in": 500,
    "thinning": 1,
    "runtime": 319.98288083076477,
    "healthy_ratio": 0.248,
    "max_log_likelihood": -2894.3876059817317,
    "kendalls_tau": 0.25757575757575757,
    "subtype_acc": 0.2518012204729635,
    "n_subtypes": 4,
    "mean_stage_healthy": 0.33064516129032256,
    "ml_subtype": [
        2,
        1,
        0,
        0,
        0,
        1,
        0,
        3,
        0,
        0,
        3,
        2,
        0,
        0,
        3,
        3,
        0,
        1,
        0,
        3,
        0,
        0,
        0,
        0,
        0,
        0,
        2,
        3,
        3,
        0,
        2,
        0,
        1,
        1,
        0,
        0,
        2,
        0,
        3,
        0,
        0,
        1,
        3,
        3,
        1,
        1,
        3,
        1,
        3,
        0,
        1,
        0,
        0,
        1,
        0,
        2,
        1,
        1,
        0,
        3,
        1,
        2,
        0,
        0,
        0,
        0,
        0,
        0,
        0,
        0,
        0,
        0,
        0,
        1,
        0,
        1,
        0,
        1,
        1,
        0,
        1,
        0,
        3,
        2,
        0,
        0,
        1,
        0,
        2,
        1,
        1,
        2,
        0,
        0,
        0,
        2,
        1,
        1,
        1,
        0,
        1,
        0,
        0,
        2,
        0,
        0,
        0,
        0,
        1,
        2,
        0,
        1,
        1,
        3,
        2,
        1,
        1,
        1,
        3,
        0,
        0,
        3,
        1,
        2,
        1,
        1,
        0,
        1,
        0,
        2,
        0,
        1,
        0,
        0,
        1,
        1,
        3,
        0,
        1,
        1,
        3,
        1,
        0,
        0,
        0,
        2,
        1,
        0,
        0,
        2,
        1,
        0,
        2,
        1,
        3,
        3,
        0,
        0,
        0,
        1,
        0,
        3,
        0,
        2,
        3,
        0,
        0,
        0,
        1,
        3,
        2,
        0,
        0,
        0,
        0,
        1,
        2,
        0,
        0,
        0,
        0,
        0,
        3,
        3,
        0,
        0,
        0,
        0,
        1,
        3,
        0,
        0,
        1,
        0,
        1,
        0,
        0,
        3,
        0,
        1,
        1,
        1,
        0,
        1,
        0,
        0,
        3,
        2,
        0,
        1,
        0,
        3,
        0,
        1,
        1,
        0,
        0,
        3,
        1,
        0,
        3,
        0,
        0,
        1,
        0,
        0,
        0,
        0,
        3,
        0,
        1,
        3,
        1,
        3,
        3,
        0,
        1,
        0,
        0,
        3,
        1,
        0,
        3,
        3,
        1,
        0,
        3,
        3,
        0,
        1,
        0,
        2,
        0,
        0,
        3,
        1,
        1,
        1,
        1,
        0,
        2,
        1,
        3,
        2,
        3,
        0,
        1,
        3,
        0,
        0,
        1,
        0,
        1,
        0,
        1,
        0,
        0,
        0,
        1,
        0,
        0,
        2,
        0,
        1,
        2,
        0,
        1,
        3,
        2,
        0,
        3,
        3,
        0,
        0,
        2,
        1,
        1,
        1,
        3,
        3,
        0,
        1,
        0,
        3,
        1,
        0,
        0,
        0,
        0,
        3,
        0,
        0,
        1,
        1,
        1,
        0,
        1,
        2,
        0,
        2,
        0,
        1,
        0,
        1,
        0,
        3,
        0,
        0,
        1,
        3,
        2,
        0,
        2,
        3,
        1,
        0,
        2,
        2,
        2,
        2,
        2,
        3,
        2,
        0,
        2,
        1,
        2,
        2,
        2,
        3,
        2,
        0,
        0,
        2,
        0,
        2,
        2,
        0,
        0,
        2,
        2,
        0,
        1,
        2,
        2,
        2,
        0,
        0,
        2,
        2,
        2,
        0,
        2,
        1,
        2,
        2,
        0,
        2,
        2,
        3,
        2,
        0,
        0,
        0,
        2,
        2,
        0,
        1,
        2,
        2,
        2,
        2,
        1,
        0,
        2,
        2,
        2,
        3,
        2,
        2,
        0,
        3,
        2,
        2,
        2,
        2,
        2,
        3,
        2,
        2,
        0,
        0,
        3,
        2,
        2,
        3,
        3,
        2,
        0,
        0,
        1,
        3,
        0,
        0,
        3,
        2,
        2,
        0,
        0,
        2,
        0,
        0,
        1,
        0,
        2,
        1,
        1,
        0,
        0,
        2,
        2,
        3,
        2,
        2,
        2,
        2,
        2,
        2,
        1,
        2,
        0,
        0,
        1,
        0,
        0,
        2,
        3,
        0,
        2,
        0,
        0,
        2,
        2,
        2,
        2,
        0,
        1,
        1,
        3,
        2,
        2,
        2,
        0,
        2,
        0,
        2,
        0,
        1,
        1,
        3,
        2,
        0,
        2,
        0,
        3,
        3,
        0,
        0,
        1,
        0,
        2,
        2,
        2,
        0,
        0,
        2,
        2,
        0,
        2,
        2,
        1,
        2,
        3,
        2,
        3,
        3,
        0,
        1,
        0,
        0,
        2,
        2,
        0,
        2,
        2,
        1,
        2,
        2,
        2,
        2,
        2,
        0,
        3,
        2,
        0,
        3,
        2,
        0,
        2,
        1,
        2,
        2,
        2,
        3,
        2,
        2,
        0,
        1,
        2,
        0,
        0,
        0,
        2,
        0,
        2,
        2,
        2,
        2,
        0,
        2,
        3,
        2,
        2,
        0,
        3,
        0,
        2,
        2,
        0,
        0,
        2,
        2,
        0,
        2,
        2,
        3,
        2,
        2,
        2,
        2,
        1,
        0,
        2,
        2,
        0,
        2,
        2,
        2,
        3,
        0,
        2,
        2,
        0,
        2,
        2,
        3,
        2,
        0,
        2,
        0,
        2,
        2,
        0,
        0,
        0,
        2,
        3,
        2,
        3,
        0,
        2,
        2,
        0,
        0,
        3,
        2,
        0,
        2,
        1,
        0,
        1,
        0,
        0,
        2,
        2,
        2,
        0,
        2,
        2,
        3,
        0,
        0,
        0,
        0,
        3,
        2,
        1,
        2,
        2,
        1,
        2,
        0,
        2,
        2,
        0,
        2,
        3,
        0,
        2,
        2,
        3,
        2,
        0,
        1,
        2,
        2,
        0,
        2,
        2,
        1,
        0,
        0,
        2,
        0,
        0,
        2,
        2,
        0,
        0,
        2,
        2,
        1,
        2,
        2,
        0,
        2,
        2,
        0,
        2,
        2,
        0,
        1,
        2,
        0,
        0,
        0,
        2,
        2,
        1,
        3,
        2,
        1,
        2,
        0,
        2,
        3,
        2,
        0,
        2,
        0,
        0,
        2,
        2,
        2,
        1,
        3,
