{
    "with_labels": 0,
    "burn_in": 500,
    "thinning": 1,
    "runtime": 334.41684222221375,
    "healthy_ratio": 0.24924924924924924,
    "max_log_likelihood": 274.93060668465637,
    "kendalls_tau": 0.2545454545454545,
    "subtype_acc": 0.33163051905206,
    "n_subtypes": 5,
    "mean_stage_healthy": 0.060240963855421686,
    "ml_subtype": [
        0,
        0,
        1,
        0,
        0,
        0,
        0,
        0,
        0,
        0,
        0,
        0,
        0,
        0,
        0,
        0,
        0,
        0,
        0,
        0,
        0,
        0,
        0,
        0,
        0,
        0,
        0,
        0,
        0,
        0,
        1,
        0,
        0,
        0,
        0,
        0,
        0,
        0,
        2,
        0,
        0,
        0,
        0,
        0,
        0,
        0,
        0,
        0,
        0,
        0,
        0,
        3,
        0,
        0,
        0,
        2,
        0,
        0,
        0,
        0,
        0,
        0,
        0,
        0,
        0,
        0,
        2,
        0,
        0,
        0,
        0,
        0,
        0,
        0,
        1,
        0,
        0,
        0,
        1,
        0,
        0,
        0,
        0,
        1,
        0,
        0,
        1,
        0,
        0,
        0,
        0,
        1,
        0,
        0,
        0,
        0,
        0,
        0,
        0,
        0,
        0,
        0,
        0,
        0,
        0,
        2,
        0,
        0,
        0,
        0,
        0,
        0,
        0,
        0,
        0,
        0,
        4,
        3,
        0,
        3,
        0,
        0,
        0,
        0,
        0,
        0,
        0,
        0,
        3,
        0,
        0,
        0,
        0,
        0,
        0,
        0,
        0,
        1,
        0,
        0,
        0,
        0,
        0,
        0,
        0,
        0,
        0,
        0,
        0,
        0,
        0,
        0,
        0,
        0,
        3,
        0,
        0,
        0,
        1,
        0,
        0,
        0,
        0,
        0,
        0,
        0,
        0,
        0,
        0,
        0,
        2,
        0,
        0,
        0,
        0,
        0,
        0,
        0,
        0,
        0,
        3,
        0,
        0,
        0,
        0,
        0,
        0,
        0,
        0,
        0,
        0,
        0,
        0,
        3,
        0,
        1,
        0,
        0,
        0,
        0,
        0,
        0,
        0,
        0,
        3,
        0,
        0,
        0,
        0,
        0,
        0,
        0,
        3,
        0,
        0,
        0,
        0,
        0,
        0,
        0,
        0,
        0,
        0,
        0,
        0,
        0,
        0,
        0,
        0,
        0,
        0,
        0,
        0,
        0,
        1,
        0,
        0,
        0,
        0,
        1,
        0,
        0,
        0,
        0,
        0,
        0,
        0,
        4,
        0,
        3,
        0,
        0,
        0,
        0,
        0,
        0,
        0,
        0,
        0,
        0,
        0,
        0,
        0,
        0,
        0,
        0,
        0,
        0,
        0,
        0,
        0,
        0,
        0,
        0,
        0,
        0,
        3,
        0,
        0,
        0,
        0,
        0,
        0,
        0,
        0,
        0,
        0,
        0,
        0,
        0,
        0,
        0,
        0,
        0,
        0,
        0,
        3,
        0,
        0,
        0,
        0,
        0,
        0,
        0,
        0,
        0,
        0,
        1,
        0,
        1,
        1,
        0,
        1,
        0,
        0,
        1,
        1,
        1,
        0,
        0,
        1,
        0,
        0,
        2,
        1,
        0,
        3,
        1,
        0,
        0,
        0,
        3,
        2,
        1,
        0,
        1,
        1,
        1,
        1,
        0,
        1,
        1,
        1,
        1,
        3,
        1,
        0,
        3,
        0,
        3,
        0,
        1,
        3,
        1,
        3,
        1,
        1,
        3,
        1,
        1,
        1,
        0,
        0,
        1,
        3,
        1,
        1,
        0,
        0,
        3,
        3,
        3,
        0,
        0,
        3,
        0,
        3,
        1,
        1,
        0,
        3,
        3,
        0,
        1,
        0,
        0,
        0,
        0,
        0,
        0,
        0,
        3,
        0,
        3,
        1,
        1,
        0,
        0,
        1,
        1,
        3,
        1,
        1,
        3,
        1,
        3,
        3,
        3,
        1,
        0,
        3,
        0,
        0,
        1,
        3,
        1,
        1,
        3,
        0,
        3,
        1,
        3,
        0,
        1,
        3,
        3,
        0,
        0,
        2,
        3,
        1,
        1,
        0,
        1,
        1,
        1,
        1,
        2,
        3,
        0,
        0,
        0,
        1,
        0,
        3,
        0,
        1,
        1,
        3,
        3,
        3,
        3,
        1,
        1,
        1,
        3,
        1,
        0,
        3,
        1,
        1,
        0,
        0,
        3,
        0,
        3,
        1,
        1,
        3,
        1,
        3,
        3,
        0,
        1,
        0,
        1,
        3,
        0,
        1,
        0,
        1,
        1,
        1,
        0,
        1,
        1,
        1,
        1,
        1,
        0,
        0,
        3,
        1,
        0,
        1,
        1,
        1,
        1,
        3,
        3,
        3,
        1,
        1,
        1,
        3,
        1,
        3,
        3,
        3,
        3,
        3,
        0,
        1,
        1,
        1,
        1,
        3,
        0,
        1,
        1,
        1,
        2,
        1,
        3,
        1,
        0,
        1,
        0,
        3,
        0,
        1,
        0,
        0,
        3,
        0,
        0,
        3,
        0,
        1,
        3,
        0,
        0,
        1,
        3,
        1,
        1,
        3,
        1,
        1,
        1,
        1,
        3,
        0,
        1,
        1,
        0,
        1,
        3,
        0,
        3,
        0,
        1,
        3,
        1,
        0,
        0,
        3,
        1,
        3,
        3,
        3,
        1,
        1,
        3,
        0,
        3,
        0,
        0,
        3,
        0,
        1,
        0,
        1,
        1,
        1,
        1,
        0,
        3,
        1,
        1,
        1,
        3,
        0,
        1,
        1,
        1,
        0,
        1,
        0,
        3,
        1,
        1,
        1,
        3,
        1,
        3,
        3,
        1,
        0,
        1,
        3,
        1,
        0,
        1,
        1,
        1,
        1,
        0,
        0,
        3,
        1,
        0,
        3,
        1,
        0,
        1,
        0,
        0,
        1,
        0,
        1,
        3,
        1,
        1,
        1,
        1,
        3,
        1,
        0,
        1,
        1,
        3,
        0,
        1,
        3,
        1,
        1,
        0,
        3,
        1,
        3,
        1,
        0,
        3,
        1,
        0,
        1,
        0,
        3,
        1,
        1,
        1,
        1,
        3,
        1,
        0,
        1,
        3,
        1,
        3,
        3,
        3,
        3,
        3,
        3,
        1,
        0,
        3,
        3,
        1,
        1,
        0,
        0,
        1,
        1,
        1,
        0,
        1,
        3,
        1,
        3,
        1,
        0,
        3,
        1,
