{
    "with_labels": 0,
    "burn_in": 500,
    "thinning": 1,
    "runtime": 449.4030296802521,
    "healthy_ratio": 0.249,
    "max_log_likelihood": -2661.8747305834354,
    "kendalls_tau": 0.23484848484848483,
    "subtype_acc": 0.16241425124740794,
    "n_subtypes": 4,
    "mean_stage_healthy": 0.2931726907630522,
    "ml_subtype": [
        3,
        3,
        3,
        3,
        2,
        3,
        2,
        0,
        3,
        3,
        2,
        3,
        3,
        1,
        2,
        3,
        3,
        3,
        2,
        1,
        0,
        2,
        2,
        2,
        2,
        3,
        2,
        3,
        3,
        3,
        2,
        3,
        0,
        3,
        1,
        3,
        2,
        3,
        2,
        3,
        3,
        2,
        2,
        2,
        2,
        0,
        3,
        0,
        3,
        3,
        1,
        2,
        2,
        3,
        3,
        1,
        2,
        3,
        3,
        3,
        3,
        3,
        1,
        3,
        1,
        1,
        3,
        1,
        2,
        3,
        2,
        3,
        3,
        3,
        0,
        2,
        2,
        3,
        3,
        2,
        2,
        3,
        2,
        2,
        0,
        0,
        3,
        0,
        2,
        3,
        2,
        3,
        2,
        3,
        2,
        3,
        3,
        1,
        0,
        3,
        2,
        2,
        3,
        3,
        3,
        3,
        2,
        2,
        2,
        2,
        3,
        3,
        3,
        1,
        3,
        2,
        3,
        3,
        3,
        3,
        0,
        3,
        3,
        2,
        2,
        2,
        2,
        3,
        3,
        3,
        2,
        3,
        2,
        3,
        3,
        3,
        2,
        3,
        1,
        2,
        3,
        2,
        2,
        3,
        2,
        3,
        3,
        2,
        1,
        2,
        3,
        2,
        0,
        1,
        2,
        3,
        1,
        2,
        2,
        1,
        2,
        0,
        2,
        2,
        1,
        3,
        3,
        2,
        2,
        1,
        3,
        1,
        3,
        2,
        3,
        3,
        3,
        2,
        3,
        2,
        2,
        3,
        3,
        1,
        3,
        3,
        2,
        2,
        1,
        3,
        2,
        3,
        2,
        3,
        1,
        1,
        3,
        2,
        3,
        2,
        1,
        1,
        2,
        2,
        2,
        3,
        2,
        2,
        3,
        3,
        2,
        2,
        0,
        3,
        3,
        3,
        1,
        3,
        2,
        0,
        1,
        3,
        2,
        3,
        1,
        3,
        2,
        2,
        3,
        0,
        3,
        0,
        3,
        0,
        1,
        3,
        0,
        3,
        0,
        3,
        3,
        3,
        3,
        0,
        3,
        1,
        3,
        3,
        3,
        3,
        2,
        3,
        0,
        1,
        3,
        0,
        2,
        3,
        3,
        3,
        0,
        3,
        3,
        0,
        3,
        3,
        3,
        3,
        3,
        3,
        3,
        3,
        3,
        2,
        3,
        3,
        3,
        1,
        3,
        2,
        3,
        3,
        3,
        0,
        0,
        3,
        0,
        3,
        0,
        3,
        3,
        0,
        3,
        3,
        3,
        2,
        3,
        3,
        3,
        3,
        3,
        3,
        3,
        3,
        0,
        3,
        0,
        0,
        2,
        3,
        3,
        0,
        3,
        3,
        3,
        0,
        3,
        0,
        3,
        1,
        3,
        0,
        1,
        3,
        3,
        3,
        2,
        3,
        3,
        3,
        3,
        0,
        0,
        0,
        0,
        0,
        2,
        3,
        3,
        0,
        0,
        3,
        0,
        0,
        0,
        3,
        3,
        3,
        3,
        1,
        3,
        0,
        3,
        3,
        0,
        3,
        3,
        0,
        0,
        3,
        3,
        3,
        3,
        0,
        0,
        3,
        0,
        3,
        3,
        3,
        3,
        3,
        0,
        3,
        3,
        3,
        3,
        3,
        3,
        3,
        3,
        3,
        0,
        3,
        3,
        0,
        3,
        3,
        0,
        3,
        3,
        0,
        3,
        3,
        0,
        3,
        3,
        3,
        3,
        2,
        1,
        0,
        0,
        3,
        3,
        0,
        3,
        3,
        0,
        2,
        3,
        0,
        3,
        0,
        3,
        3,
        3,
        3,
        0,
        1,
        0,
        0,
        3,
        3,
        3,
        3,
        3,
        0,
        3,
        2,
        3,
        3,
        3,
        0,
        3,
        3,
        3,
        3,
        0,
        3,
        3,
        0,
        0,
        3,
        0,
        3,
        3,
        3,
        2,
        3,
        0,
        3,
        3,
        3,
        3,
        3,
        0,
        3,
        0,
        2,
        3,
        3,
        1,
        1,
        3,
        0,
        3,
        0,
        0,
        0,
        1,
        0,
        3,
        1,
        1,
        3,
        1,
        3,
        3,
        2,
        3,
        3,
        3,
        3,
        3,
        0,
        3,
        3,
        3,
        0,
        0,
        3,
        3,
        3,
        3,
        3,
        3,
        3,
        3,
        1,
        2,
        0,
        3,
        3,
        3,
        0,
        0,
        3,
        3,
        3,
        3,
        3,
        3,
        3,
        2,
        3,
        3,
        3,
        3,
        2,
        3,
        1,
        3,
        3,
        3,
        3,
        3,
        3,
        3,
        3,
        0,
        3,
        3,
        3,
        3,
        3,
        0,
        3,
        1,
        3,
        3,
        0,
        3,
        3,
        2,
        3,
        0,
        3,
        0,
        3,
        3,
        3,
        3,
        2,
        0,
        0,
        0,
        3,
        0,
        3,
        3,
        0,
        3,
        3,
        0,
        3,
        0,
        0,
        3,
        3,
        0,
        0,
        3,
        0,
        3,
        3,
        3,
        3,
        3,
        3,
        3,
        1,
        3,
        3,
        3,
        3,
        3,
        3,
        3,
        3,
        3,
        3,
        3,
        3,
        3,
        3,
        3,
        3,
        3,
        3,
        3,
        3,
        3,
        3,
        3,
        3,
        3,
        3,
        3,
        3,
        3,
        3,
        3,
        3,
        2,
        3,
        3,
        3,
        3,
        0,
        3,
        0,
        3,
        3,
        3,
        3,
        3,
        3,
        3,
        3,
        3,
        3,
        3,
        3,
        3,
        1,
        3,
        3,
        3,
        3,
        2,
        3,
        3,
        3,
        3,
        3,
        3,
        3,
        0,
        3,
        3,
        3,
        3,
        3,
        3,
        3,
        3,
        3,
        3,
        3,
        3,
        3,
        3,
        0,
        3,
        3,
        3,
        3,
        3,
        3,
        1,
        3,
        3,
        3,
        3,
        3,
        3,
        3,
        3,
        3,
        3,
        3,
        3,
        3,
        3,
        3,
        3,
        3,
        3,
        3,
        3,
        3,
        3,
        3,
        2,
        3,
