{
    "with_labels": 0,
    "burn_in": 500,
    "thinning": 1,
    "runtime": 346.04119873046875,
    "healthy_ratio": 0.248,
    "max_log_likelihood": -1798.7489614221338,
    "kendalls_tau": 0.3242424242424243,
    "subtype_acc": 0.03418277211759295,
    "n_subtypes": 5,
    "mean_stage_healthy": 1.185483870967742,
    "ml_subtype": [
        2,
        0,
        0,
        0,
        1,
        2,
        1,
        1,
        0,
        2,
        2,
        0,
        0,
        3,
        2,
        0,
        2,
        3,
        0,
        0,
        2,
        0,
        0,
        0,
        0,
        0,
        0,
        0,
        0,
        2,
        3,
        3,
        2,
        0,
        2,
        0,
        2,
        0,
        0,
        0,
        0,
        0,
        0,
        2,
        0,
        3,
        2,
        0,
        4,
        1,
        0,
        0,
        0,
        0,
        0,
        3,
        0,
        4,
        0,
        0,
        4,
        3,
        2,
        0,
        0,
        0,
        0,
        0,
        0,
        2,
        0,
        0,
        0,
        3,
        0,
        4,
        0,
        1,
        0,
        0,
        2,
        0,
        0,
        0,
        2,
        2,
        0,
        0,
        0,
        0,
        0,
        0,
        0,
        0,
        0,
        0,
        2,
        1,
        0,
        4,
        3,
        0,
        0,
        0,
        3,
        3,
        0,
        0,
        0,
        2,
        0,
        0,
        0,
        0,
        2,
        2,
        3,
        4,
        3,
        0,
        0,
        1,
        0,
        0,
        0,
        0,
        2,
        0,
        0,
        2,
        1,
        0,
        0,
        0,
        3,
        0,
        1,
        0,
        0,
        3,
        0,
        0,
        0,
        0,
        0,
        2,
        2,
        2,
        2,
        0,
        0,
        0,
        0,
        0,
        0,
        0,
        0,
        0,
        0,
        0,
        2,
        3,
        0,
        0,
        0,
        0,
        0,
        0,
        0,
        0,
        1,
        0,
        0,
        0,
        0,
        1,
        3,
        3,
        2,
        2,
        0,
        0,
        3,
        0,
        0,
        2,
        2,
        0,
        2,
        0,
        3,
        0,
        0,
        0,
        1,
        3,
        0,
        0,
        0,
        2,
        0,
        0,
        0,
        2,
        0,
        0,
        3,
        0,
        0,
        3,
        1,
        0,
        0,
        0,
        0,
        0,
        0,
        2,
        0,
        2,
        0,
        1,
        0,
        0,
        3,
        0,
        2,
        0,
        0,
        0,
        0,
        0,
        0,
        0,
        0,
        0,
        0,
        2,
        2,
        0,
        2,
        0,
        3,
        0,
        0,
        2,
        0,
        0,
        0,
        0,
        0,
        0,
        3,
        0,
        0,
        2,
        3,
        0,
        1,
        0,
        0,
        2,
        0,
        0,
        2,
        0,
        0,
        0,
        0,
        3,
        2,
        0,
        2,
        3,
        0,
        3,
        0,
        0,
        0,
        0,
        2,
        0,
        0,
        0,
        0,
        2,
        0,
        2,
        2,
        2,
        0,
        0,
        3,
        0,
        0,
        4,
        0,
        0,
        0,
        0,
        0,
        2,
        0,
        0,
        0,
        0,
        0,
        0,
        0,
        0,
        3,
        3,
        0,
        4,
        4,
        0,
        0,
        0,
        0,
        0,
        3,
        2,
        0,
        3,
        2,
        2,
        4,
        4,
        0,
        0,
        0,
        4,
        0,
        2,
        4,
        2,
        4,
        0,
        0,
        0,
        0,
        2,
        0,
        4,
        3,
        0,
        2,
        0,
        4,
        4,
        0,
        0,
        3,
        3,
        3,
        0,
        0,
        0,
        3,
        0,
        2,
        0,
        3,
        0,
        0,
        0,
        2,
        2,
        3,
        0,
        0,
        3,
        3,
        2,
        0,
        0,
        0,
        3,
        3,
        2,
        4,
        2,
        3,
        2,
        0,
        2,
        3,
        4,
        3,
        0,
        0,
        3,
        0,
        3,
        3,
        2,
        0,
        2,
        0,
        4,
        0,
        0,
        0,
        4,
        0,
        0,
        0,
        2,
        0,
        0,
        0,
        0,
        4,
        4,
        0,
        0,
        0,
        0,
        0,
        3,
        2,
        2,
        0,
        0,
        3,
        0,
        2,
        0,
        0,
        4,
        3,
        0,
        2,
        0,
        0,
        2,
        3,
        4,
        0,
        2,
        4,
        0,
        4,
        2,
        0,
        0,
        3,
        0,
        3,
        0,
        3,
        0,
        2,
        2,
        0,
        4,
        0,
        2,
        0,
        0,
        0,
        0,
        3,
        0,
        0,
        0,
        0,
        0,
        3,
        0,
        2,
        0,
        0,
        0,
        0,
        0,
        3,
        0,
        3,
        1,
        0,
        2,
        0,
        2,
        2,
        4,
        0,
        0,
        0,
        0,
        0,
        0,
        2,
        0,
        0,
        1,
        0,
        0,
        0,
        0,
        0,
        0,
        2,
        2,
        3,
        3,
        3,
        2,
        3,
        0,
        0,
        1,
        2,
        2,
        0,
        2,
        3,
        0,
        3,
        1,
        3,
        0,
        0,
        0,
        0,
        2,
        0,
        1,
        3,
        3,
        2,
        2,
        3,
        0,
        2,
        2,
        0,
        3,
        0,
        3,
        4,
        3,
        3,
        0,
        2,
        2,
        2,
        0,
        0,
        3,
        0,
        0,
        0,
        0,
        2,
        3,
        2,
        0,
        3,
        2,
        0,
        0,
        3,
        0,
        0,
        4,
        0,
        0,
        0,
        3,
        0,
        0,
        0,
        2,
        2,
        0,
        0,
        2,
        3,
        0,
        2,
        3,
        0,
        2,
        3,
        2,
        3,
        3,
        3,
        0,
        0,
        0,
        0,
        3,
        0,
        2,
        0,
        0,
        0,
        3,
        0,
        0,
        2,
        0,
        3,
        4,
        3,
        0,
        2,
        3,
        0,
        0,
        2,
        0,
        2,
        2,
        3,
        0,
        2,
        1,
        2,
        0,
        3,
        0,
        0,
        0,
        2,
        3,
        0,
        1,
        2,
        1,
        1,
        1,
        0,
        2,
        0,
        0,
        1,
        3,
        0,
        0,
        0,
        0,
        0,
        1,
        3,
        0,
        0,
        0,
        0,
        3,
        1,
        0,
        0,
        0,
        1,
        0,
        0,
        0,
        0,
        2,
        3,
        0,
        2,
        2,
        1,
        0,
        3,
        0,
        2,
        0,
        0,
        0,
        0,
        3,
        0,
        4,
        1,
        0,
        0,
        2,
        0,
        4,
        0,
        0,
        0,
        1,
        0,
        2,
        1,
        2,
        0,
        3,
        0,
        0,
