{
    "with_labels": 0,
    "burn_in": 500,
    "thinning": 1,
    "runtime": 365.06581473350525,
    "healthy_ratio": 0.5,
    "max_log_likelihood": 1686.7115028984347,
    "kendalls_tau": 0.22222222222222224,
    "subtype_acc": 0.4070625895788805,
    "n_subtypes": 3,
    "mean_stage_healthy": 0.018,
    "ml_subtype": [
        1,
        1,
        0,
        1,
        1,
        1,
        1,
        0,
        1,
        1,
        0,
        1,
        0,
        0,
        0,
        0,
        1,
        0,
        0,
        0,
        0,
        0,
        0,
        0,
        1,
        0,
        1,
        1,
        0,
        1,
        0,
        0,
        1,
        0,
        0,
        1,
        0,
        1,
        0,
        1,
        0,
        0,
        1,
        0,
        0,
        1,
        1,
        0,
        1,
        0,
        0,
        1,
        0,
        0,
        0,
        1,
        1,
        1,
        1,
        0,
        1,
        0,
        0,
        0,
        1,
        0,
        0,
        1,
        0,
        0,
        0,
        1,
        1,
        0,
        0,
        2,
        0,
        0,
        1,
        0,
        1,
        0,
        0,
        0,
        1,
        1,
        0,
        0,
        0,
        1,
        1,
        0,
        0,
        0,
        0,
        1,
        0,
        0,
        0,
        0,
        0,
        0,
        1,
        0,
        0,
        1,
        0,
        1,
        1,
        1,
        1,
        0,
        0,
        0,
        0,
        1,
        0,
        1,
        1,
        0,
        0,
        2,
        0,
        1,
        0,
        1,
        0,
        0,
        0,
        1,
        0,
        1,
        1,
        0,
        0,
        1,
        1,
        1,
        0,
        1,
        0,
        0,
        0,
        0,
        0,
        0,
        0,
        0,
        0,
        1,
        0,
        0,
        0,
        0,
        0,
        0,
        0,
        1,
        0,
        1,
        0,
        0,
        0,
        1,
        0,
        0,
        1,
        1,
        0,
        1,
        0,
        0,
        0,
        0,
        0,
        1,
        0,
        0,
        0,
        1,
        1,
        1,
        0,
        0,
        0,
        0,
        1,
        0,
        0,
        1,
        0,
        1,
        1,
        0,
        0,
        0,
        0,
        1,
        0,
        0,
        1,
        0,
        1,
        0,
        0,
        1,
        0,
        1,
        1,
        1,
        0,
        0,
        0,
        0,
        1,
        1,
        0,
        0,
        0,
        1,
        0,
        0,
        0,
        0,
        1,
        1,
        0,
        1,
        0,
        1,
        1,
        0,
        0,
        1,
        1,
        0,
        0,
        0,
        0,
        1,
        1,
        1,
        0,
        1,
        0,
        1,
        1,
        1,
        0,
        1,
        0,
        1,
        0,
        0,
        1,
        1,
        0,
        0,
        1,
        0,
        0,
        0,
        0,
        0,
        0,
        1,
        0,
        1,
        0,
        1,
        0,
        0,
        1,
        0,
        1,
        0,
        0,
        1,
        0,
        0,
        1,
        1,
        0,
        0,
        0,
        0,
        0,
        1,
        1,
        0,
        0,
        0,
        1,
        1,
        1,
        0,
        0,
        0,
        0,
        1,
        1,
        0,
        1,
        1,
        1,
        0,
        0,
        0,
        1,
        1,
        0,
        1,
        0,
        0,
        0,
        1,
        0,
        0,
        0,
        2,
        1,
        1,
        0,
        1,
        1,
        0,
        1,
        0,
        0,
        2,
        1,
        0,
        1,
        0,
        0,
        1,
        1,
        1,
        1,
        0,
        0,
        1,
        0,
        0,
        0,
        0,
        0,
        0,
        0,
        0,
        0,
        2,
        0,
        0,
        0,
        1,
        2,
        0,
        0,
        0,
        0,
        2,
        2,
        2,
        2,
        0,
        2,
        0,
        2,
        2,
        0,
        1,
        2,
        0,
        0,
        0,
        0,
        0,
        0,
        2,
        2,
        2,
        0,
        2,
        0,
        0,
        2,
        2,
        2,
        1,
        2,
        0,
        0,
        2,
        0,
        0,
        0,
        2,
        2,
        0,
        0,
        0,
        0,
        0,
        0,
        0,
        2,
        0,
        2,
        1,
        0,
        0,
        0,
        2,
        2,
        0,
        0,
        0,
        0,
        2,
        2,
        2,
        0,
        2,
        0,
        0,
        1,
        2,
        0,
        2,
        2,
        0,
        2,
        0,
        0,
        0,
        1,
        1,
        0,
        2,
        0,
        1,
        0,
        2,
        0,
        0,
        2,
        1,
        2,
        0,
        1,
        2,
        2,
        2,
        0,
        0,
        2,
        0,
        0,
        0,
        0,
        2,
        0,
        1,
        0,
        1,
        0,
        0,
        2,
        2,
        0,
        2,
        2,
        2,
        2,
        2,
        0,
        0,
        2,
        0,
        1,
        0,
        2,
        0,
        2,
        2,
        2,
        0,
        0,
        0,
        0,
        2,
        0,
        2,
        2,
        0,
        0,
        2,
        0,
        2,
        0,
        0,
        0,
        2,
        0,
        2,
        2,
        2,
        0,
        0,
        0,
        0,
        0,
        1,
        0,
        0,
        0,
        2,
        2,
        0,
        2,
        0,
        0,
        2,
        0,
        0,
        0,
        0,
        0,
        0,
        0,
        0,
        2,
        0,
        2,
        0,
        0,
        0,
        0,
        0,
        2,
        2,
        0,
        2,
        2,
        0,
        0,
        2,
        0,
        2,
        2,
        2,
        0,
        0,
        2,
        0,
        0,
        2,
        2,
        0,
        0,
        2,
        0,
        0,
        0,
        0,
        0,
        0,
        0,
        2,
        0,
        0,
        0,
        2,
        2,
        0,
        0,
        2,
        0,
        2,
        0,
        0,
        0,
        0,
        0,
        0,
        0,
        2,
        0,
        0,
        0,
        2,
        2,
        0,
        1,
        1,
        2,
        2,
        0,
        0,
        2,
        0,
        2,
        2,
        0,
        2,
        0,
        2,
        0,
        0,
        0,
        2,
        0,
        0,
        0,
        0,
        2,
        0,
        2,
        2,
        2,
        2,
        0,
        2,
        0,
        0,
        2,
        0,
        2,
        2,
        0,
        0,
        0,
        2,
        0,
        0,
        0,
        1,
        0,
        0,
        0,
        2,
        0,
        0,
        0,
        1,
        0,
        0,
        0,
        0,
        0,
        1,
        0,
        1,
        0,
        0,
        0,
        0,
        0,
        0,
        0,
        0,
        0,
        0,
        0,
        0,
        1,
        0,
        0,
        0,
        0,
        0,
        1,
        0,
        2,
        1,
        0,
        0,
        0,
        0,
        0,
        0,
        1,
        0,
        0,
        0,
        0,
        1,
        0,
        0,
        0,
        0,
        0,
        0,
        0,
        0,
        0,
