{
    "with_labels": 0,
    "burn_in": 500,
    "thinning": 1,
    "runtime": 336.6917188167572,
    "healthy_ratio": 0.5,
    "max_log_likelihood": -1841.7806132436863,
    "kendalls_tau": 0.3939393939393939,
    "subtype_acc": 0.1625909808687827,
    "n_subtypes": 5,
    "mean_stage_healthy": 0.25,
    "ml_subtype": [
        4,
        2,
        2,
        2,
        2,
        4,
        0,
        0,
        0,
        0,
        0,
        0,
        0,
        4,
        4,
        2,
        0,
        2,
        0,
        3,
        2,
        4,
        2,
        4,
        0,
        2,
        2,
        0,
        0,
        3,
        0,
        0,
        0,
        0,
        4,
        4,
        0,
        2,
        4,
        2,
        0,
        2,
        4,
        0,
        2,
        4,
        0,
        3,
        2,
        0,
        0,
        3,
        3,
        0,
        0,
        0,
        2,
        3,
        4,
        0,
        0,
        0,
        0,
        0,
        0,
        0,
        0,
        0,
        2,
        3,
        0,
        0,
        0,
        0,
        0,
        4,
        0,
        0,
        0,
        0,
        3,
        2,
        4,
        0,
        3,
        4,
        0,
        0,
        1,
        2,
        0,
        0,
        2,
        0,
        2,
        4,
        0,
        0,
        4,
        0,
        3,
        0,
        4,
        0,
        4,
        0,
        4,
        2,
        2,
        0,
        2,
        0,
        0,
        4,
        0,
        0,
        0,
        3,
        2,
        2,
        0,
        2,
        0,
        0,
        0,
        0,
        4,
        2,
        0,
        0,
        2,
        2,
        0,
        2,
        0,
        0,
        0,
        0,
        2,
        0,
        0,
        4,
        0,
        0,
        0,
        2,
        1,
        0,
        2,
        0,
        2,
        0,
        2,
        2,
        2,
        1,
        2,
        0,
        0,
        2,
        2,
        2,
        0,
        0,
        0,
        0,
        2,
        0,
        1,
        2,
        0,
        0,
        0,
        0,
        0,
        0,
        0,
        2,
        0,
        0,
        0,
        2,
        3,
        0,
        1,
        1,
        0,
        1,
        0,
        0,
        0,
        2,
        2,
        0,
        2,
        0,
        0,
        0,
        0,
        0,
        0,
        4,
        0,
        0,
        2,
        2,
        0,
        0,
        0,
        3,
        0,
        4,
        3,
        0,
        3,
        0,
        0,
        3,
        0,
        0,
        0,
        0,
        0,
        0,
        0,
        0,
        0,
        2,
        0,
        0,
        0,
        3,
        3,
        1,
        0,
        0,
        3,
        0,
        3,
        2,
        3,
        3,
        0,
        0,
        0,
        0,
        0,
        0,
        0,
        0,
        0,
        0,
        0,
        3,
        0,
        4,
        0,
        0,
        0,
        0,
        0,
        0,
        0,
        2,
        0,
        0,
        0,
        0,
        0,
        0,
        0,
        0,
        3,
        0,
        2,
        0,
        3,
        0,
        3,
        0,
        0,
        0,
        0,
        0,
        0,
        3,
        0,
        3,
        0,
        0,
        0,
        0,
        3,
        0,
        0,
        3,
        0,
        0,
        3,
        3,
        0,
        3,
        0,
        0,
        0,
        3,
        2,
        0,
        0,
        3,
        3,
        4,
        3,
        0,
        0,
        0,
        0,
        0,
        0,
        3,
        3,
        0,
        2,
        0,
        0,
        2,
        3,
        3,
        0,
        3,
        0,
        0,
        3,
        0,
        0,
        0,
        3,
        3,
        2,
        4,
        0,
        3,
        3,
        0,
        0,
        4,
        2,
        0,
        0,
        0,
        0,
        0,
        3,
        0,
        3,
        0,
        3,
        0,
        0,
        0,
        3,
        0,
        0,
        4,
        0,
        0,
        4,
        4,
        0,
        3,
        0,
        3,
        0,
        0,
        3,
        3,
        0,
        0,
        0,
        0,
        3,
        0,
        0,
        0,
        3,
        3,
        0,
        0,
        0,
        0,
        0,
        0,
        3,
        0,
        0,
        3,
        0,
        3,
        0,
        0,
        0,
        4,
        0,
        0,
        0,
        3,
        0,
        3,
        3,
        0,
        1,
        3,
        3,
        3,
        0,
        4,
        3,
        0,
        0,
        3,
        0,
        3,
        4,
        3,
        0,
        0,
        4,
        0,
        3,
        3,
        0,
        3,
        0,
        0,
        0,
        0,
        3,
        0,
        2,
        3,
        0,
        0,
        0,
        0,
        0,
        0,
        3,
        3,
        0,
        0,
        0,
        0,
        0,
        3,
        0,
        0,
        0,
        2,
        3,
        0,
        2,
        0,
        3,
        0,
        0,
        0,
        0,
        3,
        0,
        3,
        0,
        3,
        3,
        0,
        3,
        3,
        0,
        0,
        0,
        0,
        0,
        0,
        0,
        3,
        2,
        3,
        3,
        2,
        0,
        0,
        3,
        3,
        3,
        2,
        0,
        0,
        0,
        0,
        3,
        0,
        3,
        3,
        3,
        3,
        0,
        3,
        3,
        3,
        0,
        3,
        0,
        0,
        3,
        0,
        3,
        0,
        0,
        0,
        3,
        3,
        0,
        0,
        0,
        0,
        0,
        0,
        0,
        3,
        0,
        0,
        3,
        3,
        0,
        3,
        3,
        3,
        0,
        3,
        0,
        0,
        0,
        0,
        3,
        0,
        0,
        3,
        3,
        3,
        0,
        2,
        0,
        0,
        3,
        4,
        0,
        0,
        0,
        3,
        0,
        0,
        3,
        0,
        0,
        0,
        0,
        0,
        3,
        3,
        0,
        0,
        3,
        0,
        0,
        0,
        0,
        0,
        2,
        0,
        0,
        3,
        0,
        3,
        3,
        0,
        3,
        0,
        0,
        0,
        3,
        0,
        3,
        0,
        0,
        4,
        0,
        3,
        0,
        0,
        0,
        3,
        3,
        0,
        0,
        0,
        3,
        0,
        3,
        0,
        0,
        3,
        0,
        0,
        3,
        0,
        3,
        0,
        0,
        0,
        0,
        4,
        2,
        0,
        0,
        0,
        0,
        0,
        3,
        0,
        0,
        0,
        4,
        3,
        3,
        0,
        0,
        3,
        0,
        0,
        0,
        0,
        3,
        0,
        3,
        3,
        3,
        0,
        0,
        0,
        0,
        0,
        3,
        0,
        0,
        0,
        3,
        0,
        0,
        3,
        0,
        0,
        3,
        4,
        3,
        0,
        0,
        0,
        0,
        0,
        3,
        0,
        0,
        2,
        0,
        2,
        0,
        0,
        0,
        0,
        4,
        0,
        0,
        0,
        0,
        0,
        4,
        0,
        3,
        0,
        0,
        0,
        3,
        0,
        0,
        3,
        3,
        0,
        3,
        0,
