{
    "with_labels": 0,
    "burn_in": 500,
    "thinning": 1,
    "runtime": 279.5185453891754,
    "healthy_ratio": 0.5,
    "max_log_likelihood": 1302.7650068767127,
    "kendalls_tau": 0.46590909090909094,
    "subtype_acc": 0.23670932077843534,
    "n_subtypes": 4,
    "mean_stage_healthy": 0.04,
    "ml_subtype": [
        3,
        1,
        3,
        3,
        2,
        3,
        1,
        3,
        3,
        3,
        1,
        1,
        1,
        1,
        3,
        1,
        1,
        1,
        3,
        3,
        3,
        1,
        3,
        1,
        1,
        0,
        1,
        3,
        1,
        3,
        3,
        3,
        3,
        0,
        3,
        1,
        3,
        1,
        3,
        3,
        3,
        2,
        3,
        1,
        1,
        3,
        1,
        3,
        1,
        1,
        1,
        1,
        1,
        3,
        1,
        1,
        1,
        2,
        2,
        3,
        1,
        3,
        3,
        3,
        3,
        1,
        3,
        3,
        1,
        1,
        1,
        2,
        1,
        1,
        1,
        1,
        1,
        1,
        1,
        3,
        1,
        1,
        1,
        1,
        1,
        3,
        1,
        1,
        1,
        3,
        1,
        3,
        1,
        1,
        3,
        1,
        1,
        3,
        3,
        3,
        3,
        3,
        3,
        2,
        1,
        3,
        1,
        1,
        3,
        1,
        3,
        3,
        1,
        3,
        1,
        3,
        1,
        1,
        3,
        1,
        3,
        1,
        3,
        3,
        1,
        3,
        3,
        1,
        1,
        1,
        3,
        3,
        3,
        1,
        3,
        1,
        1,
        2,
        1,
        3,
        1,
        3,
        3,
        1,
        3,
        1,
        3,
        3,
        1,
        2,
        3,
        3,
        2,
        1,
        1,
        3,
        3,
        1,
        1,
        3,
        1,
        3,
        3,
        3,
        1,
        1,
        3,
        3,
        3,
        1,
        3,
        3,
        1,
        1,
        3,
        1,
        3,
        1,
        3,
        1,
        1,
        3,
        2,
        1,
        1,
        1,
        1,
        3,
        1,
        1,
        1,
        2,
        3,
        1,
        1,
        2,
        1,
        3,
        1,
        3,
        2,
        3,
        1,
        3,
        3,
        3,
        1,
        2,
        1,
        3,
        1,
        3,
        1,
        1,
        3,
        3,
        3,
        3,
        3,
        3,
        3,
        0,
        2,
        3,
        3,
        3,
        1,
        1,
        1,
        3,
        1,
        3,
        1,
        3,
        1,
        3,
        3,
        3,
        1,
        3,
        3,
        3,
        2,
        1,
        1,
        1,
        1,
        1,
        1,
        2,
        3,
        1,
        1,
        1,
        1,
        1,
        1,
        3,
        3,
        3,
        2,
        1,
        2,
        1,
        2,
        1,
        1,
        1,
        1,
        3,
        1,
        3,
        0,
        3,
        1,
        1,
        1,
        1,
        3,
        3,
        1,
        1,
        3,
        3,
        3,
        3,
        1,
        3,
        1,
        3,
        3,
        1,
        3,
        1,
        1,
        3,
        1,
        1,
        3,
        1,
        1,
        1,
        3,
        1,
        1,
        1,
        3,
        1,
        1,
        3,
        3,
        1,
        3,
        2,
        2,
        3,
        1,
        2,
        0,
        1,
        1,
        1,
        3,
        1,
        0,
        3,
        2,
        1,
        1,
        1,
        1,
        3,
        1,
        1,
        1,
        3,
        0,
        1,
        3,
        1,
        1,
        1,
        3,
        0,
        1,
        1,
        1,
        3,
        1,
        0,
        1,
        2,
        3,
        3,
        3,
        1,
        1,
        1,
        3,
        3,
        0,
        1,
        1,
        0,
        3,
        1,
        0,
        0,
        1,
        3,
        3,
        3,
        1,
        3,
        1,
        0,
        1,
        2,
        1,
        1,
        3,
        1,
        3,
        3,
        1,
        1,
        3,
        3,
        1,
        1,
        3,
        1,
        1,
        3,
        3,
        1,
        1,
        1,
        3,
        1,
        0,
        1,
        1,
        3,
        1,
        1,
        0,
        1,
        3,
        3,
        3,
        1,
        1,
        3,
        1,
        3,
        3,
        1,
        1,
        1,
        1,
        3,
        1,
        1,
        3,
        3,
        3,
        1,
        1,
        1,
        1,
        1,
        3,
        1,
        3,
        1,
        3,
        1,
        1,
        3,
        1,
        1,
        2,
        1,
        3,
        3,
        0,
        3,
        1,
        1,
        3,
        1,
        3,
        1,
        1,
        1,
        1,
        3,
        1,
        0,
        1,
        3,
        1,
        1,
        1,
        3,
        1,
        0,
        1,
        3,
        1,
        3,
        3,
        1,
        3,
        3,
        1,
        1,
        1,
        1,
        1,
        3,
        3,
        1,
        3,
        1,
        3,
        1,
        1,
        1,
        1,
        3,
        1,
        3,
        1,
        2,
        1,
        1,
        1,
        1,
        1,
        1,
        1,
        1,
        1,
        1,
        1,
        1,
        2,
        1,
        1,
        1,
        2,
        1,
        1,
        1,
        1,
        1,
        1,
        1,
        3,
        1,
        1,
        0,
        1,
        1,
        2,
        1,
        2,
        1,
        1,
        2,
        1,
        1,
        1,
        2,
        3,
        1,
        1,
        2,
        1,
        0,
        1,
        1,
        1,
        1,
        1,
        1,
        3,
        1,
        3,
        3,
        1,
        1,
        1,
        2,
        1,
        1,
        1,
        3,
        1,
        1,
        0,
        1,
        1,
        1,
        1,
        3,
        1,
        1,
        1,
        1,
        1,
        1,
        1,
        1,
        1,
        2,
        1,
        1,
        1,
        1,
        1,
        1,
        1,
        1,
        0,
        1,
        1,
        1,
        1,
        3,
        1,
        1,
        1,
        1,
        1,
        2,
        1,
        1,
        3,
        1,
        0,
        1,
        1,
        1,
        1,
        1,
        0,
        1,
        0,
        1,
        1,
        1,
        1,
        1,
        1,
        1,
        1,
        1,
        1,
        1,
        1,
        1,
        1,
        1,
        1,
        1,
        1,
        1,
        1,
        1,
        1,
        1,
        0,
        1,
        1,
        1,
        1,
        1,
        1,
        3,
        1,
        1,
        1,
        1,
        0,
        1,
        1,
        1,
        1,
        1,
        1,
        1,
        1,
        1,
        1,
        1,
        1,
        1,
        1,
        1,
        1,
        1,
        1,
        1,
        1,
        1,
        0,
        1,
        1,
        1,
        1,
        1,
        1,
        1,
        1,
        1,
        3,
        1,
        1,
        1,
        1,
        1,
        1,
        1,
        1,
        1,
        1,
        1,
        1,
        1,
        1,
        1,
        1,
        1,
        1,
