{
    "with_labels": 0,
    "burn_in": 500,
    "thinning": 1,
    "runtime": 282.4677939414978,
    "healthy_ratio": 0.75,
    "max_log_likelihood": -256.31278403854833,
    "kendalls_tau": 0.28787878787878785,
    "subtype_acc": 0.13436592207015008,
    "n_subtypes": 4,
    "mean_stage_healthy": 0.9573333333333334,
    "ml_subtype": [
        0,
        0,
        1,
        1,
        1,
        1,
        1,
        1,
        2,
        2,
        1,
        1,
        1,
        1,
        2,
        1,
        2,
        0,
        1,
        0,
        1,
        0,
        1,
        2,
        2,
        1,
        2,
        2,
        1,
        0,
        2,
        1,
        1,
        1,
        0,
        1,
        2,
        0,
        1,
        3,
        0,
        0,
        0,
        1,
        0,
        2,
        2,
        0,
        0,
        0,
        1,
        1,
        1,
        0,
        1,
        2,
        0,
        2,
        1,
        0,
        2,
        0,
        2,
        2,
        0,
        1,
        1,
        1,
        2,
        1,
        1,
        1,
        2,
        1,
        1,
        2,
        1,
        0,
        0,
        1,
        0,
        0,
        0,
        2,
        1,
        0,
        0,
        1,
        0,
        1,
        2,
        0,
        0,
        1,
        1,
        0,
        1,
        0,
        0,
        2,
        1,
        0,
        0,
        0,
        1,
        1,
        2,
        2,
        1,
        0,
        1,
        1,
        1,
        0,
        1,
        1,
        1,
        2,
        0,
        1,
        1,
        1,
        0,
        1,
        2,
        0,
        1,
        1,
        1,
        0,
        1,
        1,
        2,
        1,
        2,
        1,
        1,
        2,
        0,
        0,
        0,
        1,
        2,
        0,
        1,
        1,
        1,
        2,
        1,
        0,
        0,
        0,
        2,
        2,
        0,
        2,
        2,
        0,
        0,
        0,
        1,
        1,
        1,
        1,
        1,
        2,
        1,
        1,
        0,
        0,
        2,
        0,
        1,
        1,
        1,
        1,
        1,
        0,
        1,
        1,
        0,
        1,
        0,
        1,
        0,
        1,
        1,
        0,
        0,
        1,
        1,
        3,
        2,
        1,
        0,
        1,
        2,
        0,
        1,
        1,
        1,
        0,
        1,
        1,
        1,
        0,
        0,
        1,
        1,
        0,
        1,
        1,
        1,
        0,
        0,
        2,
        0,
        1,
        1,
        1,
        1,
        1,
        0,
        2,
        0,
        0,
        1,
        1,
        2,
        0,
        1,
        1,
        1,
        0,
        2,
        0,
        2,
        0,
        2,
        1,
        0,
        0,
        2,
        1,
        1,
        1,
        2,
        0,
        1,
        1,
        1,
        1,
        0,
        1,
        2,
        2,
        0,
        1,
        0,
        0,
        1,
        1,
        2,
        0,
        0,
        1,
        1,
        1,
        0,
        0,
        1,
        2,
        1,
        0,
        0,
        1,
        1,
        2,
        0,
        1,
        2,
        1,
        1,
        0,
        1,
        1,
        1,
        1,
        0,
        1,
        1,
        1,
        0,
        1,
        0,
        0,
        0,
        0,
        1,
        0,
        2,
        1,
        0,
        1,
        1,
        1,
        0,
        1,
        0,
        0,
        2,
        1,
        1,
        0,
        1,
        1,
        2,
        0,
        0,
        1,
        1,
        1,
        0,
        1,
        1,
        0,
        0,
        1,
        0,
        0,
        0,
        1,
        0,
        1,
        0,
        0,
        0,
        1,
        1,
        1,
        0,
        1,
        1,
        0,
        1,
        0,
        0,
        0,
        2,
        0,
        1,
        1,
        1,
        1,
        1,
        1,
        1,
        0,
        1,
        0,
        1,
        0,
        0,
        0,
        0,
        1,
        1,
        2,
        1,
        1,
        0,
        0,
        1,
        1,
        1,
        1,
        1,
        0,
        0,
        0,
        1,
        1,
        0,
        0,
        1,
        0,
        0,
        1,
        0,
        1,
        0,
        0,
        1,
        0,
        0,
        1,
        0,
        1,
        2,
        1,
        1,
        0,
        1,
        0,
        0,
        1,
        1,
        1,
        0,
        1,
        1,
        1,
        0,
        3,
        0,
        0,
        1,
        1,
        1,
        2,
        0,
        1,
        1,
        1,
        2,
        0,
        0,
        1,
        1,
        1,
        0,
        0,
        0,
        0,
        0,
        1,
        0,
        1,
        1,
        1,
        1,
        2,
        0,
        1,
        1,
        0,
        0,
        0,
        0,
        1,
        1,
        1,
        1,
        1,
        2,
        0,
        0,
        0,
        1,
        1,
        0,
        1,
        0,
        1,
        0,
        0,
        1,
        1,
        0,
        1,
        3,
        1,
        0,
        0,
        1,
        1,
        0,
        0,
        1,
        1,
        1,
        0,
        1,
        1,
        0,
        0,
        2,
        0,
        0,
        1,
        1,
        1,
        0,
        1,
        0,
        0,
        0,
        1,
        0,
        0,
        0,
        1,
        0,
        1,
        1,
        1,
        0,
        0,
        0,
        0,
        0,
        0,
        2,
        0,
        0,
        1,
        1,
        0,
        1,
        1,
        0,
        1,
        1,
        0,
        1,
        0,
        1,
        0,
        1,
        0,
        1,
        0,
        0,
        1,
        0,
        1,
        0,
        1,
        1,
        1,
        1,
        0,
        1,
        1,
        1,
        0,
        0,
        1,
        1,
        0,
        1,
        1,
        0,
        0,
        0,
        1,
        1,
        2,
        0,
        0,
        1,
        1,
        0,
        0,
        1,
        1,
        0,
        0,
        0,
        1,
        1,
        1,
        1,
        1,
        2,
        1,
        1,
        0,
        1,
        0,
        1,
        2,
        1,
        1,
        1,
        1,
        0,
        1,
        0,
        0,
        3,
        1,
        1,
        1,
        0,
        1,
        2,
        1,
        1,
        1,
        1,
        0,
        1,
        1,
        0,
        1,
        1,
        2,
        1,
        1,
        1,
        1,
        2,
        1,
        0,
        1,
        0,
        0,
        1,
        0,
        0,
        1,
        1,
        2,
        0,
        1,
        1,
        0,
        1,
        1,
        1,
        0,
        2,
        2,
        0,
        0,
        1,
        2,
        1,
        1,
        0,
        1,
        1,
        3,
        2,
        1,
        1,
        0,
        1,
        0,
        2,
        0,
        1,
        0,
        0,
        0,
        0,
        2,
        1,
        0,
        0,
        1,
        1,
        1,
        1,
        2,
        0,
        1,
        1,
        2,
        1,
        1,
        0,
        0,
        1,
        2,
        1,
        1,
        0,
        1,
        0,
        0,
        1,
        1,
        1,
        2,
        1,
        1,
        0,
        2,
        0,
        1,
        1,
        3,
        0,
        0,
