{
    "with_labels": 0,
    "burn_in": 500,
    "thinning": 1,
    "runtime": 281.2463057041168,
    "healthy_ratio": 0.249,
    "max_log_likelihood": -2453.5772749393873,
    "kendalls_tau": 0.29166666666666663,
    "subtype_acc": 0.22798942022503288,
    "n_subtypes": 4,
    "mean_stage_healthy": 0.13253012048192772,
    "ml_subtype": [
        2,
        2,
        2,
        3,
        2,
        2,
        2,
        1,
        1,
        3,
        2,
        2,
        3,
        2,
        2,
        2,
        2,
        2,
        2,
        2,
        2,
        2,
        2,
        3,
        2,
        2,
        2,
        2,
        0,
        2,
        3,
        2,
        2,
        2,
        2,
        2,
        2,
        3,
        2,
        2,
        2,
        2,
        2,
        2,
        2,
        1,
        2,
        2,
        3,
        2,
        0,
        2,
        1,
        2,
        2,
        2,
        2,
        2,
        2,
        2,
        2,
        3,
        2,
        1,
        2,
        2,
        2,
        3,
        2,
        0,
        2,
        2,
        2,
        2,
        2,
        1,
        2,
        1,
        2,
        2,
        2,
        3,
        2,
        2,
        2,
        2,
        2,
        3,
        3,
        2,
        2,
        2,
        3,
        1,
        3,
        2,
        2,
        2,
        2,
        2,
        1,
        2,
        0,
        1,
        1,
        2,
        2,
        2,
        1,
        2,
        3,
        3,
        1,
        2,
        2,
        1,
        1,
        2,
        2,
        2,
        2,
        2,
        2,
        1,
        2,
        2,
        2,
        3,
        2,
        2,
        2,
        2,
        2,
        2,
        2,
        1,
        1,
        2,
        2,
        2,
        2,
        2,
        2,
        2,
        2,
        2,
        2,
        2,
        2,
        2,
        3,
        1,
        2,
        2,
        2,
        3,
        2,
        2,
        2,
        2,
        2,
        3,
        2,
        2,
        2,
        2,
        1,
        2,
        0,
        2,
        2,
        1,
        1,
        2,
        2,
        0,
        2,
        2,
        2,
        2,
        2,
        2,
        2,
        2,
        3,
        0,
        0,
        3,
        3,
        1,
        2,
        0,
        1,
        1,
        3,
        2,
        2,
        2,
        2,
        2,
        2,
        3,
        2,
        1,
        2,
        2,
        2,
        2,
        1,
        2,
        1,
        3,
        2,
        2,
        2,
        2,
        0,
        2,
        2,
        2,
        2,
        2,
        2,
        2,
        2,
        2,
        2,
        2,
        2,
        2,
        1,
        3,
        2,
        2,
        2,
        2,
        2,
        2,
        2,
        2,
        2,
        2,
        1,
        2,
        1,
        1,
        2,
        3,
        2,
        2,
        2,
        2,
        2,
        2,
        2,
        1,
        2,
        3,
        3,
        2,
        2,
        2,
        2,
        1,
        3,
        2,
        2,
        2,
        2,
        2,
        1,
        2,
        2,
        2,
        3,
        2,
        2,
        2,
        3,
        3,
        3,
        2,
        1,
        2,
        2,
        2,
        2,
        2,
        2,
        2,
        2,
        2,
        2,
        2,
        1,
        2,
        3,
        2,
        2,
        1,
        2,
        2,
        2,
        2,
        2,
        3,
        3,
        2,
        2,
        3,
        2,
        0,
        3,
        3,
        3,
        0,
        3,
        2,
        3,
        2,
        3,
        2,
        3,
        3,
        3,
        2,
        3,
        0,
        0,
        0,
        2,
        2,
        3,
        2,
        2,
        0,
        3,
        3,
        3,
        2,
        3,
        3,
        2,
        3,
        3,
        3,
        3,
        3,
        2,
        2,
        3,
        3,
        2,
        2,
        3,
        3,
        2,
        2,
        3,
        2,
        2,
        3,
        2,
        2,
        2,
        2,
        3,
        3,
        2,
        2,
        3,
        3,
        3,
        3,
        0,
        3,
        3,
        3,
        3,
        3,
        2,
        3,
        3,
        2,
        2,
        0,
        2,
        3,
        3,
        3,
        3,
        2,
        2,
        2,
        2,
        3,
        3,
        3,
        2,
        2,
        2,
        3,
        3,
        3,
        3,
        2,
        2,
        3,
        3,
        3,
        3,
        2,
        3,
        3,
        3,
        3,
        2,
        3,
        2,
        2,
        2,
        3,
        2,
        3,
        2,
        2,
        2,
        3,
        2,
        3,
        2,
        3,
        3,
        3,
        3,
        3,
        3,
        1,
        0,
        2,
        2,
        3,
        3,
        2,
        3,
        3,
        3,
        3,
        3,
        3,
        3,
        2,
        3,
        2,
        3,
        3,
        2,
        2,
        2,
        3,
        3,
        2,
        2,
        3,
        2,
        2,
        0,
        3,
        3,
        3,
        3,
        3,
        3,
        2,
        3,
        3,
        3,
        3,
        1,
        3,
        3,
        2,
        3,
        3,
        3,
        3,
        3,
        2,
        3,
        3,
        2,
        3,
        3,
        0,
        2,
        3,
        3,
        3,
        2,
        3,
        3,
        3,
        3,
        2,
        0,
        3,
        2,
        3,
        2,
        2,
        2,
        3,
        3,
        3,
        2,
        2,
        2,
        2,
        3,
        3,
        2,
        3,
        3,
        2,
        3,
        2,
        3,
        3,
        3,
        2,
        2,
        3,
        3,
        3,
        3,
        3,
        3,
        2,
        3,
        3,
        2,
        3,
        3,
        0,
        3,
        2,
        2,
        3,
        3,
        2,
        2,
        3,
        3,
        2,
        3,
        3,
        3,
        3,
        2,
        3,
        3,
        2,
        3,
        3,
        2,
        3,
        3,
        3,
        3,
        3,
        2,
        2,
        3,
        2,
        3,
        3,
        3,
        2,
        2,
        0,
        3,
        2,
        1,
        2,
        3,
        2,
        2,
        3,
        0,
        3,
        0,
        0,
        3,
        0,
        0,
        2,
        2,
        0,
        0,
        2,
        2,
        0,
        2,
        3,
        2,
        0,
        3,
        3,
        3,
        2,
        0,
        0,
        0,
        3,
        0,
        0,
        3,
        0,
        2,
        0,
        0,
        0,
        2,
        2,
        2,
        3,
        0,
        2,
        3,
        0,
        3,
        2,
        2,
        3,
        2,
        2,
        2,
        0,
        3,
        0,
        0,
        2,
        2,
        2,
        0,
        0,
        3,
        0,
        3,
        2,
        0,
        3,
        2,
        2,
        3,
        0,
        3,
        2,
        0,
        3,
        0,
        2,
        0,
        2,
        0,
        3,
        3,
        0,
        0,
        0,
        2,
        0,
        0,
        0,
        3,
        2,
        0,
        3,
        3,
        2,
        0,
        2,
        2,
        3,
        2,
        3,
        3,
        0,
        0,
        0,
        0,
        0,
        0,
        2,
        0,
        2,
