{
    "with_labels": 0,
    "burn_in": 500,
    "thinning": 1,
    "runtime": 539.0123264789581,
    "healthy_ratio": 0.249,
    "max_log_likelihood": 905.8554180689425,
    "kendalls_tau": 0.1414141414141414,
    "subtype_acc": 0.20704994060769413,
    "n_subtypes": 3,
    "mean_stage_healthy": 0.028112449799196786,
    "ml_subtype": [
        1,
        0,
        1,
        2,
        1,
        0,
        1,
        0,
        2,
        2,
        1,
        1,
        0,
        0,
        1,
        2,
        0,
        0,
        0,
        1,
        0,
        1,
        1,
        0,
        1,
        1,
        1,
        1,
        0,
        0,
        1,
        1,
        1,
        0,
        0,
        1,
        1,
        1,
        1,
        1,
        0,
        1,
        0,
        1,
        1,
        1,
        1,
        1,
        0,
        0,
        1,
        0,
        1,
        2,
        0,
        0,
        1,
        0,
        2,
        0,
        1,
        1,
        2,
        1,
        1,
        0,
        0,
        1,
        0,
        1,
        2,
        2,
        1,
        1,
        1,
        0,
        1,
        1,
        1,
        0,
        1,
        1,
        1,
        1,
        1,
        1,
        2,
        1,
        1,
        0,
        1,
        0,
        2,
        1,
        1,
        0,
        2,
        1,
        1,
        0,
        1,
        0,
        1,
        1,
        0,
        2,
        1,
        2,
        1,
        0,
        1,
        2,
        0,
        0,
        0,
        0,
        1,
        0,
        0,
        1,
        1,
        2,
        1,
        1,
        0,
        0,
        2,
        0,
        2,
        1,
        2,
        0,
        0,
        1,
        1,
        0,
        2,
        0,
        0,
        0,
        1,
        2,
        2,
        1,
        1,
        1,
        1,
        1,
        1,
        1,
        0,
        2,
        0,
        1,
        1,
        0,
        1,
        1,
        0,
        1,
        1,
        1,
        1,
        1,
        0,
        1,
        0,
        0,
        1,
        2,
        1,
        0,
        1,
        1,
        0,
        2,
        1,
        1,
        1,
        1,
        0,
        0,
        2,
        1,
        1,
        2,
        1,
        0,
        1,
        1,
        2,
        1,
        0,
        0,
        1,
        1,
        1,
        0,
        1,
        1,
        1,
        0,
        1,
        2,
        2,
        1,
        1,
        1,
        1,
        1,
        0,
        2,
        0,
        0,
        1,
        2,
        1,
        2,
        2,
        1,
        1,
        2,
        1,
        0,
        2,
        2,
        2,
        1,
        1,
        1,
        0,
        1,
        2,
        0,
        1,
        0,
        0,
        2,
        1,
        1,
        0,
        1,
        1,
        0,
        2,
        1,
        0,
        1,
        1,
        1,
        1,
        0,
        1,
        1,
        1,
        0,
        1,
        0,
        1,
        2,
        1,
        1,
        0,
        1,
        1,
        1,
        2,
        1,
        0,
        1,
        1,
        1,
        1,
        1,
        1,
        0,
        0,
        2,
        1,
        1,
        1,
        1,
        0,
        1,
        1,
        0,
        1,
        1,
        2,
        0,
        2,
        0,
        1,
        1,
        2,
        2,
        0,
        1,
        1,
        0,
        0,
        1,
        0,
        1,
        1,
        1,
        1,
        1,
        1,
        1,
        1,
        0,
        0,
        1,
        1,
        1,
        1,
        1,
        0,
        2,
        2,
        1,
        0,
        1,
        1,
        1,
        0,
        1,
        1,
        2,
        2,
        2,
        2,
        0,
        2,
        0,
        0,
        2,
        2,
        2,
        2,
        2,
        1,
        2,
        2,
        1,
        2,
        2,
        2,
        0,
        2,
        0,
        2,
        2,
        2,
        2,
        2,
        2,
        2,
        2,
        0,
        0,
        0,
        0,
        1,
        2,
        0,
        0,
        0,
        2,
        0,
        0,
        0,
        1,
        0,
        1,
        2,
        2,
        0,
        1,
        0,
        2,
        2,
        0,
        2,
        2,
        2,
        0,
        0,
        2,
        0,
        2,
        0,
        0,
        2,
        2,
        2,
        2,
        0,
        2,
        1,
        2,
        2,
        0,
        0,
        2,
        0,
        2,
        2,
        2,
        2,
        0,
        0,
        0,
        2,
        2,
        2,
        0,
        2,
        2,
        0,
        2,
        2,
        2,
        0,
        2,
        0,
        2,
        2,
        2,
        0,
        1,
        2,
        0,
        2,
        2,
        2,
        0,
        0,
        2,
        2,
        0,
        0,
        2,
        2,
        0,
        2,
        2,
        0,
        2,
        2,
        2,
        0,
        1,
        2,
        0,
        0,
        0,
        2,
        2,
        0,
        2,
        1,
        2,
        2,
        2,
        2,
        2,
        2,
        0,
        2,
        2,
        0,
        2,
        2,
        2,
        0,
        1,
        0,
        0,
        2,
        2,
        2,
        2,
        2,
        0,
        2,
        2,
        2,
        0,
        1,
        0,
        2,
        0,
        2,
        2,
        2,
        0,
        0,
        0,
        1,
        2,
        0,
        0,
        2,
        2,
        2,
        0,
        2,
        2,
        1,
        0,
        2,
        2,
        2,
        2,
        2,
        2,
        0,
        2,
        0,
        0,
        2,
        2,
        2,
        0,
        0,
        2,
        2,
        2,
        2,
        0,
        0,
        1,
        0,
        0,
        0,
        0,
        0,
        0,
        0,
        0,
        2,
        2,
        2,
        1,
        2,
        2,
        2,
        0,
        2,
        0,
        0,
        2,
        1,
        0,
        2,
        1,
        0,
        2,
        2,
        0,
        2,
        0,
        2,
        0,
        2,
        0,
        0,
        2,
        0,
        2,
        2,
        0,
        0,
        2,
        0,
        2,
        2,
        2,
        2,
        0,
        0,
        0,
        0,
        2,
        0,
        0,
        0,
        2,
        1,
        2,
        2,
        2,
        0,
        2,
        0,
        2,
        2,
        2,
        2,
        0,
        2,
        2,
        2,
        1,
        2,
        2,
        2,
        2,
        2,
        2,
        2,
        2,
        0,
        2,
        0,
        2,
        1,
        0,
        1,
        2,
        2,
        2,
        1,
        2,
        0,
        1,
        2,
        2,
        1,
        2,
        0,
        2,
        2,
        2,
        0,
        2,
        2,
        2,
        0,
        0,
        0,
        1,
        0,
        0,
        2,
        0,
        0,
        2,
        2,
        2,
        2,
        0,
        2,
        2,
        0,
        0,
        0,
        2,
        0,
        1,
        1,
        2,
        2,
        0,
        0,
        2,
        2,
        2,
        0,
        0,
        2,
        2,
        2,
        2,
        2,
        0,
        1,
        2,
        2,
        0,
        2,
        2,
        0,
        1,
        2,
        0,
        1,
        2,
        2,
        0,
        2,
        0,
        2,
        2,
