{
    "with_labels": 0,
    "burn_in": 500,
    "thinning": 1,
    "runtime": 355.94773721694946,
    "healthy_ratio": 0.5,
    "max_log_likelihood": 1186.660850698311,
    "kendalls_tau": 0.3696969696969697,
    "subtype_acc": 0.5130161778931231,
    "n_subtypes": 5,
    "mean_stage_healthy": 0.584,
    "ml_subtype": [
        0,
        0,
        0,
        0,
        0,
        0,
        0,
        0,
        0,
        0,
        0,
        0,
        0,
        0,
        2,
        0,
        0,
        0,
        0,
        0,
        0,
        0,
        0,
        2,
        0,
        0,
        0,
        4,
        0,
        0,
        0,
        0,
        0,
        0,
        0,
        0,
        0,
        0,
        0,
        0,
        0,
        0,
        2,
        0,
        0,
        0,
        0,
        0,
        0,
        0,
        0,
        0,
        0,
        0,
        0,
        0,
        0,
        0,
        0,
        2,
        0,
        0,
        2,
        0,
        0,
        0,
        0,
        0,
        0,
        2,
        0,
        0,
        0,
        0,
        0,
        0,
        2,
        0,
        0,
        0,
        0,
        0,
        0,
        0,
        0,
        0,
        2,
        0,
        0,
        0,
        0,
        0,
        2,
        0,
        0,
        2,
        0,
        0,
        0,
        0,
        0,
        0,
        0,
        0,
        0,
        0,
        0,
        0,
        0,
        0,
        0,
        0,
        0,
        2,
        0,
        0,
        0,
        0,
        0,
        0,
        0,
        0,
        0,
        0,
        0,
        0,
        0,
        0,
        0,
        0,
        0,
        0,
        0,
        1,
        0,
        0,
        0,
        0,
        0,
        2,
        0,
        0,
        0,
        0,
        0,
        0,
        0,
        0,
        0,
        0,
        2,
        0,
        0,
        0,
        0,
        0,
        0,
        0,
        0,
        0,
        0,
        0,
        0,
        0,
        0,
        0,
        0,
        0,
        0,
        0,
        0,
        0,
        0,
        0,
        0,
        0,
        0,
        0,
        0,
        0,
        0,
        0,
        0,
        0,
        0,
        0,
        0,
        0,
        0,
        0,
        0,
        0,
        0,
        0,
        0,
        0,
        0,
        0,
        2,
        2,
        0,
        0,
        0,
        0,
        0,
        1,
        0,
        4,
        0,
        0,
        0,
        0,
        0,
        0,
        0,
        0,
        0,
        0,
        0,
        0,
        0,
        0,
        0,
        0,
        0,
        0,
        2,
        0,
        0,
        0,
        0,
        0,
        0,
        2,
        0,
        0,
        2,
        0,
        0,
        0,
        0,
        0,
        2,
        0,
        4,
        0,
        1,
        0,
        1,
        1,
        1,
        1,
        1,
        1,
        0,
        1,
        0,
        1,
        0,
        0,
        0,
        0,
        0,
        1,
        0,
        0,
        0,
        0,
        1,
        1,
        1,
        0,
        0,
        0,
        0,
        1,
        0,
        0,
        1,
        0,
        1,
        1,
        1,
        1,
        0,
        1,
        1,
        1,
        1,
        0,
        0,
        0,
        0,
        1,
        1,
        1,
        0,
        0,
        0,
        0,
        1,
        0,
        1,
        1,
        0,
        1,
        1,
        0,
        1,
        0,
        0,
        0,
        0,
        0,
        0,
        1,
        1,
        0,
        0,
        1,
        1,
        0,
        0,
        0,
        1,
        0,
        1,
        0,
        1,
        0,
        1,
        1,
        0,
        1,
        0,
        0,
        1,
        1,
        0,
        1,
        1,
        0,
        0,
        1,
        1,
        0,
        0,
        1,
        1,
        0,
        1,
        1,
        0,
        0,
        0,
        0,
        0,
        1,
        1,
        0,
        0,
        1,
        1,
        1,
        0,
        1,
        1,
        0,
        1,
        0,
        1,
        0,
        1,
        1,
        0,
        0,
        0,
        0,
        0,
        1,
        1,
        0,
        0,
        0,
        0,
        1,
        0,
        0,
        0,
        1,
        0,
        0,
        0,
        1,
        1,
        0,
        1,
        1,
        0,
        0,
        1,
        1,
        0,
        1,
        1,
        0,
        0,
        0,
        0,
        2,
        0,
        1,
        2,
        0,
        0,
        2,
        2,
        2,
        0,
        0,
        0,
        2,
        0,
        0,
        0,
        0,
        2,
        2,
        2,
        2,
        0,
        0,
        0,
        2,
        0,
        2,
        2,
        0,
        0,
        0,
        2,
        0,
        2,
        2,
        0,
        2,
        2,
        2,
        1,
        0,
        0,
        2,
        0,
        0,
        0,
        0,
        0,
        2,
        0,
        0,
        0,
        2,
        0,
        0,
        1,
        2,
        2,
        2,
        2,
        0,
        0,
        0,
        0,
        0,
        2,
        2,
        0,
        0,
        0,
        0,
        0,
        0,
        0,
        0,
        2,
        2,
        2,
        0,
        0,
        0,
        0,
        2,
        2,
        0,
        0,
        0,
        2,
        2,
        2,
        2,
        0,
        2,
        2,
        0,
        0,
        2,
        2,
        0,
        2,
        2,
        0,
        0,
        0,
        2,
        0,
        0,
        2,
        2,
        0,
        0,
        2,
        0,
        0,
        0,
        2,
        0,
        2,
        0,
        2,
        0,
        0,
        0,
        2,
        2,
        2,
        0,
        0,
        1,
        0,
        0,
        2,
        0,
        0,
        0,
        0,
        0,
        0,
        2,
        2,
        2,
        0,
        0,
        2,
        0,
        2,
        0,
        0,
        0,
        0,
        0,
        0,
        0,
        0,
        0,
        0,
        2,
        2,
        1,
        2,
        0,
        0,
        0,
        2,
        2,
        0,
        0,
        2,
        2,
        1,
        2,
        2,
        0,
        2,
        2,
        2,
        2,
        1,
        2,
        0,
        0,
        0,
        0,
        0,
        2,
        2,
        2,
        0,
        0,
        0,
        2,
        2,
        2,
        2,
        2,
        0,
        0,
        2,
        0,
        2,
        0,
        2,
        2,
        0,
        0,
        0,
        2,
        0,
        2,
        0,
        2,
        0,
        0,
        2,
        2,
        0,
        2,
        0,
        2,
        0,
        2,
        2,
        0,
        0,
        0,
        0,
        2,
        0,
        0,
        0,
        0,
        0,
        0,
        2,
        2,
        2,
        2,
        0,
        0,
        0,
        0,
        0,
        0,
        2,
        0,
        0,
        0,
        2,
        0,
        0,
        0,
        0,
        2,
        0,
        0,
        0,
        0,
        0,
        2,
        0,
        2,
        2,
        2,
        0,
        0,
        2,
        2,
        0,
        2,
        2,
        2,
        4,
        4,
        0,
        0,
        1,
        0,
        1,
        4,
        0,
        0,
        4,
        0,
        4,
        0,
        4,
        0,
        0,
        4,
