{
    "with_labels": 0,
    "burn_in": 500,
    "thinning": 1,
    "runtime": 294.04860281944275,
    "healthy_ratio": 0.25,
    "max_log_likelihood": 1290.877653904293,
    "kendalls_tau": 0.3282828282828283,
    "subtype_acc": 0.3625625439116055,
    "n_subtypes": 3,
    "mean_stage_healthy": 2.568,
    "ml_subtype": [
        2,
        2,
        2,
        2,
        2,
        2,
        2,
        2,
        2,
        2,
        2,
        2,
        2,
        2,
        2,
        2,
        2,
        2,
        2,
        2,
        2,
        2,
        0,
        2,
        2,
        2,
        2,
        2,
        2,
        2,
        2,
        1,
        2,
        2,
        2,
        0,
        0,
        2,
        0,
        2,
        2,
        2,
        0,
        1,
        0,
        0,
        0,
        2,
        2,
        0,
        2,
        0,
        0,
        2,
        2,
        0,
        2,
        2,
        0,
        0,
        2,
        2,
        2,
        2,
        0,
        2,
        2,
        2,
        0,
        2,
        0,
        0,
        0,
        0,
        2,
        0,
        2,
        2,
        0,
        2,
        2,
        2,
        2,
        2,
        2,
        2,
        0,
        0,
        2,
        2,
        2,
        0,
        2,
        0,
        2,
        2,
        2,
        2,
        2,
        2,
        2,
        2,
        2,
        2,
        2,
        0,
        2,
        2,
        2,
        0,
        2,
        2,
        1,
        2,
        0,
        2,
        2,
        2,
        2,
        2,
        2,
        2,
        2,
        0,
        0,
        2,
        0,
        2,
        2,
        2,
        2,
        0,
        2,
        2,
        2,
        2,
        0,
        2,
        2,
        0,
        2,
        0,
        0,
        2,
        2,
        0,
        2,
        2,
        0,
        0,
        2,
        0,
        2,
        2,
        2,
        2,
        0,
        0,
        2,
        0,
        0,
        2,
        2,
        2,
        2,
        2,
        2,
        2,
        0,
        2,
        0,
        2,
        0,
        2,
        2,
        2,
        2,
        2,
        2,
        2,
        0,
        0,
        2,
        2,
        0,
        0,
        0,
        2,
        0,
        0,
        2,
        2,
        0,
        2,
        0,
        2,
        2,
        0,
        2,
        2,
        2,
        2,
        2,
        2,
        0,
        2,
        2,
        2,
        2,
        2,
        2,
        0,
        0,
        2,
        1,
        2,
        2,
        2,
        0,
        0,
        0,
        2,
        2,
        0,
        0,
        0,
        2,
        2,
        2,
        0,
        2,
        2,
        0,
        2,
        2,
        2,
        2,
        2,
        2,
        2,
        2,
        0,
        2,
        2,
        0,
        0,
        2,
        2,
        0,
        0,
        0,
        0,
        0,
        0,
        0,
        2,
        2,
        0,
        0,
        0,
        2,
        2,
        0,
        2,
        2,
        0,
        0,
        2,
        0,
        2,
        0,
        2,
        2,
        2,
        0,
        0,
        2,
        2,
        2,
        0,
        0,
        2,
        2,
        2,
        0,
        2,
        0,
        0,
        2,
        0,
        0,
        2,
        2,
        0,
        2,
        2,
        2,
        0,
        2,
        2,
        2,
        0,
        2,
        0,
        0,
        2,
        0,
        2,
        0,
        2,
        2,
        2,
        0,
        2,
        2,
        0,
        2,
        2,
        2,
        2,
        0,
        2,
        0,
        2,
        2,
        2,
        2,
        2,
        0,
        2,
        2,
        0,
        2,
        2,
        2,
        0,
        0,
        2,
        2,
        2,
        2,
        2,
        0,
        2,
        1,
        2,
        2,
        0,
        2,
        1,
        2,
        0,
        2,
        2,
        0,
        0,
        0,
        0,
        2,
        2,
        2,
        2,
        0,
        0,
        0,
        0,
        2,
        2,
        2,
        2,
        2,
        0,
        2,
        2,
        2,
        0,
        0,
        2,
        0,
        2,
        2,
        0,
        2,
        2,
        2,
        2,
        2,
        0,
        2,
        2,
        2,
        2,
        2,
        2,
        0,
        0,
        1,
        2,
        1,
        1,
        1,
        2,
        2,
        2,
        2,
        2,
        2,
        2,
        2,
        2,
        1,
        1,
        1,
        2,
        2,
        1,
        1,
        2,
        2,
        2,
        2,
        2,
        2,
        2,
        2,
        1,
        1,
        2,
        2,
        1,
        2,
        2,
        1,
        2,
        2,
        2,
        1,
        2,
        1,
        1,
        2,
        2,
        1,
        2,
        2,
        2,
        2,
        2,
        1,
        1,
        1,
        1,
        2,
        2,
        1,
        2,
        2,
        1,
        2,
        1,
        1,
        1,
        2,
        1,
        2,
        2,
        2,
        2,
        2,
        1,
        2,
        2,
        1,
        1,
        1,
        1,
        1,
        2,
        2,
        2,
        1,
        1,
        2,
        2,
        1,
        2,
        1,
        2,
        2,
        2,
        2,
        1,
        1,
        1,
        1,
        1,
        2,
        1,
        2,
        2,
        2,
        2,
        1,
        1,
        1,
        2,
        2,
        2,
        2,
        1,
        1,
        1,
        2,
        1,
        1,
        2,
        1,
        2,
        2,
        2,
        2,
        1,
        1,
        1,
        1,
        2,
        2,
        2,
        2,
        2,
        1,
        2,
        2,
        1,
        1,
        1,
        2,
        1,
        1,
        1,
        2,
        1,
        1,
        2,
        1,
        2,
        1,
        2,
        2,
        1,
        2,
        1,
        1,
        1,
        1,
        1,
        1,
        1,
        2,
        1,
        1,
        2,
        1,
        2,
        1,
        1,
        1,
        2,
        2,
        2,
        1,
        1,
        2,
        1,
        1,
        2,
        1,
        1,
        2,
        2,
        1,
        1,
        1,
        1,
        1,
        2,
        2,
        2,
        1,
        2,
        2,
        1,
        1,
        2,
        1,
        1,
        2,
        1,
        2,
        1,
        1,
        1,
        1,
        1,
        1,
        1,
        1,
        1,
        1,
        2,
        1,
        1,
        1,
        1,
        1,
        1,
        2,
        1,
        2,
        2,
        2,
        2,
        2,
        2,
        1,
        1,
        2,
        1,
        1,
        2,
        1,
        1,
        2,
        2,
        1,
        1,
        2,
        2,
        2,
        1,
        1,
        2,
        2,
        1,
        2,
        2,
        1,
        1,
        1,
        1,
        2,
        1,
        1,
        2,
        1,
        2,
        2,
        2,
        2,
        1,
        2,
        2,
        2,
        1,
        2,
        1,
        1,
        1,
        1,
        1,
        2,
        2,
        2,
        1,
        2,
        1,
        2,
        1,
        2,
        1,
        2,
        1,
        2,
        2,
        1,
        1,
        1,
        2,
        2,
        2,
        1,
        1,
        2,
        2,
        2,
        2,
        2,
