{
    "with_labels": 0,
    "burn_in": 500,
    "thinning": 1,
    "runtime": 350.6570599079132,
    "healthy_ratio": 0.249,
    "max_log_likelihood": 737.3791098906136,
    "kendalls_tau": 0.17272727272727273,
    "subtype_acc": 0.16104014235719874,
    "n_subtypes": 5,
    "mean_stage_healthy": 0.3895582329317269,
    "ml_subtype": [
        4,
        4,
        4,
        4,
        4,
        4,
        3,
        4,
        3,
        3,
        4,
        4,
        4,
        2,
        4,
        3,
        3,
        3,
        2,
        3,
        3,
        4,
        3,
        3,
        3,
        3,
        3,
        3,
        4,
        3,
        2,
        3,
        4,
        4,
        3,
        3,
        3,
        4,
        3,
        2,
        3,
        4,
        0,
        4,
        4,
        3,
        3,
        3,
        3,
        3,
        1,
        4,
        1,
        3,
        3,
        3,
        3,
        3,
        2,
        4,
        3,
        3,
        3,
        3,
        3,
        3,
        2,
        4,
        4,
        3,
        3,
        4,
        4,
        3,
        4,
        4,
        3,
        3,
        2,
        3,
        3,
        3,
        3,
        3,
        3,
        0,
        4,
        3,
        3,
        3,
        3,
        3,
        3,
        3,
        2,
        3,
        3,
        3,
        3,
        3,
        3,
        4,
        3,
        4,
        3,
        2,
        3,
        3,
        3,
        3,
        3,
        3,
        3,
        4,
        2,
        2,
        3,
        4,
        3,
        2,
        3,
        4,
        4,
        3,
        4,
        4,
        3,
        2,
        2,
        3,
        3,
        3,
        4,
        3,
        1,
        4,
        2,
        2,
        3,
        4,
        4,
        3,
        3,
        3,
        3,
        3,
        3,
        3,
        4,
        3,
        3,
        4,
        4,
        4,
        2,
        4,
        3,
        4,
        3,
        3,
        2,
        2,
        3,
        3,
        3,
        3,
        3,
        4,
        0,
        4,
        4,
        3,
        3,
        3,
        3,
        3,
        3,
        3,
        3,
        3,
        4,
        0,
        3,
        3,
        0,
        4,
        4,
        3,
        1,
        3,
        2,
        2,
        4,
        3,
        3,
        3,
        4,
        3,
        3,
        3,
        3,
        3,
        3,
        3,
        3,
        3,
        3,
        3,
        3,
        3,
        3,
        3,
        0,
        3,
        4,
        4,
        0,
        2,
        3,
        4,
        3,
        4,
        4,
        4,
        3,
        4,
        3,
        3,
        4,
        3,
        3,
        3,
        3,
        4,
        4,
        3,
        3,
        4,
        3,
        3,
        4,
        2,
        3,
        3,
        3,
        3,
        3,
        3,
        3,
        2,
        3,
        3,
        2,
        2,
        2,
        0,
        4,
        3,
        3,
        2,
        4,
        4,
        3,
        2,
        0,
        4,
        0,
        3,
        3,
        2,
        2,
        3,
        3,
        3,
        2,
        3,
        2,
        3,
        3,
        3,
        3,
        2,
        2,
        3,
        3,
        2,
        2,
        2,
        3,
        3,
        2,
        3,
        3,
        3,
        3,
        3,
        2,
        3,
        3,
        3,
        3,
        4,
        3,
        3,
        2,
        3,
        2,
        3,
        3,
        3,
        3,
        2,
        3,
        3,
        3,
        3,
        3,
        4,
        2,
        3,
        3,
        0,
        3,
        3,
        0,
        2,
        3,
        3,
        3,
        3,
        3,
        3,
        2,
        2,
        0,
        3,
        3,
        3,
        3,
        1,
        2,
        3,
        0,
        2,
        3,
        3,
        3,
        3,
        2,
        4,
        3,
        3,
        2,
        2,
        3,
        3,
        3,
        3,
        2,
        3,
        2,
        3,
        3,
        4,
        3,
        3,
        3,
        3,
        3,
        3,
        3,
        3,
        2,
        2,
        3,
        3,
        0,
        2,
        3,
        2,
        3,
        1,
        2,
        4,
        3,
        2,
        2,
        4,
        2,
        3,
        3,
        4,
        3,
        3,
        3,
        3,
        3,
        3,
        3,
        4,
        3,
        2,
        2,
        2,
        2,
        3,
        4,
        2,
        3,
        3,
        3,
        2,
        0,
        4,
        2,
        2,
        1,
        2,
        1,
        1,
        3,
        3,
        1,
        1,
        2,
        3,
        1,
        1,
        3,
        3,
        1,
        0,
        3,
        1,
        3,
        3,
        2,
        3,
        0,
        1,
        1,
        3,
        3,
        3,
        3,
        3,
        1,
        0,
        3,
        2,
        3,
        0,
        2,
        3,
        2,
        3,
        0,
        3,
        3,
        2,
        1,
        3,
        2,
        2,
        1,
        0,
        3,
        1,
        3,
        3,
        2,
        2,
        1,
        3,
        3,
        2,
        3,
        1,
        1,
        2,
        3,
        4,
        3,
        3,
        3,
        0,
        1,
        3,
        0,
        1,
        3,
        3,
        3,
        3,
        2,
        2,
        3,
        2,
        0,
        3,
        3,
        0,
        2,
        2,
        2,
        2,
        3,
        3,
        2,
        2,
        2,
        0,
        2,
        3,
        2,
        2,
        3,
        3,
        3,
        2,
        2,
        2,
        2,
        2,
        2,
        3,
        3,
        2,
        0,
        3,
        0,
        3,
        2,
        2,
        2,
        2,
        0,
        2,
        2,
        2,
        2,
        3,
        2,
        2,
        3,
        3,
        3,
        3,
        3,
        3,
        3,
        2,
        2,
        2,
        3,
        0,
        3,
        2,
        2,
        2,
        2,
        3,
        1,
        3,
        2,
        2,
        2,
        0,
        2,
        2,
        3,
        0,
        2,
        2,
        2,
        0,
        0,
        0,
        2,
        2,
        2,
        3,
        3,
        3,
        3,
        3,
        2,
        3,
        3,
        3,
        0,
        2,
        2,
        3,
        2,
        2,
        3,
        2,
        3,
        2,
        2,
        2,
        2,
        0,
        2,
        3,
        2,
        2,
        3,
        2,
        2,
        2,
        2,
        2,
        3,
        0,
        2,
        2,
        3,
        2,
        3,
        2,
        3,
        2,
        2,
        2,
        2,
        2,
        2,
        3,
        2,
        3,
        2,
        2,
        2,
        2,
        3,
        4,
        3,
        3,
        2,
        2,
        3,
        3,
        2,
        0,
        0,
        3,
        0,
        2,
        0,
        0,
        3,
        3,
        3,
        0,
        0,
        2,
        1,
        2,
        3,
        0,
        3,
        3,
        0,
        2,
        3,
        0,
        3,
        3,
        3,
        3,
        3,
        0,
        3,
        3,
        0,
        0,
        3,
        3,
        3,
        3,
        3,
        2,
        3,
        0,
        3,
        3,
        3,
        0,
        3,
        0,
        3,
        0,
        3,
        3,
