{
    "with_labels": 0,
    "burn_in": 500,
    "thinning": 1,
    "runtime": 320.05701184272766,
    "healthy_ratio": 0.249,
    "max_log_likelihood": -2497.0904450237313,
    "kendalls_tau": 0.22348484848484848,
    "subtype_acc": 0.09218978519161791,
    "n_subtypes": 4,
    "mean_stage_healthy": 1.0441767068273093,
    "ml_subtype": [
        2,
        0,
        2,
        1,
        2,
        2,
        0,
        2,
        0,
        0,
        0,
        3,
        2,
        0,
        0,
        0,
        0,
        0,
        2,
        0,
        2,
        0,
        2,
        3,
        2,
        0,
        0,
        0,
        2,
        2,
        2,
        0,
        2,
        0,
        2,
        0,
        2,
        0,
        1,
        0,
        0,
        0,
        0,
        0,
        0,
        2,
        2,
        0,
        0,
        2,
        1,
        0,
        0,
        2,
        0,
        2,
        2,
        1,
        1,
        0,
        2,
        1,
        2,
        2,
        3,
        0,
        2,
        2,
        0,
        0,
        0,
        2,
        0,
        0,
        2,
        2,
        2,
        2,
        0,
        2,
        2,
        2,
        3,
        2,
        2,
        3,
        0,
        2,
        0,
        0,
        2,
        2,
        2,
        0,
        0,
        0,
        2,
        0,
        0,
        1,
        0,
        0,
        0,
        0,
        0,
        0,
        0,
        0,
        0,
        0,
        0,
        0,
        0,
        0,
        2,
        2,
        0,
        0,
        0,
        0,
        0,
        0,
        0,
        2,
        3,
        1,
        2,
        2,
        2,
        0,
        2,
        2,
        0,
        2,
        0,
        0,
        0,
        0,
        2,
        3,
        3,
        0,
        1,
        2,
        0,
        2,
        0,
        2,
        2,
        0,
        0,
        0,
        0,
        2,
        0,
        2,
        2,
        3,
        0,
        0,
        0,
        1,
        0,
        1,
        2,
        0,
        0,
        0,
        0,
        2,
        2,
        2,
        2,
        0,
        0,
        0,
        2,
        2,
        0,
        0,
        0,
        0,
        2,
        0,
        0,
        2,
        2,
        3,
        2,
        0,
        1,
        2,
        1,
        0,
        0,
        0,
        1,
        0,
        3,
        2,
        1,
        0,
        0,
        2,
        0,
        2,
        0,
        0,
        0,
        2,
        2,
        0,
        0,
        1,
        0,
        2,
        0,
        2,
        0,
        2,
        0,
        0,
        2,
        0,
        3,
        0,
        0,
        2,
        0,
        0,
        0,
        1,
        0,
        0,
        0,
        0,
        0,
        0,
        0,
        0,
        0,
        2,
        0,
        2,
        0,
        2,
        0,
        2,
        2,
        2,
        0,
        0,
        2,
        0,
        0,
        0,
        0,
        0,
        3,
        2,
        2,
        0,
        0,
        0,
        2,
        0,
        0,
        2,
        0,
        0,
        1,
        1,
        0,
        2,
        0,
        2,
        0,
        3,
        0,
        0,
        3,
        0,
        1,
        1,
        0,
        3,
        1,
        1,
        1,
        0,
        1,
        0,
        0,
        0,
        0,
        3,
        1,
        0,
        0,
        2,
        0,
        1,
        2,
        1,
        0,
        3,
        0,
        0,
        0,
        0,
        0,
        0,
        1,
        0,
        0,
        1,
        0,
        1,
        1,
        0,
        2,
        0,
        0,
        1,
        0,
        0,
        0,
        1,
        0,
        0,
        2,
        2,
        0,
        2,
        0,
        0,
        0,
        1,
        1,
        0,
        0,
        0,
        3,
        0,
        0,
        0,
        2,
        0,
        1,
        1,
        1,
        3,
        2,
        0,
        1,
        1,
        0,
        1,
        0,
        1,
        0,
        0,
        0,
        3,
        1,
        0,
        0,
        0,
        1,
        0,
        1,
        1,
        0,
        1,
        3,
        0,
        1,
        0,
        1,
        1,
        0,
        0,
        1,
        0,
        0,
        3,
        0,
        0,
        1,
        3,
        1,
        1,
        0,
        0,
        0,
        1,
        0,
        0,
        1,
        0,
        0,
        0,
        1,
        0,
        3,
        0,
        1,
        0,
        3,
        1,
        2,
        0,
        0,
        1,
        2,
        0,
        0,
        1,
        3,
        1,
        1,
        1,
        1,
        1,
        0,
        0,
        1,
        1,
        1,
        0,
        2,
        2,
        1,
        1,
        0,
        0,
        0,
        0,
        1,
        0,
        1,
        0,
        0,
        1,
        0,
        2,
        0,
        0,
        1,
        2,
        1,
        1,
        0,
        3,
        0,
        0,
        0,
        2,
        0,
        0,
        0,
        1,
        0,
        0,
        3,
        0,
        1,
        0,
        0,
        0,
        0,
        0,
        1,
        0,
        2,
        0,
        1,
        1,
        0,
        0,
        0,
        1,
        2,
        0,
        0,
        2,
        0,
        0,
        0,
        0,
        1,
        0,
        0,
        0,
        1,
        0,
        0,
        0,
        2,
        0,
        1,
        0,
        0,
        3,
        0,
        3,
        0,
        1,
        0,
        3,
        0,
        1,
        0,
        2,
        0,
        0,
        0,
        1,
        2,
        0,
        1,
        1,
        2,
        2,
        0,
        1,
        0,
        1,
        3,
        0,
        0,
        0,
        0,
        0,
        0,
        0,
        0,
        1,
        0,
        1,
        2,
        0,
        0,
        0,
        0,
        0,
        0,
        1,
        0,
        0,
        1,
        0,
        0,
        1,
        0,
        2,
        0,
        0,
        0,
        0,
        0,
        0,
        3,
        2,
        0,
        0,
        3,
        2,
        3,
        3,
        3,
        2,
        0,
        2,
        0,
        2,
        0,
        0,
        3,
        3,
        2,
        3,
        0,
        3,
        3,
        0,
        3,
        0,
        0,
        0,
        2,
        0,
        0,
        0,
        0,
        0,
        3,
        0,
        0,
        2,
        3,
        3,
        0,
        0,
        3,
        3,
        0,
        0,
        3,
        0,
        0,
        3,
        0,
        0,
        0,
        2,
        3,
        3,
        3,
        0,
        3,
        3,
        0,
        3,
        3,
        3,
        3,
        3,
        2,
        3,
        3,
        0,
        0,
        3,
        3,
        0,
        0,
        0,
        0,
        3,
        0,
        0,
        0,
        0,
        0,
        0,
        0,
        0,
        0,
        3,
        2,
        3,
        0,
        3,
        0,
        0,
        3,
        0,
        3,
        0,
        0,
        3,
        0,
        0,
        1,
        0,
        0,
        0,
        2,
        2,
        0,
        3,
        2,
        3,
        0,
        1,
        1,
        2,
        2,
        0,
        2,
        1,
        0,
        3,
        3,
        0,
        3,
        3,
        2,
        2,
        3,
        0,
        0,
        3,
        2,
        3,
