{
    "with_labels": 0,
    "burn_in": 500,
    "thinning": 1,
    "runtime": 922.3122992515564,
    "healthy_ratio": 0.24866666666666667,
    "max_log_likelihood": -3999.593219501652,
    "kendalls_tau": 0.20606060606060606,
    "subtype_acc": 0.17892056374668677,
    "n_subtypes": 5,
    "mean_stage_healthy": 0.20107238605898123,
    "ml_subtype": [
        1,
        0,
        0,
        1,
        2,
        2,
        0,
        1,
        2,
        0,
        0,
        1,
        1,
        0,
        0,
        0,
        0,
        1,
        2,
        0,
        0,
        2,
        2,
        0,
        2,
        0,
        0,
        0,
        2,
        0,
        2,
        1,
        4,
        0,
        0,
        2,
        0,
        2,
        0,
        1,
        1,
        2,
        0,
        0,
        2,
        2,
        1,
        3,
        0,
        2,
        2,
        1,
        2,
        0,
        2,
        3,
        0,
        1,
        1,
        0,
        0,
        2,
        0,
        1,
        0,
        1,
        2,
        0,
        1,
        2,
        2,
        2,
        1,
        2,
        0,
        1,
        0,
        0,
        1,
        0,
        2,
        1,
        2,
        0,
        1,
        0,
        2,
        0,
        1,
        0,
        2,
        2,
        0,
        0,
        0,
        0,
        0,
        0,
        4,
        2,
        1,
        0,
        2,
        1,
        3,
        2,
        2,
        0,
        1,
        2,
        0,
        0,
        2,
        1,
        0,
        1,
        1,
        2,
        0,
        2,
        0,
        0,
        2,
        0,
        0,
        2,
        0,
        1,
        2,
        0,
        0,
        0,
        0,
        0,
        0,
        0,
        1,
        0,
        1,
        2,
        0,
        0,
        0,
        0,
        0,
        1,
        0,
        1,
        0,
        3,
        1,
        1,
        0,
        1,
        2,
        0,
        2,
        0,
        0,
        0,
        0,
        2,
        0,
        1,
        4,
        0,
        2,
        0,
        0,
        1,
        3,
        2,
        2,
        0,
        1,
        2,
        3,
        4,
        0,
        0,
        2,
        1,
        2,
        1,
        1,
        2,
        0,
        2,
        4,
        4,
        2,
        2,
        2,
        2,
        0,
        1,
        1,
        2,
        2,
        0,
        0,
        2,
        2,
        1,
        2,
        0,
        0,
        2,
        1,
        2,
        2,
        2,
        2,
        3,
        0,
        0,
        3,
        0,
        2,
        0,
        0,
        2,
        0,
        0,
        0,
        1,
        3,
        4,
        3,
        4,
        0,
        0,
        0,
        2,
        0,
        0,
        2,
        0,
        1,
        0,
        0,
        1,
        0,
        1,
        1,
        1,
        2,
        1,
        0,
        0,
        0,
        0,
        2,
        4,
        0,
        2,
        1,
        0,
        1,
        1,
        0,
        2,
        0,
        0,
        1,
        2,
        0,
        0,
        2,
        1,
        4,
        2,
        3,
        1,
        0,
        2,
        0,
        2,
        2,
        1,
        0,
        2,
        0,
        2,
        0,
        0,
        0,
        0,
        1,
        0,
        0,
        3,
        1,
        0,
        0,
        1,
        2,
        3,
        2,
        2,
        2,
        0,
        0,
        2,
        2,
        2,
        0,
        0,
        0,
        2,
        0,
        0,
        0,
        0,
        0,
        2,
        0,
        2,
        0,
        4,
        0,
        1,
        2,
        2,
        2,
        0,
        0,
        3,
        2,
        2,
        2,
        1,
        3,
        0,
        2,
        0,
        2,
        2,
        2,
        2,
        0,
        2,
        1,
        0,
        1,
        3,
        0,
        0,
        0,
        1,
        2,
        0,
        2,
        0,
        3,
        2,
        2,
        3,
        0,
        2,
        0,
        2,
        0,
        2,
        2,
        2,
        0,
        1,
        1,
        1,
        0,
        0,
        0,
        2,
        4,
        0,
        2,
        0,
        1,
        2,
        2,
        0,
        0,
        0,
        2,
        2,
        0,
        2,
        0,
        2,
        2,
        0,
        3,
        2,
        0,
        2,
        2,
        0,
        0,
        0,
        2,
        0,
        0,
        2,
        1,
        2,
        2,
        0,
        1,
        2,
        3,
        0,
        2,
        2,
        3,
        3,
        2,
        0,
        2,
        0,
        0,
        2,
        0,
        0,
        2,
        2,
        4,
        0,
        0,
        0,
        2,
        0,
        2,
        2,
        2,
        2,
        0,
        0,
        2,
        3,
        2,
        0,
        2,
        0,
        0,
        2,
        0,
        0,
        0,
        2,
        2,
        0,
        2,
        4,
        3,
        0,
        2,
        0,
        0,
        0,
        0,
        0,
        2,
        0,
        1,
        0,
        0,
        0,
        0,
        2,
        3,
        0,
        0,
        1,
        2,
        2,
        2,
        0,
        2,
        0,
        0,
        0,
        4,
        0,
        0,
        0,
        0,
        0,
        2,
        2,
        0,
        2,
        3,
        2,
        1,
        2,
        2,
        2,
        0,
        2,
        4,
        0,
        2,
        3,
        0,
        2,
        0,
        3,
        2,
        0,
        0,
        0,
        2,
        2,
        2,
        0,
        1,
        3,
        1,
        2,
        2,
        2,
        4,
        3,
        2,
        0,
        1,
        1,
        0,
        2,
        0,
        2,
        0,
        2,
        2,
        2,
        2,
        0,
        2,
        0,
        2,
        2,
        2,
        3,
        0,
        0,
        0,
        0,
        0,
        1,
        0,
        0,
        0,
        2,
        0,
        0,
        0,
        0,
        0,
        2,
        0,
        0,
        0,
        0,
        0,
        0,
        2,
        2,
        0,
        3,
        0,
        0,
        0,
        0,
        4,
        3,
        2,
        2,
        4,
        3,
        2,
        1,
        0,
        0,
        1,
        2,
        0,
        0,
        0,
        3,
        2,
        0,
        1,
        2,
        0,
        0,
        2,
        2,
        4,
        2,
        2,
        0,
        0,
        0,
        0,
        0,
        4,
        3,
        0,
        2,
        0,
        0,
        2,
        4,
        2,
        0,
        0,
        0,
        0,
        0,
        2,
        2,
        4,
        2,
        4,
        0,
        0,
        2,
        0,
        3,
        2,
        4,
        4,
        1,
        0,
        0,
        2,
        0,
        4,
        3,
        4,
        0,
        2,
        3,
        0,
        2,
        2,
        2,
        0,
        0,
        0,
        4,
        1,
        4,
        2,
        4,
        0,
        0,
        0,
        0,
        3,
        2,
        0,
        0,
        4,
        0,
        2,
        2,
        0,
        2,
        0,
        1,
        0,
        2,
        0,
        2,
        2,
        1,
        2,
        4,
        0,
        4,
        0,
        2,
        4,
        1,
        2,
        2,
        2,
        2,
        2,
        4,
        0,
        0,
        0,
