{
    "with_labels": 0,
    "burn_in": 500,
    "thinning": 1,
    "runtime": 427.66443490982056,
    "healthy_ratio": 0.5,
    "max_log_likelihood": -2141.1705266183035,
    "kendalls_tau": 0.22727272727272724,
    "subtype_acc": 0.4036445387430553,
    "n_subtypes": 4,
    "mean_stage_healthy": 0.776,
    "ml_subtype": [
        1,
        1,
        0,
        0,
        1,
        1,
        0,
        1,
        1,
        1,
        0,
        0,
        1,
        0,
        0,
        0,
        0,
        0,
        0,
        0,
        0,
        1,
        1,
        0,
        0,
        1,
        0,
        0,
        1,
        1,
        1,
        1,
        1,
        1,
        1,
        1,
        0,
        0,
        0,
        0,
        1,
        1,
        0,
        0,
        1,
        3,
        0,
        0,
        1,
        0,
        1,
        0,
        0,
        1,
        1,
        1,
        1,
        0,
        1,
        1,
        0,
        0,
        0,
        1,
        1,
        0,
        0,
        1,
        1,
        0,
        1,
        0,
        1,
        1,
        0,
        1,
        0,
        1,
        1,
        0,
        1,
        2,
        0,
        0,
        0,
        0,
        0,
        1,
        0,
        0,
        1,
        3,
        1,
        0,
        0,
        0,
        1,
        0,
        0,
        0,
        3,
        0,
        0,
        0,
        1,
        0,
        1,
        0,
        0,
        0,
        1,
        0,
        0,
        1,
        1,
        1,
        1,
        0,
        0,
        0,
        2,
        0,
        1,
        0,
        0,
        0,
        0,
        2,
        0,
        0,
        1,
        1,
        0,
        0,
        1,
        0,
        0,
        2,
        0,
        1,
        1,
        1,
        1,
        0,
        0,
        0,
        0,
        1,
        1,
        1,
        1,
        2,
        1,
        1,
        3,
        1,
        0,
        0,
        0,
        0,
        0,
        1,
        0,
        0,
        0,
        1,
        0,
        0,
        1,
        0,
        0,
        0,
        0,
        0,
        0,
        0,
        0,
        1,
        0,
        1,
        1,
        3,
        0,
        2,
        3,
        1,
        1,
        1,
        0,
        0,
        0,
        1,
        1,
        0,
        0,
        2,
        0,
        1,
        0,
        0,
        0,
        0,
        1,
        1,
        0,
        0,
        0,
        0,
        0,
        0,
        1,
        0,
        0,
        0,
        0,
        0,
        1,
        2,
        0,
        0,
        0,
        0,
        1,
        0,
        2,
        0,
        0,
        0,
        0,
        0,
        1,
        0,
        1,
        0,
        0,
        0,
        3,
        0,
        0,
        1,
        2,
        3,
        0,
        1,
        0,
        1,
        1,
        0,
        3,
        1,
        1,
        0,
        0,
        0,
        0,
        3,
        0,
        0,
        1,
        3,
        1,
        1,
        0,
        1,
        1,
        1,
        1,
        0,
        2,
        2,
        0,
        0,
        0,
        0,
        3,
        0,
        1,
        1,
        1,
        0,
        1,
        0,
        0,
        0,
        1,
        0,
        1,
        0,
        0,
        1,
        1,
        0,
        1,
        1,
        1,
        1,
        0,
        0,
        3,
        1,
        0,
        1,
        0,
        0,
        0,
        1,
        0,
        1,
        0,
        3,
        0,
        0,
        0,
        1,
        0,
        1,
        0,
        1,
        1,
        0,
        0,
        0,
        1,
        0,
        0,
        0,
        3,
        1,
        0,
        0,
        0,
        1,
        0,
        1,
        0,
        0,
        0,
        0,
        0,
        0,
        2,
        0,
        0,
        0,
        1,
        0,
        3,
        1,
        3,
        1,
        1,
        0,
        3,
        1,
        0,
        0,
        0,
        1,
        1,
        0,
        0,
        0,
        0,
        1,
        0,
        1,
        0,
        0,
        0,
        1,
        0,
        1,
        1,
        0,
        1,
        0,
        0,
        0,
        0,
        0,
        2,
        0,
        0,
        0,
        0,
        0,
        1,
        0,
        0,
        1,
        0,
        0,
        0,
        0,
        0,
        1,
        1,
        0,
        1,
        1,
        0,
        1,
        0,
        0,
        3,
        0,
        1,
        0,
        1,
        1,
        1,
        1,
        0,
        0,
        0,
        1,
        1,
        0,
        0,
        0,
        1,
        0,
        1,
        1,
        1,
        1,
        1,
        0,
        0,
        0,
        1,
        0,
        1,
        1,
        0,
        0,
        3,
        1,
        2,
        1,
        0,
        1,
        1,
        0,
        0,
        0,
        1,
        1,
        1,
        1,
        0,
        1,
        1,
        0,
        0,
        2,
        2,
        1,
        0,
        0,
        0,
        0,
        0,
        0,
        2,
        0,
        0,
        0,
        0,
        3,
        0,
        2,
        0,
        0,
        0,
        0,
        0,
        0,
        0,
        2,
        0,
        2,
        0,
        2,
        2,
        0,
        0,
        0,
        3,
        0,
        0,
        0,
        2,
        2,
        2,
        0,
        0,
        2,
        0,
        2,
        0,
        1,
        0,
        0,
        0,
        0,
        2,
        0,
        0,
        0,
        0,
        0,
        0,
        0,
        0,
        0,
        0,
        0,
        0,
        1,
        0,
        2,
        0,
        2,
        0,
        1,
        2,
        0,
        0,
        2,
        0,
        0,
        0,
        0,
        3,
        0,
        1,
        0,
        1,
        0,
        0,
        3,
        2,
        2,
        1,
        0,
        2,
        2,
        0,
        0,
        0,
        3,
        0,
        0,
        0,
        3,
        0,
        2,
        0,
        2,
        0,
        0,
        1,
        0,
        0,
        0,
        0,
        2,
        0,
        2,
        0,
        0,
        0,
        3,
        0,
        0,
        0,
        1,
        0,
        0,
        3,
        1,
        0,
        1,
        0,
        2,
        0,
        0,
        0,
        0,
        2,
        0,
        0,
        0,
        0,
        0,
        0,
        2,
        2,
        1,
        2,
        2,
        0,
        2,
        0,
        0,
        0,
        1,
        0,
        0,
        0,
        0,
        0,
        2,
        0,
        2,
        2,
        0,
        2,
        0,
        3,
        2,
        2,
        0,
        0,
        0,
        0,
        0,
        0,
        0,
        2,
        0,
        0,
        0,
        2,
        0,
        2,
        2,
        0,
        0,
        0,
        0,
        0,
        0,
        0,
        0,
        0,
        0,
        2,
        3,
        0,
        0,
        2,
        0,
        2,
        0,
        1,
        0,
        3,
        0,
        0,
        0,
        2,
        2,
        0,
        2,
        0,
        2,
        0,
        0,
        2,
        2,
        2,
        2,
        2,
        2,
        1,
        3,
        2,
        0,
        2,
        2,
        2,
        0,
        0,
        0,
        2,
        0,
        0,
        0,
        0,
        2,
        0,
        0,
        1,
        1,
        2,
