{
    "with_labels": 0,
    "burn_in": 500,
    "thinning": 1,
    "runtime": 777.9396235942841,
    "healthy_ratio": 0.5,
    "max_log_likelihood": 1902.81435994285,
    "kendalls_tau": 0.4166666666666667,
    "subtype_acc": 0.2733110669780712,
    "n_subtypes": 4,
    "mean_stage_healthy": 0.04666666666666667,
    "ml_subtype": [
        2,
        2,
        0,
        2,
        2,
        2,
        0,
        0,
        0,
        2,
        2,
        2,
        0,
        1,
        2,
        1,
        2,
        2,
        1,
        1,
        0,
        0,
        2,
        2,
        0,
        2,
        2,
        0,
        2,
        2,
        2,
        0,
        2,
        2,
        1,
        2,
        1,
        2,
        2,
        2,
        2,
        2,
        0,
        2,
        2,
        2,
        2,
        2,
        0,
        2,
        2,
        2,
        2,
        2,
        2,
        2,
        2,
        0,
        0,
        1,
        2,
        0,
        1,
        2,
        0,
        2,
        2,
        2,
        2,
        0,
        2,
        2,
        2,
        0,
        2,
        0,
        2,
        2,
        2,
        2,
        2,
        0,
        0,
        2,
        0,
        0,
        0,
        0,
        1,
        0,
        2,
        1,
        2,
        2,
        0,
        2,
        0,
        2,
        2,
        2,
        2,
        2,
        2,
        2,
        2,
        0,
        1,
        2,
        0,
        0,
        2,
        2,
        1,
        2,
        2,
        2,
        0,
        0,
        0,
        0,
        2,
        0,
        2,
        2,
        2,
        2,
        2,
        2,
        2,
        0,
        0,
        0,
        2,
        2,
        1,
        0,
        1,
        1,
        0,
        2,
        1,
        0,
        2,
        2,
        1,
        2,
        0,
        2,
        2,
        2,
        2,
        0,
        0,
        0,
        2,
        0,
        0,
        0,
        2,
        2,
        1,
        2,
        0,
        0,
        1,
        2,
        0,
        0,
        2,
        2,
        0,
        0,
        2,
        2,
        0,
        0,
        0,
        2,
        2,
        2,
        0,
        2,
        1,
        2,
        0,
        2,
        0,
        0,
        0,
        2,
        2,
        2,
        2,
        2,
        0,
        2,
        0,
        2,
        1,
        2,
        2,
        2,
        0,
        2,
        2,
        2,
        0,
        2,
        2,
        2,
        2,
        2,
        2,
        1,
        2,
        2,
        1,
        0,
        0,
        0,
        0,
        2,
        0,
        2,
        0,
        2,
        0,
        1,
        1,
        1,
        2,
        2,
        0,
        1,
        0,
        2,
        2,
        0,
        0,
        2,
        2,
        1,
        2,
        0,
        0,
        2,
        2,
        2,
        2,
        2,
        0,
        0,
        2,
        0,
        1,
        0,
        0,
        1,
        0,
        2,
        2,
        2,
        2,
        1,
        2,
        2,
        2,
        0,
        2,
        2,
        2,
        0,
        1,
        0,
        0,
        1,
        2,
        2,
        1,
        2,
        1,
        2,
        0,
        2,
        0,
        0,
        2,
        2,
        0,
        0,
        0,
        1,
        0,
        2,
        1,
        1,
        0,
        2,
        2,
        0,
        0,
        2,
        0,
        1,
        2,
        1,
        2,
        0,
        1,
        0,
        0,
        1,
        2,
        0,
        2,
        1,
        1,
        2,
        1,
        0,
        2,
        2,
        2,
        2,
        0,
        2,
        1,
        2,
        2,
        1,
        2,
        1,
        0,
        1,
        1,
        0,
        1,
        2,
        2,
        0,
        2,
        2,
        2,
        2,
        2,
        2,
        2,
        2,
        1,
        0,
        1,
        2,
        1,
        1,
        2,
        2,
        2,
        2,
        2,
        2,
        2,
        2,
        1,
        0,
        1,
        0,
        1,
        2,
        1,
        1,
        2,
        2,
        0,
        1,
        2,
        1,
        2,
        0,
        1,
        1,
        1,
        1,
        2,
        2,
        2,
        1,
        1,
        2,
        2,
        1,
        2,
        1,
        2,
        0,
        1,
        2,
        2,
        1,
        2,
        2,
        1,
        2,
        2,
        2,
        2,
        2,
        2,
        1,
        2,
        2,
        1,
        1,
        2,
        2,
        2,
        1,
        1,
        2,
        1,
        2,
        1,
        1,
        1,
        2,
        1,
        1,
        2,
        1,
        1,
        2,
        1,
        1,
        1,
        2,
        1,
        2,
        0,
        1,
        2,
        1,
        1,
        1,
        1,
        2,
        1,
        1,
        2,
        1,
        0,
        1,
        0,
        2,
        1,
        2,
        2,
        2,
        1,
        0,
        2,
        2,
        0,
        2,
        1,
        1,
        0,
        1,
        2,
        1,
        2,
        1,
        1,
        1,
        2,
        0,
        2,
        2,
        1,
        1,
        2,
        0,
        1,
        1,
        1,
        1,
        2,
        2,
        1,
        1,
        1,
        2,
        0,
        1,
        2,
        2,
        2,
        1,
        2,
        2,
        2,
        1,
        2,
        1,
        0,
        2,
        1,
        2,
        1,
        2,
        1,
        1,
        1,
        2,
        2,
        1,
        1,
        2,
        1,
        1,
        2,
        2,
        0,
        1,
        2,
        2,
        2,
        2,
        2,
        1,
        1,
        2,
        1,
        1,
        1,
        2,
        1,
        2,
        1,
        2,
        1,
        1,
        2,
        1,
        1,
        1,
        2,
        2,
        1,
        2,
        1,
        1,
        1,
        2,
        2,
        2,
        2,
        1,
        1,
        2,
        1,
        2,
        2,
        2,
        2,
        1,
        2,
        1,
        2,
        2,
        1,
        1,
        2,
        2,
        1,
        1,
        1,
        2,
        1,
        1,
        2,
        1,
        2,
        1,
        1,
        2,
        2,
        2,
        2,
        2,
        2,
        1,
        1,
        1,
        2,
        2,
        1,
        2,
        1,
        2,
        2,
        2,
        1,
        2,
        1,
        2,
        2,
        1,
        1,
        2,
        1,
        2,
        2,
        1,
        2,
        2,
        1,
        2,
        1,
        2,
        2,
        1,
        2,
        1,
        2,
        2,
        2,
        1,
        2,
        2,
        2,
        2,
        2,
        2,
        1,
        1,
        1,
        1,
        0,
        2,
        1,
        0,
        2,
        2,
        1,
        0,
        2,
        2,
        2,
        2,
        0,
        2,
        2,
        1,
        2,
        2,
        1,
        2,
        0,
        2,
        1,
        2,
        1,
        2,
        2,
        1,
        2,
        1,
        1,
        2,
        1,
        2,
        1,
        1,
        1,
        1,
        2,
        1,
        2,
        2,
        1,
        1,
        2,
        2,
        1,
        1,
        1,
        1,
        2,
        0,
        1,
        2,
        2,
        2,
        1,
        1,
        1,
        1,
