{
    "with_labels": 0,
    "burn_in": 500,
    "thinning": 1,
    "runtime": 345.35679483413696,
    "healthy_ratio": 0.24933333333333332,
    "max_log_likelihood": 1001.6651362221511,
    "kendalls_tau": 0.21717171717171715,
    "subtype_acc": 0.22616306206668552,
    "n_subtypes": 3,
    "mean_stage_healthy": 0.0481283422459893,
    "ml_subtype": [
        2,
        2,
        2,
        2,
        0,
        2,
        2,
        2,
        2,
        0,
        2,
        2,
        0,
        2,
        2,
        2,
        2,
        0,
        2,
        2,
        2,
        0,
        2,
        2,
        2,
        2,
        2,
        0,
        2,
        2,
        2,
        2,
        0,
        0,
        0,
        2,
        2,
        0,
        2,
        2,
        0,
        2,
        0,
        2,
        2,
        0,
        2,
        2,
        2,
        1,
        2,
        0,
        2,
        2,
        2,
        2,
        2,
        0,
        2,
        0,
        0,
        2,
        2,
        2,
        2,
        2,
        2,
        1,
        2,
        2,
        0,
        2,
        0,
        2,
        2,
        0,
        2,
        2,
        2,
        0,
        2,
        2,
        0,
        2,
        2,
        2,
        2,
        0,
        2,
        2,
        2,
        2,
        0,
        0,
        0,
        0,
        2,
        0,
        2,
        0,
        2,
        2,
        0,
        2,
        2,
        2,
        2,
        2,
        2,
        2,
        2,
        2,
        0,
        2,
        2,
        0,
        2,
        2,
        2,
        0,
        2,
        2,
        0,
        2,
        0,
        2,
        2,
        0,
        2,
        2,
        2,
        2,
        2,
        2,
        1,
        2,
        2,
        2,
        0,
        2,
        0,
        0,
        2,
        2,
        2,
        2,
        0,
        0,
        0,
        0,
        2,
        2,
        2,
        2,
        2,
        2,
        2,
        2,
        2,
        2,
        2,
        2,
        2,
        0,
        2,
        0,
        2,
        2,
        2,
        2,
        1,
        2,
        2,
        2,
        2,
        2,
        2,
        2,
        2,
        2,
        2,
        0,
        2,
        0,
        2,
        2,
        0,
        0,
        2,
        2,
        2,
        2,
        2,
        0,
        2,
        2,
        0,
        2,
        2,
        2,
        2,
        2,
        2,
        2,
        0,
        2,
        2,
        0,
        0,
        2,
        2,
        0,
        2,
        2,
        0,
        2,
        0,
        2,
        2,
        2,
        2,
        1,
        2,
        0,
        0,
        2,
        2,
        2,
        2,
        1,
        0,
        2,
        2,
        2,
        2,
        0,
        2,
        2,
        2,
        0,
        2,
        2,
        2,
        0,
        2,
        2,
        2,
        0,
        2,
        0,
        2,
        2,
        1,
        2,
        2,
        2,
        2,
        2,
        2,
        2,
        2,
        0,
        2,
        2,
        2,
        0,
        0,
        0,
        0,
        0,
        2,
        2,
        2,
        2,
        2,
        2,
        2,
        2,
        2,
        2,
        2,
        2,
        2,
        2,
        2,
        2,
        2,
        2,
        2,
        2,
        2,
        2,
        2,
        0,
        2,
        2,
        2,
        2,
        2,
        2,
        2,
        2,
        0,
        2,
        0,
        2,
        2,
        0,
        0,
        0,
        2,
        2,
        2,
        2,
        2,
        2,
        0,
        2,
        2,
        2,
        0,
        0,
        2,
        0,
        0,
        2,
        0,
        2,
        2,
        0,
        0,
        2,
        2,
        2,
        2,
        0,
        2,
        0,
        2,
        2,
        2,
        2,
        2,
        2,
        0,
        2,
        2,
        2,
        2,
        2,
        2,
        2,
        2,
        2,
        2,
        1,
        0,
        2,
        0,
        2,
        2,
        0,
        1,
        2,
        2,
        2,
        2,
        0,
        2,
        0,
        2,
        0,
        0,
        2,
        2,
        2,
        2,
        2,
        1,
        2,
        0,
        2,
        0,
        2,
        0,
        0,
        2,
        2,
        0,
        2,
        2,
        2,
        2,
        2,
        0,
        2,
        2,
        2,
        2,
        2,
        2,
        2,
        2,
        2,
        2,
        0,
        2,
        2,
        0,
        2,
        2,
        1,
        2,
        2,
        2,
        2,
        2,
        2,
        2,
        1,
        2,
        2,
        2,
        2,
        2,
        0,
        2,
        2,
        0,
        2,
        1,
        2,
        2,
        2,
        2,
        2,
        0,
        2,
        2,
        2,
        2,
        2,
        2,
        2,
        0,
        2,
        2,
        0,
        2,
        0,
        2,
        1,
        2,
        0,
        1,
        2,
        2,
        2,
        2,
        2,
        0,
        0,
        2,
        2,
        2,
        2,
        2,
        2,
        2,
        2,
        2,
        2,
        2,
        2,
        1,
        2,
        2,
        0,
        2,
        2,
        0,
        2,
        2,
        2,
        0,
        2,
        2,
        2,
        2,
        2,
        2,
        0,
        2,
        2,
        0,
        2,
        2,
        0,
        2,
        2,
        2,
        2,
        2,
        2,
        2,
        1,
        0,
        2,
        2,
        0,
        1,
        0,
        0,
        2,
        0,
        2,
        2,
        0,
        2,
        2,
        2,
        2,
        2,
        2,
        2,
        2,
        2,
        2,
        2,
        2,
        0,
        2,
        2,
        2,
        2,
        0,
        2,
        2,
        0,
        0,
        2,
        2,
        2,
        2,
        2,
        2,
        0,
        2,
        2,
        2,
        2,
        2,
        0,
        2,
        2,
        2,
        2,
        2,
        0,
        2,
        2,
        0,
        2,
        0,
        2,
        2,
        2,
        0,
        2,
        2,
        0,
        2,
        2,
        0,
        2,
        0,
        0,
        2,
        2,
        2,
        2,
        2,
        0,
        2,
        2,
        2,
        0,
        0,
        2,
        2,
        2,
        2,
        2,
        0,
        2,
        0,
        2,
        0,
        2,
        0,
        2,
        2,
        2,
        0,
        0,
        2,
        0,
        2,
        0,
        1,
        1,
        0,
        1,
        0,
        2,
        1,
        0,
        0,
        2,
        0,
        1,
        1,
        0,
        2,
        0,
        2,
        0,
        0,
        0,
        0,
        0,
        0,
        0,
        0,
        1,
        2,
        0,
        0,
        0,
        0,
        1,
        1,
        0,
        1,
        1,
        2,
        2,
        0,
        0,
        0,
        0,
        1,
        0,
        0,
        0,
        1,
        1,
        0,
        0,
        0,
        0,
        0,
        2,
        0,
        0,
        1,
        1,
        1,
        0,
        2,
        0,
        2,
        1,
        2,
        1,
        1,
        0,
        1,
        0,
        1,
        0,
        0,
        0,
        1,
        0,
        0,
        1,
        0,
        2,
        0,
        1,
        0,
        1,
        2,
        0,
