{
    "with_labels": 0,
    "burn_in": 500,
    "thinning": 1,
    "runtime": 423.02166414260864,
    "healthy_ratio": 0.5,
    "max_log_likelihood": 2041.512866189937,
    "kendalls_tau": 0.26136363636363635,
    "subtype_acc": 0.3253064304993176,
    "n_subtypes": 4,
    "mean_stage_healthy": 0.09866666666666667,
    "ml_subtype": [
        1,
        1,
        1,
        2,
        2,
        1,
        2,
        1,
        1,
        1,
        2,
        1,
        3,
        1,
        1,
        1,
        1,
        2,
        1,
        3,
        1,
        1,
        2,
        1,
        1,
        1,
        3,
        3,
        1,
        1,
        1,
        3,
        1,
        1,
        1,
        1,
        1,
        1,
        1,
        1,
        1,
        0,
        1,
        1,
        1,
        1,
        3,
        1,
        1,
        1,
        2,
        1,
        3,
        1,
        2,
        2,
        2,
        1,
        1,
        1,
        1,
        1,
        1,
        3,
        1,
        1,
        1,
        1,
        0,
        1,
        1,
        1,
        3,
        1,
        1,
        1,
        1,
        1,
        1,
        1,
        1,
        2,
        1,
        1,
        1,
        1,
        1,
        2,
        1,
        1,
        1,
        3,
        2,
        1,
        2,
        0,
        1,
        1,
        1,
        2,
        1,
        1,
        1,
        2,
        1,
        3,
        1,
        2,
        3,
        1,
        2,
        1,
        1,
        1,
        1,
        0,
        1,
        1,
        1,
        1,
        1,
        1,
        2,
        2,
        1,
        1,
        1,
        1,
        1,
        3,
        1,
        1,
        1,
        1,
        1,
        1,
        1,
        1,
        1,
        1,
        0,
        1,
        1,
        1,
        1,
        1,
        1,
        1,
        0,
        2,
        1,
        1,
        1,
        1,
        1,
        1,
        1,
        1,
        1,
        1,
        1,
        1,
        1,
        1,
        1,
        3,
        1,
        0,
        1,
        2,
        1,
        1,
        1,
        3,
        3,
        2,
        3,
        1,
        1,
        1,
        1,
        1,
        1,
        1,
        1,
        2,
        1,
        1,
        1,
        1,
        1,
        3,
        1,
        1,
        1,
        1,
        1,
        1,
        3,
        2,
        1,
        2,
        3,
        1,
        3,
        2,
        1,
        1,
        1,
        1,
        1,
        3,
        2,
        1,
        1,
        1,
        1,
        2,
        1,
        3,
        0,
        3,
        0,
        1,
        1,
        3,
        1,
        2,
        2,
        1,
        1,
        1,
        1,
        1,
        1,
        1,
        1,
        1,
        1,
        1,
        1,
        1,
        1,
        0,
        1,
        1,
        1,
        2,
        1,
        1,
        1,
        1,
        2,
        1,
        1,
        1,
        1,
        1,
        1,
        1,
        1,
        1,
        1,
        1,
        1,
        1,
        3,
        1,
        1,
        1,
        2,
        0,
        0,
        2,
        1,
        1,
        2,
        1,
        1,
        2,
        1,
        1,
        1,
        1,
        1,
        1,
        1,
        2,
        1,
        1,
        3,
        1,
        1,
        3,
        3,
        1,
        1,
        3,
        3,
        1,
        1,
        1,
        1,
        1,
        2,
        1,
        1,
        1,
        1,
        1,
        3,
        1,
        1,
        0,
        2,
        3,
        0,
        1,
        1,
        2,
        1,
        2,
        2,
        3,
        1,
        0,
        3,
        1,
        1,
        1,
        1,
        1,
        1,
        1,
        1,
        1,
        1,
        1,
        1,
        3,
        1,
        1,
        1,
        3,
        1,
        1,
        1,
        1,
        1,
        1,
        1,
        3,
        1,
        1,
        1,
        1,
        1,
        1,
        1,
        3,
        1,
        1,
        0,
        1,
        1,
        1,
        1,
        2,
        1,
        2,
        2,
        0,
        1,
        1,
        0,
        1,
        1,
        3,
        2,
        1,
        1,
        1,
        1,
        0,
        1,
        1,
        1,
        1,
        1,
        1,
        3,
        1,
        3,
        1,
        1,
        0,
        2,
        3,
        1,
        1,
        1,
        1,
        1,
        1,
        1,
        2,
        1,
        1,
        1,
        1,
        1,
        1,
        1,
        1,
        2,
        1,
        2,
        1,
        2,
        1,
        1,
        1,
        1,
        1,
        1,
        1,
        1,
        1,
        0,
        1,
        1,
        1,
        1,
        1,
        1,
        1,
        1,
        1,
        2,
        1,
        1,
        1,
        0,
        1,
        1,
        1,
        0,
        0,
        0,
        2,
        1,
        1,
        1,
        1,
        1,
        1,
        1,
        3,
        1,
        1,
        1,
        0,
        0,
        3,
        1,
        3,
        1,
        1,
        3,
        1,
        1,
        1,
        1,
        1,
        1,
        1,
        1,
        3,
        1,
        3,
        2,
        2,
        0,
        1,
        1,
        0,
        1,
        0,
        1,
        3,
        1,
        1,
        3,
        1,
        3,
        0,
        1,
        3,
        3,
        3,
        0,
        1,
        1,
        1,
        0,
        1,
        1,
        2,
        1,
        1,
        1,
        1,
        0,
        1,
        0,
        1,
        0,
        2,
        1,
        1,
        1,
        0,
        2,
        2,
        1,
        1,
        1,
        0,
        3,
        1,
        3,
        0,
        1,
        3,
        1,
        2,
        1,
        1,
        2,
        2,
        1,
        0,
        1,
        1,
        2,
        0,
        3,
        3,
        1,
        0,
        1,
        3,
        1,
        1,
        1,
        1,
        1,
        1,
        1,
        1,
        1,
        1,
        1,
        1,
        0,
        1,
        0,
        2,
        3,
        3,
        3,
        1,
        1,
        3,
        1,
        3,
        1,
        2,
        1,
        1,
        1,
        1,
        1,
        3,
        1,
        0,
        1,
        1,
        0,
        1,
        1,
        1,
        1,
        2,
        1,
        1,
        3,
        1,
        1,
        0,
        1,
        0,
        0,
        2,
        1,
        1,
        1,
        0,
        0,
        3,
        0,
        0,
        3,
        1,
        0,
        1,
        0,
        1,
        3,
        1,
        0,
        1,
        3,
        1,
        1,
        3,
        0,
        1,
        1,
        1,
        0,
        0,
        1,
        1,
        0,
        1,
        1,
        1,
        0,
        1,
        3,
        1,
        1,
        3,
        0,
        3,
        1,
        2,
        1,
        1,
        1,
        1,
        3,
        1,
        1,
        1,
        3,
        2,
        1,
        3,
        1,
        1,
        1,
        1,
        1,
        1,
        2,
        3,
        1,
        1,
        0,
        3,
        0,
        0,
        0,
        3,
        1,
        3,
        1,
        0,
        3,
        0,
        1,
        1,
        1,
        3,
        1,
        1,
        1,
        2,
        1,
        1,
        1,
        1,
        0,
        1,
