{
    "with_labels": 0,
    "burn_in": 500,
    "thinning": 1,
    "runtime": 649.7798445224762,
    "healthy_ratio": 0.24883255503669113,
    "max_log_likelihood": -3845.475270888414,
    "kendalls_tau": 0.2333333333333333,
    "subtype_acc": 0.38516955093518707,
    "n_subtypes": 5,
    "mean_stage_healthy": 0.15281501340482573,
    "ml_subtype": [
        4,
        0,
        0,
        0,
        0,
        0,
        0,
        0,
        2,
        0,
        0,
        4,
        0,
        0,
        0,
        0,
        0,
        0,
        0,
        0,
        0,
        2,
        0,
        3,
        0,
        4,
        0,
        0,
        0,
        4,
        0,
        3,
        0,
        0,
        0,
        0,
        4,
        0,
        0,
        0,
        0,
        2,
        0,
        4,
        1,
        0,
        4,
        0,
        0,
        0,
        0,
        0,
        4,
        0,
        0,
        0,
        2,
        4,
        4,
        0,
        3,
        0,
        0,
        0,
        4,
        0,
        0,
        0,
        4,
        0,
        0,
        0,
        4,
        0,
        0,
        4,
        0,
        4,
        0,
        0,
        0,
        0,
        0,
        0,
        0,
        0,
        0,
        0,
        2,
        0,
        0,
        0,
        0,
        0,
        0,
        0,
        2,
        0,
        0,
        0,
        0,
        0,
        4,
        3,
        4,
        4,
        0,
        0,
        0,
        0,
        0,
        0,
        0,
        4,
        0,
        1,
        0,
        0,
        0,
        4,
        0,
        4,
        1,
        4,
        4,
        0,
        0,
        4,
        4,
        0,
        0,
        0,
        0,
        0,
        0,
        0,
        0,
        0,
        4,
        4,
        0,
        0,
        0,
        0,
        0,
        0,
        0,
        0,
        2,
        0,
        0,
        0,
        0,
        2,
        0,
        0,
        0,
        0,
        0,
        0,
        0,
        0,
        0,
        4,
        0,
        0,
        0,
        0,
        0,
        0,
        0,
        0,
        4,
        0,
        0,
        0,
        0,
        0,
        0,
        0,
        0,
        0,
        0,
        0,
        0,
        0,
        0,
        0,
        0,
        0,
        0,
        0,
        0,
        0,
        0,
        0,
        0,
        0,
        2,
        0,
        0,
        0,
        0,
        0,
        0,
        2,
        0,
        0,
        0,
        0,
        0,
        0,
        0,
        0,
        0,
        0,
        0,
        0,
        0,
        0,
        0,
        2,
        0,
        0,
        0,
        4,
        0,
        0,
        0,
        0,
        0,
        4,
        0,
        0,
        0,
        0,
        0,
        0,
        0,
        0,
        0,
        0,
        4,
        0,
        0,
        4,
        0,
        4,
        0,
        0,
        0,
        4,
        0,
        0,
        0,
        4,
        0,
        4,
        0,
        0,
        0,
        0,
        0,
        0,
        0,
        4,
        0,
        4,
        0,
        0,
        4,
        3,
        0,
        3,
        0,
        4,
        0,
        0,
        0,
        0,
        0,
        0,
        2,
        4,
        0,
        0,
        0,
        0,
        0,
        0,
        2,
        0,
        0,
        0,
        0,
        2,
        0,
        2,
        3,
        0,
        4,
        4,
        0,
        0,
        0,
        0,
        0,
        0,
        0,
        0,
        4,
        0,
        0,
        4,
        0,
        0,
        0,
        0,
        4,
        0,
        4,
        0,
        0,
        0,
        1,
        0,
        0,
        0,
        4,
        0,
        4,
        0,
        0,
        0,
        4,
        0,
        4,
        0,
        0,
        0,
        4,
        0,
        0,
        0,
        0,
        0,
        0,
        4,
        0,
        4,
        0,
        0,
        4,
        4,
        0,
        0,
        0,
        0,
        0,
        2,
        0,
        0,
        0,
        0,
        4,
        0,
        0,
        0,
        0,
        4,
        0,
        0,
        0,
        0,
        0,
        0,
        0,
        2,
        0,
        4,
        0,
        0,
        0,
        0,
        0,
        0,
        4,
        0,
        0,
        4,
        4,
        0,
        0,
        4,
        0,
        0,
        4,
        0,
        2,
        0,
        0,
        0,
        4,
        0,
        0,
        0,
        0,
        0,
        4,
        4,
        0,
        0,
        4,
        2,
        0,
        0,
        4,
        0,
        4,
        0,
        0,
        0,
        0,
        0,
        0,
        4,
        0,
        4,
        0,
        0,
        4,
        0,
        0,
        0,
        4,
        0,
        0,
        0,
        1,
        0,
        4,
        0,
        0,
        0,
        4,
        2,
        4,
        4,
        0,
        0,
        4,
        3,
        0,
        2,
        4,
        0,
        4,
        0,
        0,
        4,
        4,
        4,
        0,
        4,
        0,
        4,
        0,
        0,
        0,
        2,
        2,
        4,
        4,
        0,
        0,
        0,
        4,
        4,
        4,
        3,
        4,
        4,
        0,
        0,
        0,
        4,
        0,
        4,
        0,
        2,
        4,
        4,
        4,
        4,
        0,
        2,
        4,
        0,
        2,
        0,
        3,
        0,
        0,
        4,
        0,
        4,
        2,
        3,
        0,
        4,
        0,
        4,
        4,
        4,
        4,
        0,
        0,
        4,
        0,
        4,
        0,
        0,
        4,
        0,
        4,
        4,
        4,
        0,
        4,
        4,
        0,
        0,
        0,
        4,
        0,
        4,
        4,
        4,
        0,
        0,
        0,
        0,
        2,
        0,
        3,
        2,
        4,
        4,
        4,
        4,
        4,
        0,
        4,
        0,
        0,
        4,
        0,
        0,
        4,
        0,
        0,
        2,
        0,
        4,
        2,
        1,
        4,
        4,
        0,
        0,
        3,
        4,
        4,
        4,
        0,
        4,
        4,
        2,
        4,
        4,
        4,
        0,
        4,
        0,
        2,
        0,
        0,
        2,
        4,
        0,
        4,
        0,
        2,
        4,
        4,
        0,
        4,
        4,
        0,
        0,
        2,
        0,
        0,
        4,
        0,
        4,
        2,
        0,
        2,
        4,
        0,
        4,
        0,
        0,
        0,
        0,
        0,
        4,
        0,
        0,
        0,
        4,
        2,
        0,
        4,
        3,
        0,
        0,
        0,
        0,
        4,
        4,
        0,
        4,
        0,
        0,
        2,
        4,
        4,
        4,
        0,
        4,
        0,
        0,
        4,
        4,
        0,
        3,
        4,
        4,
        0,
        0,
        4,
        0,
        4,
        0,
        4,
        0,
        4,
        2,
        4,
        0,
        0,
        0,
        3,
        2,
        4,
        4,
        4,
        4,
        2,
        2,
        0,
        4,
        4,
        0,
        0,
        0,
        4,
        0,
        0,
        0,
        2,
        0,
        4,
        4,
        3,
        0,
        4,
        0,
        0,
        4,
        4,
        4,
        0,
