{
    "with_labels": 0,
    "burn_in": 500,
    "thinning": 1,
    "runtime": 485.1615951061249,
    "healthy_ratio": 0.24783477681545638,
    "max_log_likelihood": 479.97070745890176,
    "kendalls_tau": 0.36363636363636365,
    "subtype_acc": 0.641853633598206,
    "n_subtypes": 5,
    "mean_stage_healthy": 0.5645161290322581,
    "ml_subtype": [
        0,
        1,
        1,
        1,
        1,
        1,
        0,
        1,
        1,
        0,
        0,
        1,
        1,
        0,
        1,
        0,
        1,
        1,
        1,
        1,
        1,
        1,
        1,
        1,
        1,
        0,
        1,
        1,
        1,
        1,
        1,
        1,
        1,
        1,
        1,
        1,
        1,
        1,
        1,
        0,
        1,
        1,
        1,
        1,
        1,
        1,
        1,
        1,
        1,
        0,
        0,
        0,
        1,
        1,
        0,
        1,
        1,
        1,
        0,
        1,
        1,
        1,
        1,
        1,
        1,
        1,
        1,
        1,
        1,
        1,
        0,
        1,
        1,
        1,
        1,
        1,
        1,
        1,
        1,
        1,
        0,
        1,
        1,
        0,
        0,
        1,
        0,
        1,
        1,
        1,
        1,
        0,
        1,
        0,
        1,
        1,
        0,
        1,
        1,
        0,
        0,
        1,
        1,
        1,
        1,
        1,
        1,
        1,
        1,
        1,
        1,
        1,
        1,
        1,
        0,
        0,
        0,
        0,
        1,
        0,
        1,
        1,
        1,
        1,
        1,
        1,
        1,
        1,
        1,
        1,
        1,
        1,
        0,
        1,
        1,
        1,
        1,
        1,
        1,
        1,
        1,
        1,
        1,
        1,
        1,
        1,
        1,
        1,
        0,
        1,
        1,
        1,
        1,
        1,
        0,
        1,
        1,
        1,
        1,
        1,
        0,
        1,
        1,
        1,
        0,
        1,
        0,
        0,
        1,
        1,
        0,
        1,
        1,
        1,
        0,
        1,
        0,
        1,
        1,
        1,
        1,
        0,
        0,
        1,
        1,
        1,
        1,
        1,
        1,
        0,
        1,
        1,
        1,
        1,
        1,
        1,
        0,
        1,
        1,
        1,
        0,
        1,
        1,
        1,
        1,
        1,
        1,
        1,
        1,
        0,
        1,
        0,
        1,
        0,
        1,
        1,
        0,
        1,
        1,
        1,
        1,
        1,
        1,
        1,
        1,
        1,
        1,
        1,
        0,
        1,
        1,
        1,
        1,
        0,
        0,
        2,
        2,
        2,
        2,
        2,
        2,
        2,
        2,
        2,
        2,
        2,
        2,
        2,
        2,
        1,
        2,
        0,
        2,
        0,
        2,
        2,
        2,
        2,
        2,
        2,
        2,
        2,
        2,
        2,
        2,
        2,
        2,
        0,
        0,
        0,
        0,
        2,
        0,
        0,
        0,
        0,
        0,
        2,
        2,
        2,
        2,
        2,
        2,
        2,
        2,
        2,
        2,
        2,
        1,
        2,
        2,
        0,
        0,
        2,
        0,
        2,
        2,
        0,
        0,
        0,
        2,
        2,
        2,
        2,
        1,
        2,
        2,
        2,
        2,
        0,
        2,
        2,
        2,
        2,
        0,
        2,
        0,
        2,
        2,
        0,
        2,
        2,
        2,
        2,
        0,
        2,
        2,
        2,
        2,
        2,
        1,
        2,
        0,
        2,
        2,
        0,
        2,
        2,
        0,
        2,
        2,
        0,
        2,
        2,
        2,
        2,
        2,
        2,
        2,
        2,
        1,
        2,
        2,
        0,
        2,
        2,
        2,
        2,
        2,
        2,
        2,
        2,
        2,
        2,
        0,
        2,
        0,
        2,
        0,
        2,
        2,
        1,
        2,
        2,
        2,
        2,
        2,
        2,
        1,
        2,
        0,
        2,
        2,
        2,
        2,
        0,
        2,
        2,
        2,
        2,
        2,
        2,
        2,
        2,
        2,
        2,
        2,
        2,
        2,
        0,
        0,
        0,
        0,
        2,
        0,
        0,
        2,
        2,
        2,
        2,
        2,
        2,
        2,
        0,
        2,
        0,
        2,
        2,
        2,
        2,
        0,
        2,
        2,
        2,
        2,
        2,
        0,
        2,
        0,
        2,
        2,
        2,
        2,
        0,
        2,
        2,
        0,
        2,
        2,
        2,
        2,
        2,
        2,
        1,
        2,
        2,
        2,
        2,
        0,
        2,
        2,
        2,
        0,
        2,
        2,
        2,
        2,
        2,
        2,
        0,
        2,
        0,
        2,
        2,
        2,
        2,
        2,
        2,
        0,
        2,
        2,
        2,
        2,
        2,
        0,
        0,
        0,
        2,
        2,
        2,
        2,
        0,
        2,
        2,
        2,
        2,
        0,
        2,
        2,
        2,
        0,
        2,
        0,
        2,
        2,
        0,
        2,
        2,
        1,
        2,
        2,
        2,
        2,
        2,
        2,
        2,
        2,
        0,
        2,
        2,
        0,
        0,
        2,
        0,
        2,
        2,
        0,
        2,
        0,
        0,
        2,
        2,
        1,
        2,
        1,
        2,
        2,
        2,
        2,
        0,
        2,
        2,
        2,
        2,
        0,
        0,
        2,
        2,
        0,
        0,
        2,
        2,
        0,
        0,
        2,
        2,
        2,
        2,
        2,
        0,
        2,
        2,
        0,
        2,
        2,
        2,
        2,
        2,
        2,
        2,
        2,
        2,
        2,
        2,
        2,
        2,
        2,
        2,
        2,
        2,
        0,
        2,
        2,
        0,
        2,
        2,
        0,
        2,
        2,
        2,
        2,
        2,
        2,
        1,
        2,
        2,
        2,
        2,
        2,
        2,
        2,
        2,
        2,
        2,
        0,
        2,
        2,
        2,
        2,
        2,
        2,
        2,
        2,
        2,
        0,
        0,
        2,
        2,
        2,
        2,
        2,
        2,
        0,
        2,
        2,
        2,
        1,
        2,
        0,
        0,
        2,
        2,
        2,
        0,
        2,
        2,
        0,
        2,
        2,
        2,
        2,
        2,
        1,
        2,
        0,
        0,
        2,
        2,
        2,
        2,
        2,
        2,
        0,
        0,
        1,
        1,
        1,
        0,
        1,
        1,
        1,
        0,
        0,
        1,
        1,
        0,
        1,
        0,
        0,
        1,
        1,
        1,
        1,
        1,
        1,
        1,
        1,
        1,
        0,
        1,
        1,
        1,
        1,
        1,
        1,
        1,
        0,
        1,
        1,
        1,
        1,
        0,
        1,
        1,
        1,
        1,
        1,
        1,
        1,
        1,
        1,
        1,
        1,
        1,
        1,
