{
    "with_labels": 0,
    "burn_in": 500,
    "thinning": 1,
    "runtime": 682.1240501403809,
    "healthy_ratio": 0.5,
    "max_log_likelihood": 1374.1820756622842,
    "kendalls_tau": 0.3787878787878788,
    "subtype_acc": 0.22286419784072006,
    "n_subtypes": 5,
    "mean_stage_healthy": 0.010666666666666666,
    "ml_subtype": [
        3,
        0,
        0,
        0,
        0,
        0,
        3,
        0,
        3,
        0,
        2,
        0,
        0,
        0,
        0,
        3,
        0,
        1,
        0,
        0,
        3,
        0,
        3,
        0,
        0,
        0,
        3,
        3,
        3,
        0,
        0,
        3,
        4,
        0,
        3,
        0,
        0,
        0,
        0,
        3,
        0,
        0,
        0,
        2,
        3,
        3,
        0,
        0,
        3,
        0,
        0,
        0,
        2,
        0,
        0,
        1,
        0,
        3,
        0,
        1,
        3,
        0,
        0,
        0,
        3,
        0,
        0,
        0,
        0,
        0,
        0,
        1,
        3,
        0,
        0,
        3,
        0,
        3,
        0,
        3,
        3,
        3,
        3,
        0,
        0,
        0,
        3,
        3,
        0,
        0,
        3,
        1,
        0,
        3,
        3,
        0,
        0,
        0,
        0,
        0,
        0,
        0,
        0,
        0,
        0,
        0,
        3,
        0,
        0,
        0,
        2,
        0,
        0,
        0,
        0,
        0,
        3,
        0,
        0,
        0,
        0,
        0,
        3,
        0,
        3,
        1,
        0,
        0,
        0,
        0,
        3,
        0,
        3,
        3,
        0,
        0,
        0,
        3,
        3,
        3,
        3,
        4,
        0,
        0,
        0,
        3,
        0,
        0,
        0,
        1,
        3,
        0,
        3,
        0,
        0,
        1,
        0,
        3,
        0,
        0,
        0,
        0,
        0,
        0,
        3,
        3,
        3,
        0,
        0,
        0,
        0,
        0,
        0,
        3,
        0,
        0,
        0,
        3,
        0,
        0,
        3,
        3,
        0,
        0,
        3,
        0,
        1,
        3,
        0,
        4,
        3,
        0,
        0,
        0,
        3,
        0,
        0,
        3,
        0,
        0,
        0,
        0,
        0,
        0,
        0,
        0,
        0,
        3,
        0,
        3,
        3,
        0,
        1,
        1,
        0,
        0,
        0,
        3,
        3,
        0,
        0,
        0,
        1,
        0,
        3,
        0,
        0,
        0,
        0,
        3,
        0,
        0,
        0,
        3,
        3,
        0,
        0,
        0,
        0,
        0,
        2,
        0,
        0,
        0,
        3,
        0,
        0,
        0,
        0,
        1,
        0,
        0,
        0,
        0,
        0,
        0,
        0,
        0,
        0,
        0,
        3,
        0,
        0,
        4,
        0,
        0,
        0,
        0,
        1,
        1,
        3,
        0,
        0,
        1,
        0,
        2,
        0,
        1,
        0,
        0,
        1,
        0,
        0,
        1,
        1,
        0,
        0,
        0,
        1,
        1,
        0,
        1,
        0,
        0,
        0,
        0,
        0,
        0,
        1,
        0,
        0,
        0,
        0,
        1,
        0,
        1,
        0,
        0,
        0,
        1,
        0,
        0,
        1,
        0,
        1,
        1,
        0,
        0,
        1,
        1,
        0,
        3,
        1,
        0,
        1,
        1,
        0,
        0,
        0,
        1,
        1,
        0,
        0,
        1,
        0,
        0,
        0,
        0,
        1,
        1,
        1,
        0,
        0,
        0,
        1,
        0,
        0,
        0,
        0,
        1,
        0,
        1,
        0,
        0,
        0,
        2,
        1,
        1,
        0,
        3,
        1,
        0,
        0,
        0,
        1,
        0,
        0,
        0,
        0,
        0,
        1,
        0,
        0,
        0,
        4,
        0,
        1,
        0,
        1,
        0,
        0,
        1,
        0,
        1,
        0,
        1,
        0,
        1,
        1,
        0,
        1,
        0,
        1,
        1,
        1,
        1,
        0,
        0,
        3,
        0,
        1,
        2,
        1,
        1,
        1,
        0,
        0,
        0,
        0,
        1,
        1,
        1,
        1,
        1,
        1,
        1,
        0,
        0,
        0,
        0,
        0,
        0,
        0,
        1,
        1,
        0,
        0,
        0,
        1,
        0,
        0,
        1,
        1,
        0,
        0,
        1,
        0,
        1,
        0,
        0,
        0,
        1,
        0,
        1,
        1,
        1,
        1,
        0,
        0,
        1,
        1,
        1,
        2,
        1,
        1,
        4,
        0,
        0,
        1,
        0,
        1,
        0,
        0,
        1,
        0,
        0,
        0,
        0,
        0,
        0,
        0,
        1,
        1,
        0,
        1,
        0,
        0,
        1,
        0,
        1,
        0,
        1,
        0,
        1,
        1,
        0,
        1,
        1,
        0,
        0,
        0,
        0,
        0,
        1,
        0,
        0,
        0,
        0,
        2,
        0,
        0,
        1,
        0,
        0,
        0,
        1,
        1,
        0,
        1,
        0,
        0,
        1,
        0,
        0,
        0,
        1,
        0,
        0,
        0,
        0,
        0,
        0,
        2,
        1,
        1,
        1,
        0,
        0,
        0,
        1,
        0,
        1,
        0,
        1,
        0,
        0,
        1,
        1,
        2,
        0,
        0,
        1,
        0,
        0,
        1,
        0,
        1,
        1,
        0,
        0,
        1,
        1,
        0,
        0,
        0,
        1,
        0,
        1,
        0,
        0,
        0,
        1,
        1,
        0,
        1,
        0,
        1,
        1,
        0,
        0,
        0,
        1,
        1,
        0,
        0,
        0,
        1,
        1,
        1,
        0,
        0,
        0,
        0,
        1,
        1,
        1,
        1,
        1,
        1,
        0,
        0,
        0,
        0,
        0,
        0,
        0,
        0,
        1,
        1,
        1,
        3,
        0,
        1,
        0,
        1,
        0,
        0,
        1,
        0,
        0,
        0,
        2,
        0,
        0,
        0,
        2,
        0,
        0,
        1,
        3,
        0,
        0,
        1,
        0,
        0,
        0,
        0,
        0,
        3,
        0,
        3,
        3,
        0,
        0,
        0,
        0,
        0,
        3,
        0,
        0,
        0,
        0,
        0,
        1,
        0,
        0,
        0,
        0,
        0,
        0,
        0,
        0,
        0,
        0,
        0,
        0,
        0,
        0,
        3,
        0,
        0,
        0,
        0,
        1,
        0,
        0,
        0,
        0,
        0,
        0,
        0,
        0,
        0,
        0,
        0,
        1,
        2,
        0,
        0,
        3,
        0,
        0,
        0,
        3,
        3,
        0,
        0,
        0,
        0,
        3,
        0,
        0,
        0,
        1,
        3,
        0,
