{
    "with_labels": 0,
    "burn_in": 500,
    "thinning": 1,
    "runtime": 673.9488477706909,
    "healthy_ratio": 0.24850099933377748,
    "max_log_likelihood": 452.2258871775771,
    "kendalls_tau": 0.40909090909090906,
    "subtype_acc": 0.5406847869891023,
    "n_subtypes": 4,
    "mean_stage_healthy": 1.4021447721179625,
    "ml_subtype": [
        0,
        0,
        0,
        2,
        2,
        0,
        2,
        2,
        0,
        2,
        0,
        2,
        0,
        0,
        0,
        2,
        2,
        0,
        0,
        0,
        0,
        0,
        0,
        2,
        2,
        0,
        0,
        0,
        0,
        0,
        2,
        0,
        3,
        0,
        0,
        0,
        0,
        3,
        2,
        0,
        2,
        2,
        2,
        0,
        0,
        2,
        2,
        0,
        0,
        0,
        2,
        2,
        2,
        2,
        3,
        0,
        0,
        2,
        3,
        2,
        2,
        2,
        0,
        2,
        0,
        0,
        0,
        0,
        2,
        2,
        0,
        2,
        3,
        0,
        0,
        2,
        2,
        2,
        0,
        2,
        2,
        2,
        2,
        0,
        2,
        0,
        3,
        2,
        2,
        0,
        0,
        0,
        0,
        2,
        0,
        2,
        0,
        0,
        0,
        2,
        0,
        2,
        2,
        2,
        0,
        2,
        0,
        2,
        0,
        2,
        0,
        0,
        2,
        0,
        0,
        0,
        2,
        0,
        2,
        0,
        0,
        0,
        0,
        1,
        0,
        2,
        0,
        2,
        0,
        0,
        0,
        0,
        2,
        0,
        0,
        2,
        3,
        2,
        0,
        2,
        0,
        0,
        2,
        2,
        2,
        0,
        3,
        2,
        0,
        2,
        0,
        2,
        2,
        2,
        2,
        2,
        2,
        2,
        2,
        2,
        2,
        2,
        1,
        2,
        2,
        2,
        2,
        2,
        2,
        2,
        2,
        2,
        2,
        2,
        2,
        2,
        2,
        2,
        2,
        2,
        2,
        2,
        2,
        2,
        2,
        2,
        2,
        2,
        2,
        2,
        2,
        2,
        2,
        2,
        2,
        2,
        2,
        2,
        2,
        2,
        2,
        2,
        2,
        2,
        2,
        2,
        2,
        2,
        2,
        2,
        2,
        2,
        2,
        2,
        2,
        2,
        2,
        2,
        2,
        2,
        2,
        2,
        2,
        2,
        2,
        2,
        2,
        2,
        2,
        2,
        2,
        2,
        2,
        1,
        2,
        2,
        2,
        2,
        2,
        2,
        2,
        2,
        2,
        2,
        2,
        2,
        2,
        2,
        2,
        2,
        2,
        2,
        2,
        2,
        2,
        2,
        2,
        2,
        2,
        2,
        2,
        2,
        2,
        2,
        2,
        2,
        2,
        2,
        2,
        2,
        2,
        2,
        2,
        3,
        2,
        2,
        2,
        2,
        2,
        0,
        2,
        2,
        2,
        2,
        2,
        2,
        2,
        2,
        2,
        2,
        2,
        2,
        2,
        2,
        2,
        2,
        2,
        2,
        2,
        2,
        2,
        2,
        2,
        2,
        2,
        2,
        2,
        2,
        2,
        2,
        2,
        2,
        2,
        2,
        2,
        2,
        2,
        2,
        2,
        2,
        2,
        2,
        2,
        2,
        3,
        2,
        2,
        2,
        2,
        2,
        2,
        2,
        2,
        2,
        1,
        2,
        2,
        2,
        2,
        2,
        2,
        2,
        2,
        2,
        2,
        2,
        2,
        2,
        2,
        2,
        2,
        2,
        2,
        2,
        2,
        2,
        2,
        2,
        2,
        2,
        2,
        2,
        2,
        2,
        2,
        2,
        2,
        2,
        2,
        2,
        2,
        2,
        2,
        2,
        2,
        2,
        2,
        2,
        2,
        2,
        2,
        1,
        2,
        2,
        2,
        2,
        3,
        2,
        2,
        2,
        2,
        2,
        2,
        2,
        2,
        2,
        2,
        2,
        2,
        2,
        2,
        2,
        2,
        2,
        2,
        2,
        2,
        2,
        2,
        2,
        3,
        2,
        2,
        2,
        2,
        2,
        2,
        2,
        2,
        2,
        2,
        2,
        2,
        2,
        2,
        2,
        2,
        2,
        2,
        2,
        2,
        2,
        2,
        2,
        2,
        2,
        2,
        2,
        2,
        2,
        2,
        2,
        2,
        2,
        2,
        2,
        2,
        2,
        3,
        2,
        2,
        2,
        2,
        2,
        2,
        2,
        2,
        2,
        2,
        2,
        2,
        3,
        2,
        2,
        2,
        2,
        2,
        2,
        2,
        2,
        2,
        2,
        2,
        2,
        2,
        2,
        2,
        2,
        2,
        2,
        2,
        2,
        2,
        2,
        2,
        2,
        2,
        2,
        2,
        2,
        2,
        3,
        2,
        3,
        3,
        3,
        2,
        1,
        2,
        3,
        3,
        3,
        2,
        3,
        2,
        3,
        3,
        2,
        3,
        3,
        3,
        3,
        2,
        2,
        3,
        3,
        3,
        3,
        3,
        3,
        3,
        2,
        3,
        3,
        2,
        3,
        2,
        3,
        3,
        3,
        3,
        2,
        3,
        3,
        3,
        3,
        3,
        2,
        3,
        3,
        3,
        3,
        3,
        3,
        3,
        3,
        3,
        3,
        3,
        3,
        3,
        3,
        3,
        3,
        3,
        3,
        3,
        2,
        3,
        3,
        2,
        3,
        3,
        3,
        3,
        3,
        3,
        3,
        3,
        3,
        3,
        3,
        3,
        2,
        3,
        2,
        3,
        3,
        2,
        2,
        3,
        3,
        2,
        3,
        3,
        3,
        3,
        3,
        3,
        3,
        3,
        2,
        3,
        3,
        3,
        2,
        3,
        2,
        3,
        3,
        3,
        3,
        3,
        3,
        2,
        3,
        3,
        3,
        2,
        3,
        3,
        2,
        3,
        3,
        3,
        3,
        3,
        3,
        2,
        3,
        3,
        2,
        3,
        2,
        3,
        3,
        3,
        3,
        2,
        2,
        3,
        3,
        2,
        3,
        3,
        2,
        2,
        2,
        3,
        3,
        3,
        3,
        2,
        3,
        2,
        2,
        3,
        3,
        3,
        3,
        2,
        3,
        3,
        3,
        3,
        2,
        2,
        2,
        3,
        3,
        3,
        3,
        2,
        2,
        3,
        3,
        3,
        3,
        3,
        2,
        3,
        3,
        3,
        3,
        3,
        2,
        2,
        3,
        3,
        3,
        1,
        2,
        3,
        3,
        1,
        3,
        3,
        3,
        2,
        3,
        3,
        2,
        3,
        3,
        3,
