{
    "with_labels": 0,
    "burn_in": 500,
    "thinning": 1,
    "runtime": 448.20034170150757,
    "healthy_ratio": 0.5,
    "max_log_likelihood": 1721.2019737408812,
    "kendalls_tau": 0.2171717171717172,
    "subtype_acc": 0.18481632037295714,
    "n_subtypes": 3,
    "mean_stage_healthy": 0.04133333333333333,
    "ml_subtype": [
        0,
        0,
        0,
        0,
        0,
        0,
        1,
        0,
        0,
        2,
        1,
        0,
        1,
        2,
        0,
        1,
        0,
        1,
        1,
        0,
        0,
        2,
        2,
        0,
        2,
        0,
        0,
        0,
        1,
        0,
        0,
        1,
        0,
        0,
        2,
        0,
        2,
        0,
        0,
        0,
        0,
        0,
        0,
        0,
        1,
        0,
        0,
        0,
        0,
        0,
        0,
        0,
        2,
        2,
        0,
        1,
        0,
        1,
        0,
        0,
        0,
        0,
        1,
        1,
        1,
        1,
        0,
        1,
        1,
        1,
        0,
        0,
        0,
        0,
        0,
        0,
        0,
        0,
        2,
        0,
        2,
        0,
        0,
        0,
        0,
        1,
        0,
        0,
        0,
        0,
        0,
        0,
        1,
        1,
        1,
        0,
        0,
        0,
        2,
        0,
        1,
        2,
        2,
        0,
        0,
        0,
        0,
        1,
        2,
        0,
        0,
        2,
        0,
        2,
        1,
        1,
        0,
        1,
        0,
        1,
        0,
        0,
        0,
        2,
        0,
        0,
        0,
        0,
        1,
        0,
        0,
        1,
        1,
        2,
        0,
        0,
        0,
        0,
        1,
        1,
        1,
        0,
        0,
        0,
        1,
        1,
        0,
        1,
        0,
        0,
        2,
        0,
        0,
        0,
        2,
        1,
        2,
        0,
        2,
        0,
        1,
        0,
        1,
        0,
        0,
        1,
        0,
        1,
        2,
        1,
        2,
        0,
        0,
        0,
        2,
        0,
        0,
        2,
        0,
        0,
        2,
        0,
        2,
        0,
        2,
        0,
        0,
        0,
        0,
        0,
        0,
        0,
        0,
        0,
        0,
        0,
        0,
        1,
        0,
        1,
        0,
        0,
        0,
        0,
        0,
        2,
        1,
        0,
        2,
        0,
        0,
        1,
        0,
        0,
        2,
        0,
        0,
        0,
        0,
        0,
        0,
        1,
        1,
        1,
        1,
        0,
        0,
        0,
        0,
        1,
        1,
        2,
        2,
        0,
        2,
        0,
        2,
        0,
        0,
        0,
        1,
        1,
        1,
        2,
        2,
        0,
        0,
        2,
        2,
        2,
        1,
        2,
        2,
        1,
        1,
        1,
        0,
        1,
        0,
        1,
        1,
        2,
        0,
        0,
        2,
        2,
        0,
        1,
        2,
        0,
        1,
        0,
        1,
        2,
        2,
        0,
        0,
        0,
        0,
        0,
        0,
        0,
        2,
        0,
        2,
        0,
        1,
        1,
        1,
        0,
        0,
        1,
        0,
        0,
        0,
        2,
        1,
        0,
        1,
        0,
        0,
        2,
        1,
        1,
        0,
        2,
        0,
        0,
        0,
        1,
        2,
        0,
        1,
        1,
        1,
        0,
        0,
        0,
        0,
        0,
        1,
        0,
        0,
        2,
        1,
        0,
        1,
        1,
        0,
        1,
        0,
        1,
        0,
        0,
        0,
        0,
        1,
        0,
        2,
        2,
        1,
        0,
        0,
        0,
        0,
        2,
        0,
        0,
        1,
        0,
        1,
        0,
        0,
        1,
        0,
        0,
        0,
        2,
        0,
        0,
        1,
        2,
        2,
        2,
        1,
        2,
        1,
        1,
        2,
        0,
        0,
        2,
        0,
        1,
        0,
        0,
        0,
        0,
        1,
        1,
        0,
        1,
        0,
        1,
        1,
        2,
        2,
        0,
        0,
        0,
        0,
        1,
        0,
        0,
        1,
        2,
        1,
        0,
        0,
        1,
        1,
        2,
        1,
        0,
        1,
        0,
        1,
        0,
        0,
        2,
        0,
        0,
        0,
        1,
        0,
        0,
        1,
        0,
        0,
        2,
        0,
        1,
        0,
        0,
        0,
        0,
        0,
        0,
        2,
        0,
        0,
        0,
        1,
        0,
        2,
        0,
        2,
        0,
        0,
        0,
        0,
        1,
        0,
        1,
        0,
        0,
        1,
        1,
        2,
        1,
        2,
        2,
        2,
        0,
        0,
        0,
        0,
        1,
        0,
        2,
        0,
        1,
        1,
        0,
        0,
        0,
        1,
        0,
        2,
        0,
        2,
        0,
        0,
        0,
        0,
        1,
        0,
        1,
        0,
        0,
        1,
        0,
        2,
        2,
        0,
        0,
        1,
        2,
        2,
        1,
        1,
        1,
        1,
        0,
        2,
        0,
        1,
        0,
        0,
        1,
        0,
        1,
        0,
        2,
        0,
        1,
        0,
        1,
        0,
        0,
        2,
        0,
        0,
        0,
        0,
        0,
        0,
        0,
        2,
        0,
        0,
        2,
        1,
        0,
        0,
        1,
        0,
        0,
        0,
        0,
        2,
        1,
        0,
        0,
        0,
        1,
        0,
        0,
        0,
        0,
        0,
        0,
        0,
        0,
        0,
        0,
        0,
        1,
        0,
        0,
        1,
        0,
        0,
        0,
        0,
        0,
        0,
        0,
        0,
        0,
        0,
        0,
        0,
        0,
        0,
        0,
        0,
        0,
        0,
        0,
        0,
        0,
        0,
        0,
        0,
        0,
        0,
        0,
        0,
        0,
        0,
        0,
        0,
        0,
        0,
        0,
        2,
        0,
        0,
        0,
        1,
        0,
        0,
        0,
        0,
        0,
        2,
        0,
        0,
        0,
        1,
        0,
        0,
        0,
        0,
        0,
        0,
        0,
        2,
        0,
        0,
        0,
        0,
        0,
        0,
        0,
        0,
        0,
        2,
        0,
        0,
        0,
        0,
        1,
        1,
        0,
        1,
        0,
        2,
        0,
        0,
        0,
        2,
        0,
        0,
        0,
        0,
        0,
        0,
        0,
        0,
        0,
        0,
        0,
        0,
        0,
        0,
        1,
        0,
        1,
        0,
        0,
        0,
        0,
        0,
        0,
        0,
        0,
        2,
        0,
        0,
        1,
        0,
        0,
        0,
        0,
        0,
        0,
        0,
        0,
        0,
        0,
        2,
        0,
        0,
        0,
        0,
        2,
        0,
        0,
        0,
        0,
        0,
        0,
        0,
        0,
        0,
        0,
        0,
        0,
        0,
        0,
        0,
        2,
        0,
        0,
