{
    "with_labels": 0,
    "burn_in": 500,
    "thinning": 1,
    "runtime": 660.6659390926361,
    "healthy_ratio": 0.24866666666666667,
    "max_log_likelihood": 174.83841013019088,
    "kendalls_tau": 0.4,
    "subtype_acc": 0.8348495224805416,
    "n_subtypes": 5,
    "mean_stage_healthy": 5.050938337801608,
    "ml_subtype": [
        2,
        2,
        2,
        0,
        0,
        2,
        2,
        2,
        2,
        2,
        2,
        2,
        2,
        2,
        2,
        0,
        2,
        2,
        0,
        0,
        0,
        0,
        0,
        0,
        0,
        0,
        2,
        2,
        2,
        2,
        2,
        0,
        0,
        2,
        2,
        2,
        0,
        0,
        2,
        2,
        0,
        2,
        2,
        0,
        0,
        2,
        0,
        0,
        2,
        2,
        0,
        2,
        0,
        0,
        2,
        0,
        2,
        2,
        0,
        0,
        2,
        0,
        2,
        2,
        2,
        2,
        2,
        0,
        0,
        0,
        2,
        2,
        2,
        2,
        2,
        2,
        0,
        2,
        2,
        2,
        0,
        0,
        2,
        2,
        0,
        0,
        0,
        2,
        0,
        2,
        2,
        2,
        0,
        0,
        0,
        2,
        2,
        0,
        2,
        2,
        2,
        0,
        2,
        2,
        2,
        0,
        2,
        2,
        2,
        2,
        2,
        2,
        2,
        2,
        0,
        2,
        2,
        2,
        0,
        2,
        2,
        2,
        0,
        2,
        2,
        0,
        0,
        2,
        0,
        2,
        2,
        0,
        0,
        2,
        2,
        2,
        0,
        2,
        2,
        1,
        2,
        2,
        0,
        2,
        2,
        2,
        2,
        2,
        0,
        0,
        2,
        2,
        0,
        0,
        2,
        2,
        2,
        0,
        2,
        2,
        2,
        2,
        2,
        0,
        0,
        2,
        0,
        2,
        2,
        2,
        2,
        2,
        0,
        0,
        2,
        0,
        0,
        0,
        2,
        0,
        2,
        2,
        2,
        0,
        2,
        0,
        2,
        2,
        0,
        2,
        2,
        0,
        2,
        2,
        2,
        2,
        2,
        2,
        0,
        2,
        2,
        2,
        0,
        2,
        2,
        2,
        0,
        0,
        2,
        2,
        0,
        2,
        2,
        0,
        2,
        2,
        2,
        2,
        2,
        0,
        2,
        2,
        2,
        2,
        2,
        2,
        0,
        0,
        2,
        2,
        2,
        2,
        0,
        2,
        0,
        2,
        2,
        2,
        2,
        2,
        2,
        0,
        2,
        0,
        2,
        2,
        0,
        0,
        0,
        2,
        2,
        2,
        0,
        0,
        0,
        0,
        2,
        2,
        2,
        2,
        2,
        2,
        2,
        2,
        0,
        2,
        2,
        2,
        2,
        0,
        0,
        2,
        2,
        0,
        0,
        2,
        2,
        0,
        0,
        2,
        2,
        0,
        0,
        2,
        2,
        2,
        0,
        2,
        0,
        0,
        2,
        0,
        0,
        2,
        2,
        2,
        2,
        0,
        0,
        2,
        2,
        2,
        2,
        0,
        2,
        2,
        0,
        2,
        0,
        0,
        2,
        2,
        2,
        0,
        0,
        2,
        2,
        2,
        2,
        0,
        2,
        2,
        2,
        2,
        2,
        2,
        2,
        2,
        2,
        2,
        2,
        0,
        2,
        2,
        2,
        2,
        2,
        2,
        0,
        2,
        2,
        2,
        2,
        2,
        2,
        2,
        2,
        0,
        2,
        0,
        0,
        2,
        0,
        0,
        2,
        2,
        2,
        2,
        2,
        2,
        0,
        2,
        0,
        2,
        0,
        0,
        0,
        0,
        2,
        2,
        2,
        2,
        2,
        0,
        0,
        2,
        2,
        0,
        0,
        0,
        2,
        2,
        0,
        2,
        2,
        0,
        3,
        3,
        1,
        0,
        3,
        3,
        3,
        3,
        3,
        3,
        3,
        0,
        3,
        3,
        3,
        3,
        3,
        0,
        3,
        0,
        3,
        3,
        3,
        0,
        3,
        0,
        3,
        3,
        3,
        3,
        0,
        3,
        0,
        3,
        2,
        0,
        0,
        3,
        3,
        3,
        0,
        0,
        3,
        1,
        3,
        3,
        3,
        3,
        3,
        3,
        3,
        3,
        3,
        3,
        3,
        0,
        3,
        0,
        3,
        3,
        3,
        3,
        3,
        3,
        3,
        3,
        3,
        3,
        1,
        3,
        3,
        3,
        3,
        3,
        0,
        3,
        3,
        3,
        3,
        3,
        3,
        3,
        3,
        3,
        3,
        0,
        3,
        3,
        3,
        3,
        3,
        3,
        3,
        0,
        3,
        0,
        3,
        3,
        0,
        3,
        0,
        3,
        3,
        0,
        0,
        3,
        3,
        0,
        3,
        3,
        3,
        3,
        3,
        3,
        3,
        3,
        3,
        3,
        3,
        3,
        3,
        3,
        3,
        3,
        3,
        3,
        3,
        0,
        0,
        3,
        3,
        3,
        0,
        3,
        3,
        3,
        0,
        3,
        0,
        3,
        0,
        3,
        0,
        0,
        0,
        3,
        3,
        3,
        0,
        0,
        0,
        0,
        3,
        3,
        0,
        3,
        0,
        3,
        0,
        3,
        0,
        0,
        3,
        0,
        3,
        3,
        3,
        3,
        3,
        0,
        3,
        3,
        3,
        3,
        3,
        0,
        3,
        3,
        3,
        3,
        3,
        3,
        3,
        3,
        3,
        3,
        3,
        3,
        0,
        3,
        3,
        3,
        0,
        3,
        0,
        3,
        0,
        3,
        3,
        0,
        3,
        0,
        0,
        3,
        0,
        3,
        0,
        3,
        3,
        3,
        3,
        3,
        3,
        3,
        3,
        0,
        3,
        3,
        3,
        3,
        0,
        3,
        3,
        3,
        0,
        3,
        3,
        3,
        3,
        3,
        0,
        3,
        3,
        3,
        3,
        3,
        3,
        3,
        3,
        0,
        3,
        3,
        3,
        0,
        3,
        3,
        0,
        3,
        3,
        3,
        3,
        3,
        3,
        3,
        3,
        3,
        0,
        3,
        4,
        3,
        3,
        3,
        3,
        3,
        0,
        3,
        3,
        0,
        3,
        3,
        3,
        0,
        3,
        3,
        3,
        3,
        0,
        3,
        0,
        3,
        3,
        3,
        0,
        0,
        3,
        3,
        3,
        3,
        0,
        0,
        0,
        3,
        3,
        0,
        4,
        0,
        4,
        4,
        4,
        4,
        4,
        4,
        0,
        4,
        4,
        4,
        4,
        4,
        0,
        4,
