{
    "with_labels": 0,
    "burn_in": 500,
    "thinning": 1,
    "runtime": 485.63472390174866,
    "healthy_ratio": 0.5,
    "max_log_likelihood": 581.3067817119164,
    "kendalls_tau": 0.3939393939393939,
    "subtype_acc": 0.7696432098635345,
    "n_subtypes": 5,
    "mean_stage_healthy": 0.8653333333333333,
    "ml_subtype": [
        4,
        2,
        2,
        4,
        2,
        2,
        4,
        2,
        2,
        2,
        2,
        4,
        4,
        4,
        2,
        2,
        2,
        4,
        4,
        4,
        4,
        2,
        4,
        4,
        4,
        2,
        4,
        4,
        2,
        2,
        4,
        4,
        2,
        2,
        4,
        4,
        2,
        4,
        4,
        4,
        4,
        2,
        2,
        4,
        2,
        4,
        2,
        2,
        4,
        4,
        2,
        4,
        4,
        4,
        4,
        4,
        4,
        4,
        4,
        3,
        2,
        2,
        2,
        2,
        2,
        4,
        4,
        4,
        4,
        4,
        2,
        2,
        2,
        2,
        2,
        2,
        4,
        4,
        4,
        2,
        4,
        2,
        2,
        4,
        4,
        4,
        2,
        2,
        2,
        4,
        4,
        2,
        2,
        2,
        4,
        4,
        2,
        4,
        2,
        2,
        2,
        4,
        4,
        2,
        4,
        4,
        4,
        4,
        2,
        4,
        2,
        2,
        4,
        4,
        2,
        2,
        4,
        4,
        2,
        4,
        4,
        2,
        4,
        4,
        2,
        2,
        2,
        4,
        4,
        4,
        2,
        4,
        2,
        2,
        4,
        4,
        4,
        4,
        2,
        4,
        2,
        4,
        4,
        4,
        2,
        2,
        4,
        2,
        4,
        2,
        2,
        4,
        4,
        4,
        2,
        2,
        2,
        4,
        4,
        4,
        4,
        2,
        2,
        4,
        2,
        4,
        2,
        2,
        4,
        2,
        4,
        4,
        4,
        4,
        4,
        2,
        2,
        4,
        4,
        4,
        2,
        2,
        4,
        2,
        2,
        4,
        2,
        4,
        2,
        4,
        2,
        4,
        2,
        2,
        4,
        4,
        2,
        4,
        2,
        4,
        2,
        4,
        4,
        2,
        2,
        4,
        4,
        2,
        4,
        4,
        2,
        4,
        4,
        4,
        4,
        4,
        2,
        2,
        4,
        2,
        4,
        4,
        4,
        2,
        4,
        4,
        4,
        2,
        4,
        2,
        2,
        2,
        4,
        4,
        2,
        2,
        4,
        2,
        2,
        4,
        2,
        2,
        4,
        2,
        2,
        2,
        4,
        2,
        2,
        2,
        2,
        2,
        2,
        2,
        2,
        2,
        2,
        2,
        2,
        2,
        2,
        2,
        2,
        4,
        2,
        2,
        2,
        2,
        2,
        2,
        4,
        4,
        4,
        4,
        4,
        2,
        4,
        2,
        4,
        4,
        2,
        4,
        4,
        2,
        2,
        4,
        2,
        4,
        2,
        4,
        2,
        4,
        2,
        2,
        2,
        2,
        2,
        2,
        2,
        2,
        4,
        4,
        2,
        2,
        2,
        2,
        4,
        2,
        2,
        2,
        4,
        2,
        2,
        2,
        4,
        2,
        4,
        4,
        2,
        2,
        2,
        2,
        2,
        2,
        4,
        2,
        4,
        2,
        2,
        2,
        2,
        2,
        2,
        2,
        2,
        2,
        2,
        4,
        2,
        2,
        2,
        2,
        4,
        2,
        4,
        2,
        4,
        2,
        2,
        2,
        2,
        2,
        2,
        2,
        4,
        2,
        2,
        4,
        4,
        2,
        4,
        2,
        2,
        2,
        2,
        4,
        2,
        2,
        4,
        2,
        4,
        2,
        2,
        4,
        4,
        4,
        2,
        2,
        2,
        2,
        2,
        2,
        4,
        2,
        2,
        2,
        4,
        0,
        4,
        4,
        4,
        2,
        2,
        2,
        2,
        2,
        4,
        2,
        2,
        2,
        4,
        2,
        2,
        2,
        4,
        4,
        4,
        4,
        4,
        4,
        2,
        2,
        2,
        2,
        2,
        4,
        2,
        2,
        2,
        4,
        2,
        2,
        2,
        4,
        2,
        4,
        2,
        2,
        2,
        2,
        4,
        2,
        2,
        2,
        2,
        2,
        4,
        2,
        4,
        4,
        2,
        2,
        2,
        2,
        4,
        2,
        2,
        2,
        2,
        2,
        2,
        2,
        2,
        2,
        2,
        2,
        2,
        2,
        2,
        2,
        2,
        2,
        4,
        4,
        4,
        2,
        2,
        4,
        2,
        2,
        2,
        2,
        2,
        4,
        2,
        4,
        4,
        2,
        2,
        2,
        2,
        2,
        2,
        2,
        2,
        2,
        2,
        2,
        2,
        4,
        2,
        2,
        4,
        2,
        4,
        2,
        2,
        4,
        2,
        2,
        2,
        2,
        2,
        4,
        2,
        4,
        0,
        2,
        2,
        0,
        4,
        2,
        2,
        2,
        2,
        2,
        4,
        0,
        0,
        0,
        4,
        0,
        2,
        0,
        0,
        2,
        0,
        0,
        0,
        0,
        0,
        0,
        0,
        2,
        0,
        2,
        0,
        0,
        2,
        0,
        0,
        0,
        0,
        2,
        0,
        0,
        2,
        2,
        2,
        0,
        0,
        2,
        0,
        2,
        2,
        2,
        0,
        0,
        0,
        0,
        0,
        0,
        4,
        0,
        2,
        0,
        2,
        2,
        2,
        2,
        4,
        4,
        2,
        0,
        0,
        0,
        2,
        2,
        2,
        0,
        2,
        2,
        2,
        2,
        0,
        0,
        2,
        2,
        0,
        2,
        0,
        0,
        0,
        0,
        2,
        4,
        4,
        2,
        2,
        0,
        2,
        2,
        0,
        0,
        2,
        2,
        2,
        2,
        2,
        2,
        0,
        2,
        2,
        0,
        2,
        0,
        0,
        0,
        0,
        0,
        2,
        0,
        2,
        0,
        0,
        2,
        2,
        2,
        2,
        2,
        2,
        2,
        0,
        2,
        2,
        0,
        4,
        0,
        0,
        0,
        0,
        0,
        0,
        0,
        0,
        0,
        2,
        0,
        2,
        2,
        0,
        0,
        0,
        2,
        0,
        0,
        2,
        2,
        2,
        2,
        0,
        0,
        0,
        2,
        0,
        0,
        2,
        0,
        2,
        0,
        0,
        4,
        2,
        0,
        0,
        2,
        2,
        0,
        2,
        0,
        2,
        0,
        2,
        0,
        0,
        0,
        2,
        0,
        2,
        0,
        0,
        0,
        2,
        0,
        2,
        0,
