{
    "with_labels": 0,
    "burn_in": 500,
    "thinning": 1,
    "runtime": 534.512998342514,
    "healthy_ratio": 0.5,
    "max_log_likelihood": -1955.5715379646558,
    "kendalls_tau": 0.3371212121212121,
    "subtype_acc": 0.05872253018163285,
    "n_subtypes": 4,
    "mean_stage_healthy": 1.0186666666666666,
    "ml_subtype": [
        1,
        1,
        0,
        0,
        0,
        0,
        0,
        0,
        0,
        3,
        0,
        1,
        1,
        0,
        0,
        0,
        0,
        0,
        0,
        0,
        0,
        2,
        0,
        0,
        0,
        0,
        0,
        1,
        0,
        1,
        2,
        1,
        0,
        0,
        1,
        0,
        1,
        1,
        0,
        0,
        0,
        0,
        3,
        0,
        0,
        3,
        1,
        1,
        0,
        1,
        3,
        0,
        1,
        0,
        0,
        0,
        2,
        1,
        1,
        0,
        0,
        0,
        0,
        3,
        0,
        0,
        1,
        0,
        0,
        1,
        0,
        0,
        0,
        0,
        0,
        0,
        0,
        1,
        1,
        0,
        0,
        0,
        0,
        0,
        1,
        1,
        1,
        0,
        1,
        1,
        3,
        1,
        0,
        1,
        0,
        0,
        0,
        0,
        0,
        1,
        0,
        0,
        1,
        1,
        0,
        0,
        0,
        0,
        0,
        0,
        0,
        1,
        0,
        1,
        0,
        0,
        1,
        2,
        3,
        0,
        1,
        1,
        3,
        1,
        0,
        1,
        0,
        0,
        0,
        1,
        0,
        0,
        0,
        1,
        3,
        0,
        1,
        0,
        0,
        1,
        0,
        1,
        0,
        0,
        0,
        0,
        0,
        0,
        0,
        2,
        0,
        0,
        0,
        0,
        0,
        0,
        0,
        1,
        3,
        0,
        2,
        0,
        0,
        2,
        3,
        0,
        0,
        3,
        0,
        0,
        0,
        0,
        0,
        0,
        0,
        1,
        0,
        1,
        2,
        0,
        0,
        0,
        0,
        0,
        0,
        0,
        0,
        0,
        0,
        0,
        0,
        0,
        0,
        0,
        1,
        0,
        0,
        0,
        0,
        0,
        0,
        1,
        0,
        0,
        0,
        0,
        0,
        0,
        0,
        0,
        0,
        0,
        0,
        0,
        0,
        0,
        0,
        0,
        0,
        3,
        1,
        0,
        0,
        0,
        0,
        1,
        0,
        0,
        2,
        0,
        0,
        0,
        0,
        0,
        3,
        3,
        0,
        0,
        0,
        0,
        0,
        2,
        0,
        0,
        0,
        0,
        0,
        0,
        0,
        0,
        0,
        0,
        0,
        0,
        0,
        0,
        2,
        3,
        0,
        0,
        0,
        0,
        0,
        0,
        0,
        0,
        0,
        0,
        0,
        0,
        1,
        0,
        2,
        0,
        0,
        0,
        0,
        0,
        0,
        0,
        0,
        0,
        0,
        0,
        0,
        0,
        0,
        0,
        3,
        2,
        0,
        0,
        0,
        0,
        0,
        0,
        3,
        0,
        0,
        0,
        2,
        0,
        0,
        3,
        0,
        0,
        0,
        0,
        0,
        0,
        0,
        3,
        0,
        0,
        0,
        2,
        0,
        0,
        1,
        0,
        1,
        0,
        0,
        0,
        0,
        0,
        0,
        0,
        0,
        0,
        1,
        0,
        0,
        1,
        0,
        2,
        1,
        0,
        1,
        0,
        1,
        0,
        0,
        0,
        1,
        0,
        1,
        3,
        0,
        1,
        0,
        1,
        0,
        0,
        0,
        0,
        1,
        0,
        0,
        1,
        1,
        0,
        1,
        0,
        0,
        0,
        0,
        1,
        1,
        0,
        1,
        3,
        0,
        1,
        1,
        0,
        0,
        0,
        0,
        1,
        0,
        0,
        1,
        0,
        0,
        1,
        3,
        3,
        0,
        0,
        0,
        1,
        0,
        1,
        1,
        0,
        0,
        1,
        3,
        1,
        0,
        0,
        0,
        0,
        1,
        0,
        0,
        1,
        0,
        3,
        0,
        0,
        1,
        0,
        1,
        0,
        0,
        1,
        0,
        0,
        0,
        0,
        1,
        0,
        0,
        1,
        0,
        1,
        0,
        1,
        0,
        3,
        1,
        0,
        0,
        0,
        2,
        0,
        0,
        3,
        0,
        0,
        0,
        0,
        0,
        0,
        0,
        0,
        0,
        0,
        0,
        1,
        0,
        1,
        2,
        0,
        0,
        0,
        1,
        0,
        0,
        2,
        0,
        0,
        0,
        3,
        0,
        1,
        3,
        0,
        3,
        0,
        0,
        0,
        0,
        0,
        0,
        0,
        0,
        3,
        1,
        1,
        2,
        3,
        1,
        0,
        1,
        1,
        0,
        1,
        0,
        0,
        1,
        0,
        0,
        0,
        1,
        0,
        1,
        0,
        0,
        0,
        0,
        0,
        0,
        1,
        0,
        0,
        3,
        0,
        1,
        1,
        1,
        0,
        0,
        3,
        1,
        1,
        0,
        1,
        1,
        0,
        0,
        0,
        0,
        0,
        1,
        0,
        2,
        0,
        1,
        0,
        0,
        0,
        3,
        1,
        0,
        1,
        1,
        1,
        0,
        1,
        3,
        0,
        2,
        0,
        0,
        1,
        3,
        0,
        1,
        1,
        0,
        1,
        0,
        3,
        1,
        1,
        0,
        0,
        1,
        0,
        0,
        0,
        2,
        0,
        1,
        0,
        1,
        0,
        1,
        0,
        0,
        0,
        3,
        1,
        0,
        0,
        0,
        0,
        0,
        0,
        0,
        0,
        2,
        0,
        0,
        0,
        2,
        1,
        0,
        0,
        0,
        0,
        1,
        0,
        0,
        1,
        1,
        0,
        0,
        0,
        1,
        0,
        1,
        3,
        1,
        1,
        0,
        0,
        0,
        0,
        0,
        3,
        0,
        3,
        1,
        0,
        0,
        3,
        0,
        1,
        0,
        1,
        1,
        1,
        0,
        1,
        1,
        3,
        0,
        0,
        3,
        1,
        0,
        1,
        3,
        0,
        0,
        1,
        0,
        1,
        0,
        1,
        1,
        1,
        1,
        2,
        3,
        0,
        0,
        1,
        0,
        0,
        0,
        0,
        2,
        1,
        1,
        0,
        1,
        3,
        1,
        0,
        1,
        0,
        0,
        2,
        1,
        0,
        0,
        0,
        1,
        3,
        3,
        0,
        1,
        0,
        0,
        0,
        0,
        1,
        0,
        1,
        1,
        0,
        1,
        0,
        0,
        1,
        0,
        0,
        1,
        0,
        1,
        1,
