{
    "with_labels": 0,
    "burn_in": 500,
    "thinning": 1,
    "runtime": 829.2405762672424,
    "healthy_ratio": 0.5,
    "max_log_likelihood": 3373.318848241954,
    "kendalls_tau": 0.41919191919191917,
    "subtype_acc": 0.489218992036264,
    "n_subtypes": 3,
    "mean_stage_healthy": 2.006666666666667,
    "ml_subtype": [
        0,
        1,
        1,
        0,
        0,
        1,
        0,
        1,
        0,
        0,
        0,
        0,
        1,
        1,
        1,
        0,
        1,
        0,
        0,
        0,
        1,
        0,
        1,
        0,
        1,
        1,
        0,
        1,
        1,
        1,
        0,
        1,
        1,
        1,
        1,
        1,
        0,
        1,
        0,
        1,
        0,
        1,
        1,
        0,
        1,
        0,
        0,
        1,
        0,
        1,
        1,
        1,
        0,
        1,
        1,
        0,
        0,
        1,
        0,
        1,
        0,
        1,
        0,
        1,
        1,
        0,
        0,
        0,
        0,
        0,
        2,
        1,
        1,
        2,
        2,
        1,
        0,
        1,
        2,
        2,
        2,
        1,
        2,
        1,
        1,
        0,
        0,
        0,
        1,
        1,
        0,
        2,
        1,
        0,
        1,
        1,
        1,
        2,
        2,
        1,
        1,
        0,
        2,
        0,
        1,
        2,
        1,
        1,
        1,
        0,
        2,
        1,
        0,
        1,
        0,
        2,
        2,
        1,
        1,
        1,
        1,
        1,
        1,
        2,
        1,
        1,
        0,
        2,
        2,
        1,
        1,
        2,
        1,
        1,
        2,
        1,
        1,
        0,
        1,
        1,
        1,
        0,
        1,
        0,
        2,
        2,
        1,
        1,
        1,
        1,
        1,
        2,
        1,
        2,
        1,
        1,
        2,
        1,
        1,
        0,
        0,
        0,
        2,
        1,
        0,
        2,
        2,
        1,
        2,
        1,
        1,
        1,
        2,
        2,
        2,
        2,
        0,
        0,
        0,
        1,
        2,
        0,
        1,
        1,
        1,
        2,
        1,
        1,
        1,
        2,
        1,
        1,
        0,
        2,
        2,
        2,
        1,
        1,
        1,
        2,
        1,
        1,
        2,
        2,
        1,
        2,
        1,
        1,
        1,
        1,
        2,
        2,
        2,
        1,
        1,
        2,
        2,
        2,
        2,
        1,
        2,
        1,
        0,
        1,
        2,
        1,
        1,
        0,
        2,
        1,
        2,
        1,
        1,
        0,
        1,
        1,
        1,
        2,
        0,
        2,
        1,
        1,
        1,
        2,
        2,
        1,
        2,
        1,
        2,
        1,
        1,
        2,
        1,
        2,
        1,
        2,
        1,
        2,
        0,
        1,
        1,
        1,
        0,
        2,
        2,
        0,
        1,
        1,
        1,
        1,
        2,
        1,
        1,
        1,
        1,
        0,
        2,
        2,
        2,
        1,
        2,
        1,
        2,
        1,
        1,
        0,
        2,
        1,
        2,
        1,
        0,
        1,
        1,
        0,
        1,
        1,
        1,
        1,
        1,
        1,
        2,
        2,
        1,
        1,
        2,
        1,
        2,
        1,
        0,
        2,
        1,
        1,
        1,
        2,
        2,
        1,
        2,
        1,
        2,
        2,
        2,
        1,
        1,
        1,
        1,
        2,
        1,
        0,
        1,
        1,
        1,
        1,
        2,
        1,
        1,
        2,
        1,
        1,
        2,
        1,
        1,
        2,
        1,
        1,
        0,
        0,
        1,
        1,
        0,
        1,
        0,
        1,
        2,
        1,
        0,
        2,
        0,
        2,
        2,
        2,
        0,
        1,
        1,
        1,
        0,
        1,
        0,
        2,
        2,
        1,
        1,
        1,
        2,
        0,
        0,
        2,
        1,
        1,
        1,
        1,
        2,
        2,
        0,
        1,
        1,
        1,
        1,
        0,
        1,
        1,
        1,
        1,
        1,
        2,
        1,
        2,
        1,
        2,
        2,
        2,
        1,
        0,
        2,
        1,
        2,
        2,
        0,
        0,
        2,
        1,
        2,
        1,
        1,
        1,
        2,
        2,
        1,
        1,
        2,
        1,
        1,
        2,
        2,
        2,
        2,
        0,
        0,
        1,
        2,
        1,
        2,
        0,
        1,
        2,
        2,
        0,
        1,
        1,
        2,
        1,
        1,
        1,
        2,
        1,
        2,
        0,
        1,
        1,
        1,
        0,
        1,
        1,
        0,
        1,
        0,
        1,
        0,
        1,
        1,
        0,
        2,
        1,
        1,
        1,
        0,
        0,
        1,
        2,
        1,
        1,
        0,
        1,
        2,
        2,
        1,
        1,
        1,
        1,
        1,
        2,
        1,
        1,
        2,
        1,
        1,
        1,
        1,
        1,
        0,
        1,
        2,
        1,
        1,
        0,
        1,
        1,
        1,
        2,
        1,
        0,
        2,
        2,
        2,
        0,
        1,
        2,
        1,
        2,
        0,
        2,
        2,
        1,
        2,
        1,
        1,
        2,
        2,
        1,
        1,
        1,
        1,
        1,
        0,
        2,
        1,
        1,
        1,
        2,
        1,
        1,
        1,
        0,
        1,
        1,
        1,
        1,
        1,
        1,
        1,
        2,
        1,
        1,
        1,
        1,
        1,
        1,
        1,
        1,
        1,
        2,
        1,
        1,
        1,
        1,
        1,
        2,
        1,
        1,
        1,
        1,
        1,
        1,
        1,
        1,
        1,
        1,
        1,
        1,
        1,
        1,
        1,
        1,
        1,
        1,
        1,
        1,
        1,
        1,
        1,
        1,
        1,
        2,
        1,
        1,
        1,
        1,
        1,
        1,
        1,
        1,
        1,
        1,
        1,
        1,
        1,
        1,
        1,
        1,
        1,
        1,
        1,
        1,
        1,
        1,
        1,
        1,
        1,
        1,
        1,
        1,
        1,
        1,
        1,
        2,
        1,
        1,
        1,
        1,
        1,
        1,
        1,
        1,
        1,
        1,
        1,
        1,
        2,
        1,
        1,
        1,
        1,
        1,
        1,
        1,
        1,
        1,
        1,
        1,
        1,
        1,
        1,
        1,
        1,
        1,
        1,
        1,
        1,
        1,
        1,
        1,
        1,
        1,
        1,
        1,
        1,
        1,
        0,
        1,
        1,
        1,
        1,
        1,
        0,
        1,
        1,
        1,
        1,
        2,
        1,
        1,
        1,
        1,
        1,
        1,
        1,
        1,
        1,
        1,
        2,
        1,
        1,
        1,
        1,
        1,
        1,
        1,
        1,
        2,
        2,
        1,
        1,
        1,
        1,
        1,
        1,
        1,
        1,
