{
    "with_labels": 0,
    "burn_in": 500,
    "thinning": 1,
    "runtime": 417.6612637042999,
    "healthy_ratio": 0.5,
    "max_log_likelihood": -2549.063233429286,
    "kendalls_tau": 0.28409090909090906,
    "subtype_acc": 0.30490160830299007,
    "n_subtypes": 4,
    "mean_stage_healthy": 0.2733333333333333,
    "ml_subtype": [
        0,
        0,
        0,
        0,
        0,
        0,
        2,
        0,
        0,
        0,
        0,
        0,
        0,
        2,
        0,
        0,
        0,
        0,
        0,
        0,
        0,
        0,
        0,
        0,
        0,
        0,
        0,
        0,
        0,
        0,
        0,
        0,
        0,
        0,
        0,
        0,
        0,
        0,
        0,
        0,
        0,
        0,
        0,
        0,
        0,
        0,
        0,
        0,
        0,
        0,
        0,
        2,
        0,
        0,
        0,
        0,
        0,
        0,
        0,
        0,
        0,
        0,
        0,
        0,
        0,
        0,
        0,
        0,
        2,
        0,
        0,
        0,
        0,
        0,
        0,
        0,
        0,
        0,
        0,
        0,
        0,
        0,
        2,
        0,
        0,
        0,
        0,
        0,
        0,
        0,
        0,
        0,
        0,
        0,
        0,
        0,
        0,
        0,
        0,
        0,
        1,
        0,
        0,
        0,
        2,
        0,
        0,
        0,
        0,
        0,
        0,
        0,
        0,
        0,
        0,
        0,
        1,
        0,
        0,
        0,
        0,
        0,
        0,
        0,
        0,
        0,
        0,
        0,
        0,
        0,
        0,
        0,
        0,
        0,
        0,
        0,
        0,
        0,
        0,
        0,
        0,
        0,
        0,
        0,
        0,
        0,
        0,
        0,
        0,
        0,
        0,
        0,
        0,
        0,
        0,
        2,
        0,
        0,
        0,
        0,
        0,
        0,
        0,
        0,
        0,
        0,
        0,
        0,
        0,
        0,
        0,
        0,
        0,
        2,
        0,
        0,
        0,
        0,
        0,
        0,
        0,
        0,
        0,
        0,
        0,
        1,
        0,
        0,
        0,
        0,
        0,
        0,
        0,
        0,
        0,
        0,
        0,
        2,
        0,
        0,
        0,
        0,
        0,
        0,
        0,
        0,
        0,
        0,
        0,
        0,
        0,
        0,
        0,
        2,
        0,
        0,
        0,
        0,
        0,
        0,
        2,
        0,
        0,
        0,
        2,
        0,
        1,
        2,
        0,
        1,
        1,
        1,
        0,
        0,
        0,
        1,
        1,
        0,
        1,
        0,
        2,
        0,
        2,
        1,
        0,
        1,
        1,
        0,
        1,
        0,
        1,
        1,
        1,
        0,
        1,
        0,
        2,
        0,
        0,
        0,
        3,
        3,
        0,
        1,
        0,
        1,
        1,
        0,
        0,
        0,
        2,
        0,
        0,
        1,
        2,
        0,
        2,
        0,
        2,
        2,
        0,
        0,
        1,
        0,
        0,
        1,
        1,
        0,
        0,
        0,
        0,
        0,
        1,
        0,
        2,
        0,
        0,
        1,
        1,
        1,
        0,
        0,
        0,
        0,
        1,
        0,
        0,
        1,
        0,
        2,
        3,
        2,
        1,
        3,
        0,
        1,
        0,
        1,
        0,
        1,
        2,
        0,
        0,
        1,
        0,
        0,
        1,
        1,
        1,
        1,
        0,
        0,
        0,
        0,
        0,
        1,
        0,
        0,
        1,
        0,
        0,
        1,
        1,
        0,
        1,
        1,
        0,
        0,
        0,
        0,
        1,
        0,
        0,
        0,
        1,
        3,
        1,
        0,
        0,
        0,
        0,
        0,
        0,
        0,
        1,
        2,
        1,
        1,
        1,
        0,
        1,
        0,
        1,
        0,
        0,
        0,
        1,
        0,
        0,
        0,
        1,
        2,
        0,
        0,
        1,
        1,
        0,
        2,
        1,
        2,
        0,
        2,
        2,
        0,
        1,
        2,
        1,
        2,
        2,
        2,
        0,
        2,
        1,
        1,
        0,
        0,
        0,
        1,
        1,
        0,
        1,
        1,
        2,
        0,
        1,
        0,
        3,
        2,
        1,
        1,
        1,
        1,
        0,
        1,
        1,
        0,
        0,
        1,
        1,
        0,
        0,
        2,
        0,
        1,
        0,
        0,
        0,
        1,
        0,
        0,
        0,
        0,
        0,
        0,
        1,
        0,
        1,
        0,
        0,
        1,
        0,
        0,
        2,
        0,
        1,
        0,
        2,
        2,
        0,
        0,
        0,
        3,
        1,
        1,
        0,
        2,
        0,
        1,
        0,
        1,
        1,
        0,
        1,
        1,
        0,
        1,
        1,
        0,
        0,
        0,
        1,
        2,
        0,
        1,
        0,
        0,
        0,
        1,
        0,
        0,
        0,
        0,
        0,
        2,
        1,
        0,
        1,
        0,
        1,
        1,
        0,
        1,
        0,
        0,
        0,
        0,
        1,
        1,
        0,
        2,
        1,
        1,
        1,
        0,
        0,
        1,
        1,
        0,
        1,
        2,
        0,
        2,
        0,
        1,
        0,
        2,
        0,
        1,
        1,
        0,
        2,
        2,
        1,
        0,
        2,
        1,
        0,
        1,
        0,
        0,
        0,
        0,
        0,
        0,
        0,
        2,
        1,
        3,
        0,
        1,
        1,
        0,
        1,
        0,
        0,
        0,
        0,
        0,
        0,
        0,
        0,
        2,
        0,
        2,
        0,
        2,
        1,
        1,
        0,
        1,
        1,
        0,
        1,
        0,
        1,
        0,
        0,
        1,
        1,
        0,
        0,
        0,
        0,
        0,
        1,
        0,
        0,
        1,
        0,
        1,
        1,
        0,
        0,
        0,
        0,
        0,
        0,
        1,
        0,
        2,
        2,
        0,
        0,
        0,
        2,
        0,
        2,
        2,
        1,
        1,
        2,
        0,
        1,
        0,
        0,
        1,
        0,
        1,
        0,
        0,
        1,
        2,
        1,
        1,
        1,
        0,
        0,
        1,
        1,
        0,
        2,
        1,
        2,
        0,
        1,
        2,
        0,
        1,
        1,
        0,
        1,
        0,
        1,
        0,
        0,
        1,
        0,
        0,
        1,
        1,
        0,
        0,
        2,
        1,
        0,
        0,
        0,
        1,
        0,
        3,
        0,
        2,
        0,
        0,
        0,
        2,
        0,
        1,
        0,
        0,
        1,
        0,
        0,
        0,
        1,
        1,
        1,
        0,
        0,
        0,
        1,
        1,
        2,
        1,
        0,
        0,
        1,
        0,
        0,
        0,
        1,
        2,
        2,
        2,
        0,
        1,
