{
    "with_labels": 0,
    "burn_in": 500,
    "thinning": 1,
    "runtime": 484.8571047782898,
    "healthy_ratio": 0.24866666666666667,
    "max_log_likelihood": -2787.0844409749775,
    "kendalls_tau": 0.2818181818181818,
    "subtype_acc": 0.046009899902548855,
    "n_subtypes": 5,
    "mean_stage_healthy": 0.17962466487935658,
    "ml_subtype": [
        2,
        2,
        0,
        0,
        2,
        2,
        2,
        2,
        2,
        0,
        1,
        2,
        2,
        2,
        2,
        2,
        2,
        2,
        2,
        4,
        2,
        0,
        2,
        2,
        2,
        2,
        2,
        2,
        2,
        2,
        2,
        2,
        2,
        2,
        0,
        4,
        0,
        2,
        2,
        2,
        0,
        2,
        2,
        2,
        2,
        2,
        2,
        2,
        2,
        2,
        2,
        2,
        0,
        2,
        2,
        0,
        2,
        2,
        4,
        0,
        2,
        2,
        2,
        2,
        0,
        2,
        2,
        0,
        2,
        2,
        0,
        0,
        2,
        0,
        2,
        2,
        4,
        2,
        2,
        2,
        2,
        2,
        2,
        2,
        2,
        2,
        2,
        2,
        0,
        2,
        2,
        2,
        2,
        0,
        2,
        2,
        2,
        2,
        2,
        0,
        2,
        2,
        2,
        4,
        2,
        2,
        2,
        2,
        2,
        2,
        0,
        0,
        2,
        2,
        2,
        2,
        0,
        2,
        2,
        2,
        2,
        0,
        2,
        2,
        2,
        2,
        0,
        2,
        4,
        2,
        2,
        3,
        2,
        2,
        0,
        2,
        2,
        4,
        0,
        2,
        2,
        2,
        4,
        2,
        2,
        2,
        2,
        0,
        0,
        0,
        2,
        2,
        2,
        2,
        2,
        2,
        2,
        4,
        0,
        0,
        4,
        0,
        2,
        2,
        2,
        2,
        3,
        4,
        0,
        2,
        3,
        2,
        0,
        2,
        2,
        0,
        0,
        4,
        0,
        0,
        2,
        2,
        0,
        2,
        2,
        0,
        2,
        0,
        0,
        4,
        2,
        2,
        2,
        2,
        3,
        2,
        2,
        2,
        2,
        2,
        2,
        2,
        2,
        2,
        2,
        2,
        2,
        2,
        2,
        2,
        2,
        0,
        2,
        2,
        2,
        2,
        2,
        2,
        2,
        2,
        2,
        2,
        0,
        2,
        4,
        2,
        0,
        2,
        2,
        2,
        2,
        2,
        2,
        2,
        0,
        4,
        3,
        2,
        0,
        2,
        2,
        2,
        2,
        0,
        2,
        2,
        2,
        2,
        2,
        2,
        2,
        2,
        2,
        2,
        2,
        2,
        2,
        2,
        2,
        2,
        2,
        0,
        1,
        2,
        2,
        2,
        4,
        2,
        2,
        2,
        4,
        2,
        2,
        3,
        3,
        2,
        2,
        2,
        0,
        3,
        4,
        0,
        2,
        3,
        2,
        2,
        0,
        0,
        3,
        3,
        1,
        2,
        3,
        2,
        0,
        2,
        2,
        0,
        2,
        2,
        0,
        3,
        0,
        3,
        3,
        3,
        0,
        2,
        2,
        0,
        2,
        0,
        0,
        4,
        2,
        2,
        2,
        2,
        2,
        0,
        2,
        2,
        0,
        4,
        2,
        4,
        2,
        2,
        0,
        0,
        2,
        2,
        0,
        2,
        2,
        0,
        2,
        2,
        2,
        0,
        0,
        2,
        1,
        2,
        0,
        0,
        2,
        2,
        2,
        2,
        3,
        1,
        0,
        0,
        0,
        0,
        0,
        2,
        1,
        0,
        2,
        0,
        2,
        0,
        2,
        2,
        0,
        3,
        2,
        4,
        0,
        0,
        0,
        4,
        0,
        4,
        2,
        2,
        1,
        2,
        2,
        4,
        0,
        2,
        2,
        2,
        2,
        2,
        2,
        0,
        0,
        2,
        2,
        2,
        2,
        2,
        0,
        2,
        4,
        0,
        2,
        2,
        0,
        0,
        0,
        2,
        2,
        0,
        0,
        0,
        2,
        0,
        2,
        2,
        2,
        2,
        3,
        0,
        0,
        2,
        0,
        4,
        2,
        0,
        0,
        0,
        1,
        0,
        0,
        3,
        2,
        2,
        4,
        0,
        0,
        2,
        0,
        0,
        2,
        0,
        2,
        2,
        2,
        2,
        2,
        0,
        0,
        3,
        0,
        4,
        0,
        3,
        3,
        0,
        0,
        2,
        2,
        2,
        0,
        3,
        0,
        0,
        1,
        2,
        0,
        2,
        2,
        3,
        0,
        1,
        0,
        0,
        1,
        2,
        2,
        0,
        0,
        2,
        2,
        4,
        2,
        3,
        2,
        2,
        0,
        2,
        2,
        0,
        0,
        0,
        2,
        2,
        2,
        0,
        3,
        2,
        2,
        0,
        0,
        2,
        2,
        0,
        1,
        0,
        2,
        2,
        0,
        0,
        2,
        2,
        2,
        2,
        4,
        1,
        2,
        0,
        2,
        2,
        0,
        3,
        0,
        2,
        2,
        3,
        4,
        0,
        0,
        0,
        2,
        2,
        2,
        0,
        1,
        2,
        2,
        2,
        3,
        0,
        2,
        3,
        2,
        2,
        2,
        2,
        0,
        3,
        2,
        3,
        2,
        2,
        0,
        0,
        2,
        1,
        2,
        2,
        4,
        0,
        2,
        2,
        2,
        1,
        0,
        2,
        2,
        2,
        2,
        2,
        2,
        1,
        2,
        2,
        2,
        2,
        2,
        3,
        3,
        0,
        2,
        0,
        2,
        0,
        0,
        2,
        0,
        0,
        0,
        2,
        3,
        0,
        1,
        0,
        2,
        2,
        0,
        0,
        4,
        0,
        0,
        2,
        0,
        2,
        2,
        0,
        2,
        0,
        0,
        0,
        2,
        4,
        2,
        0,
        2,
        2,
        4,
        2,
        0,
        2,
        2,
        0,
        0,
        0,
        3,
        2,
        3,
        0,
        0,
        0,
        2,
        0,
        0,
        2,
        0,
        0,
        3,
        2,
        0,
        2,
        1,
        0,
        2,
        2,
        0,
        2,
        3,
        2,
        2,
        4,
        2,
        2,
        4,
        0,
        4,
        4,
        2,
        4,
        2,
        4,
        2,
        3,
        2,
        0,
        2,
        4,
        1,
        2,
        2,
        4,
        4,
        3,
        1,
        0,
        2,
        1,
        4,
        2,
        0,
        2,
        0,
        2,
        4,
        2,
        2,
        0,
        1,
        1,
        4,
        2,
        2,
        2,
        2,
        2,
        0,
        0,
        0,
