{
    "with_labels": 0,
    "burn_in": 500,
    "thinning": 1,
    "runtime": 412.8316671848297,
    "healthy_ratio": 0.24866666666666667,
    "max_log_likelihood": 1385.6346180227454,
    "kendalls_tau": 0.2272727272727273,
    "subtype_acc": 0.13349489606430878,
    "n_subtypes": 4,
    "mean_stage_healthy": 0.1742627345844504,
    "ml_subtype": [
        1,
        0,
        1,
        0,
        1,
        1,
        0,
        2,
        0,
        0,
        0,
        0,
        1,
        1,
        1,
        1,
        1,
        1,
        2,
        1,
        0,
        0,
        1,
        0,
        0,
        2,
        1,
        0,
        0,
        1,
        1,
        1,
        0,
        1,
        1,
        1,
        1,
        0,
        1,
        1,
        0,
        1,
        1,
        0,
        1,
        0,
        1,
        0,
        1,
        0,
        1,
        1,
        1,
        0,
        0,
        1,
        1,
        1,
        0,
        1,
        1,
        3,
        1,
        0,
        1,
        2,
        1,
        1,
        0,
        2,
        1,
        1,
        0,
        1,
        1,
        1,
        0,
        1,
        1,
        1,
        1,
        1,
        1,
        1,
        0,
        1,
        1,
        1,
        2,
        0,
        0,
        1,
        1,
        0,
        1,
        0,
        0,
        1,
        1,
        1,
        1,
        1,
        0,
        0,
        2,
        3,
        0,
        0,
        1,
        0,
        1,
        1,
        0,
        1,
        0,
        1,
        0,
        1,
        0,
        1,
        0,
        1,
        1,
        1,
        0,
        2,
        1,
        0,
        1,
        0,
        0,
        1,
        1,
        0,
        1,
        1,
        1,
        0,
        2,
        2,
        0,
        1,
        0,
        1,
        0,
        1,
        0,
        1,
        1,
        0,
        0,
        0,
        0,
        1,
        1,
        0,
        0,
        2,
        0,
        0,
        1,
        1,
        0,
        0,
        0,
        0,
        1,
        0,
        0,
        1,
        1,
        2,
        1,
        1,
        0,
        1,
        1,
        1,
        0,
        1,
        0,
        1,
        2,
        1,
        0,
        0,
        0,
        1,
        3,
        0,
        1,
        0,
        0,
        2,
        1,
        0,
        1,
        1,
        1,
        2,
        1,
        0,
        0,
        0,
        1,
        0,
        0,
        0,
        0,
        1,
        2,
        1,
        1,
        1,
        0,
        1,
        1,
        1,
        1,
        3,
        0,
        1,
        2,
        1,
        0,
        1,
        0,
        0,
        0,
        0,
        1,
        1,
        2,
        1,
        1,
        1,
        1,
        3,
        0,
        2,
        1,
        1,
        0,
        1,
        0,
        3,
        2,
        0,
        0,
        1,
        1,
        1,
        0,
        0,
        1,
        1,
        1,
        1,
        1,
        0,
        0,
        0,
        0,
        1,
        1,
        0,
        0,
        0,
        0,
        0,
        0,
        1,
        2,
        1,
        2,
        1,
        1,
        1,
        1,
        1,
        1,
        0,
        0,
        0,
        1,
        0,
        1,
        0,
        0,
        0,
        1,
        1,
        0,
        0,
        0,
        1,
        0,
        1,
        0,
        3,
        0,
        1,
        1,
        1,
        2,
        0,
        1,
        0,
        0,
        0,
        1,
        1,
        1,
        0,
        0,
        0,
        3,
        1,
        0,
        0,
        1,
        1,
        1,
        1,
        2,
        1,
        1,
        1,
        0,
        0,
        1,
        0,
        3,
        1,
        1,
        2,
        1,
        0,
        1,
        0,
        1,
        1,
        0,
        1,
        3,
        1,
        0,
        3,
        0,
        1,
        0,
        0,
        1,
        0,
        1,
        0,
        0,
        1,
        0,
        0,
        1,
        2,
        1,
        1,
        1,
        0,
        0,
        1,
        0,
        1,
        1,
        1,
        1,
        0,
        2,
        1,
        1,
        0,
        0,
        0,
        0,
        2,
        0,
        0,
        1,
        0,
        0,
        0,
        1,
        0,
        1,
        2,
        1,
        0,
        0,
        0,
        0,
        1,
        0,
        1,
        1,
        1,
        3,
        0,
        1,
        1,
        3,
        0,
        3,
        0,
        1,
        1,
        0,
        1,
        1,
        3,
        1,
        0,
        0,
        0,
        0,
        0,
        1,
        1,
        0,
        3,
        0,
        0,
        0,
        1,
        1,
        1,
        0,
        0,
        1,
        0,
        0,
        0,
        0,
        0,
        3,
        1,
        1,
        1,
        0,
        0,
        1,
        0,
        1,
        1,
        1,
        1,
        1,
        1,
        1,
        0,
        0,
        0,
        2,
        1,
        1,
        1,
        0,
        0,
        1,
        1,
        0,
        0,
        1,
        1,
        0,
        1,
        0,
        0,
        1,
        0,
        1,
        1,
        0,
        0,
        1,
        0,
        1,
        0,
        0,
        0,
        0,
        3,
        1,
        1,
        1,
        1,
        0,
        2,
        0,
        1,
        1,
        1,
        1,
        1,
        2,
        1,
        0,
        1,
        1,
        3,
        1,
        0,
        3,
        1,
        0,
        0,
        0,
        1,
        1,
        0,
        0,
        0,
        0,
        0,
        1,
        1,
        1,
        1,
        0,
        1,
        1,
        0,
        1,
        0,
        0,
        1,
        3,
        0,
        1,
        2,
        0,
        1,
        1,
        1,
        1,
        1,
        1,
        0,
        0,
        1,
        0,
        0,
        1,
        0,
        0,
        0,
        0,
        1,
        0,
        3,
        0,
        0,
        1,
        1,
        1,
        0,
        1,
        0,
        0,
        1,
        1,
        0,
        1,
        1,
        3,
        0,
        3,
        3,
        1,
        1,
        0,
        0,
        0,
        3,
        3,
        0,
        1,
        0,
        1,
        1,
        1,
        1,
        3,
        3,
        1,
        1,
        0,
        1,
        2,
        0,
        3,
        0,
        1,
        1,
        1,
        1,
        1,
        0,
        1,
        1,
        0,
        1,
        0,
        0,
        1,
        1,
        1,
        0,
        2,
        1,
        0,
        0,
        1,
        0,
        0,
        3,
        0,
        0,
        0,
        0,
        1,
        0,
        1,
        0,
        1,
        0,
        1,
        0,
        0,
        0,
        0,
        1,
        0,
        1,
        0,
        1,
        0,
        1,
        1,
        0,
        1,
        1,
        1,
        3,
        0,
        1,
        1,
        0,
        0,
        0,
        1,
        1,
        1,
        0,
        3,
        0,
        1,
        1,
        1,
        1,
        1,
        1,
        1,
        0,
        0,
        0,
        1,
        0,
        0,
        0,
        0,
        0,
        2,
        0,
        1,
        1,
        0,
        0,
        0,
        1,
        1,
        3,
        1,
        0,
        1,
        1,
        0,
        1,
        0,
