{
    "with_labels": 0,
    "burn_in": 500,
    "thinning": 1,
    "runtime": 462.08173727989197,
    "healthy_ratio": 0.5,
    "max_log_likelihood": 1753.2882297319586,
    "kendalls_tau": 0.40151515151515155,
    "subtype_acc": 0.23387518331290716,
    "n_subtypes": 4,
    "mean_stage_healthy": 0.025333333333333333,
    "ml_subtype": [
        2,
        3,
        2,
        1,
        1,
        1,
        1,
        2,
        1,
        2,
        1,
        2,
        2,
        1,
        2,
        2,
        2,
        1,
        2,
        1,
        2,
        2,
        2,
        1,
        0,
        2,
        1,
        1,
        2,
        0,
        1,
        1,
        1,
        1,
        1,
        1,
        1,
        1,
        1,
        1,
        2,
        2,
        1,
        2,
        1,
        2,
        1,
        1,
        2,
        1,
        0,
        1,
        1,
        2,
        1,
        2,
        1,
        1,
        1,
        1,
        2,
        2,
        1,
        1,
        2,
        2,
        2,
        2,
        1,
        2,
        1,
        2,
        1,
        2,
        2,
        1,
        1,
        1,
        1,
        1,
        1,
        2,
        2,
        2,
        1,
        1,
        2,
        1,
        1,
        1,
        1,
        2,
        1,
        2,
        2,
        1,
        1,
        1,
        1,
        1,
        2,
        0,
        1,
        2,
        1,
        1,
        2,
        2,
        1,
        2,
        2,
        2,
        2,
        2,
        1,
        1,
        1,
        2,
        1,
        1,
        1,
        0,
        1,
        2,
        1,
        1,
        2,
        1,
        2,
        2,
        1,
        1,
        2,
        1,
        1,
        1,
        1,
        2,
        2,
        1,
        1,
        2,
        1,
        0,
        1,
        1,
        2,
        1,
        0,
        1,
        1,
        2,
        2,
        0,
        1,
        1,
        1,
        2,
        2,
        2,
        1,
        2,
        1,
        1,
        2,
        1,
        1,
        1,
        1,
        2,
        2,
        2,
        1,
        1,
        1,
        1,
        1,
        2,
        1,
        2,
        1,
        0,
        2,
        2,
        2,
        1,
        2,
        2,
        1,
        2,
        1,
        1,
        0,
        2,
        1,
        2,
        1,
        2,
        2,
        1,
        2,
        0,
        2,
        1,
        2,
        2,
        1,
        1,
        1,
        1,
        1,
        1,
        1,
        2,
        2,
        2,
        1,
        2,
        1,
        1,
        1,
        2,
        1,
        2,
        2,
        1,
        1,
        2,
        1,
        1,
        2,
        2,
        0,
        1,
        2,
        1,
        2,
        2,
        2,
        2,
        1,
        2,
        1,
        1,
        1,
        2,
        1,
        2,
        3,
        1,
        1,
        2,
        1,
        0,
        2,
        2,
        1,
        2,
        2,
        1,
        1,
        1,
        0,
        2,
        1,
        0,
        2,
        1,
        1,
        2,
        2,
        2,
        1,
        2,
        1,
        1,
        1,
        2,
        3,
        1,
        1,
        2,
        1,
        1,
        1,
        2,
        1,
        1,
        0,
        0,
        2,
        1,
        1,
        2,
        2,
        1,
        2,
        0,
        1,
        2,
        2,
        1,
        1,
        2,
        1,
        2,
        1,
        1,
        1,
        1,
        1,
        2,
        1,
        1,
        1,
        1,
        0,
        1,
        2,
        1,
        2,
        1,
        1,
        1,
        1,
        1,
        1,
        2,
        0,
        1,
        1,
        1,
        1,
        1,
        1,
        1,
        0,
        1,
        1,
        2,
        1,
        1,
        2,
        1,
        1,
        0,
        2,
        1,
        1,
        2,
        1,
        1,
        2,
        2,
        2,
        1,
        1,
        2,
        2,
        1,
        1,
        2,
        2,
        1,
        1,
        1,
        2,
        1,
        2,
        1,
        0,
        1,
        1,
        2,
        1,
        1,
        2,
        2,
        2,
        1,
        2,
        1,
        2,
        0,
        1,
        1,
        1,
        1,
        2,
        1,
        1,
        2,
        1,
        2,
        1,
        1,
        1,
        1,
        1,
        3,
        2,
        1,
        1,
        1,
        1,
        1,
        1,
        3,
        1,
        1,
        1,
        1,
        1,
        1,
        1,
        3,
        1,
        1,
        1,
        1,
        1,
        3,
        1,
        1,
        1,
        1,
        1,
        1,
        1,
        1,
        1,
        3,
        3,
        1,
        1,
        1,
        1,
        1,
        1,
        1,
        1,
        1,
        1,
        1,
        1,
        1,
        1,
        1,
        1,
        1,
        1,
        1,
        3,
        1,
        1,
        1,
        3,
        3,
        1,
        1,
        1,
        1,
        1,
        1,
        1,
        3,
        1,
        1,
        1,
        1,
        1,
        1,
        1,
        1,
        1,
        1,
        3,
        1,
        1,
        3,
        1,
        1,
        1,
        1,
        1,
        3,
        1,
        1,
        1,
        3,
        1,
        1,
        1,
        1,
        3,
        1,
        1,
        1,
        1,
        1,
        1,
        1,
        1,
        1,
        1,
        1,
        1,
        1,
        1,
        1,
        1,
        1,
        1,
        1,
        1,
        1,
        1,
        1,
        1,
        1,
        1,
        1,
        1,
        1,
        1,
        1,
        1,
        1,
        1,
        3,
        1,
        1,
        1,
        1,
        3,
        1,
        1,
        1,
        1,
        1,
        1,
        1,
        1,
        1,
        1,
        1,
        1,
        1,
        1,
        1,
        1,
        0,
        1,
        1,
        1,
        3,
        1,
        1,
        2,
        1,
        1,
        1,
        1,
        1,
        1,
        1,
        2,
        1,
        1,
        1,
        1,
        1,
        1,
        3,
        1,
        1,
        1,
        1,
        1,
        1,
        1,
        1,
        1,
        1,
        1,
        1,
        1,
        1,
        1,
        1,
        1,
        1,
        1,
        1,
        1,
        1,
        1,
        1,
        1,
        1,
        1,
        1,
        1,
        3,
        1,
        1,
        1,
        1,
        1,
        1,
        1,
        1,
        1,
        1,
        1,
        3,
        1,
        1,
        1,
        1,
        1,
        1,
        1,
        1,
        1,
        1,
        1,
        1,
        1,
        1,
        3,
        1,
        1,
        1,
        1,
        1,
        1,
        1,
        1,
        1,
        1,
        1,
        1,
        1,
        1,
        1,
        1,
        1,
        1,
        1,
        1,
        1,
        1,
        1,
        1,
        1,
        1,
        1,
        1,
        1,
        1,
        1,
        1,
        1,
        1,
        1,
        1,
        1,
        1,
        1,
        1,
        1,
        1,
        3,
        1,
        1,
        1,
        1,
        1,
        1,
        1,
        1,
        1,
        1,
        1,
        1,
        1,
        1,
        1,
        1,
        1,
        1,
        1,
        1,
        1,
        1,
