{
    "with_labels": 0,
    "burn_in": 500,
    "thinning": 1,
    "runtime": 411.25870513916016,
    "healthy_ratio": 0.24933333333333332,
    "max_log_likelihood": 481.66375090362635,
    "kendalls_tau": 0.2803030303030303,
    "subtype_acc": 0.12403309053708765,
    "n_subtypes": 4,
    "mean_stage_healthy": 0.06951871657754011,
    "ml_subtype": [
        2,
        2,
        2,
        2,
        2,
        1,
        2,
        2,
        2,
        1,
        2,
        2,
        3,
        2,
        3,
        2,
        1,
        2,
        3,
        1,
        2,
        3,
        2,
        2,
        1,
        2,
        2,
        2,
        3,
        3,
        3,
        2,
        3,
        2,
        1,
        1,
        1,
        1,
        2,
        2,
        2,
        2,
        1,
        1,
        2,
        2,
        3,
        3,
        2,
        2,
        2,
        2,
        3,
        1,
        1,
        1,
        3,
        2,
        2,
        2,
        1,
        2,
        1,
        1,
        3,
        2,
        3,
        2,
        3,
        3,
        2,
        2,
        2,
        2,
        1,
        1,
        1,
        1,
        2,
        1,
        2,
        1,
        2,
        1,
        2,
        2,
        2,
        2,
        2,
        3,
        3,
        2,
        2,
        1,
        2,
        2,
        2,
        1,
        2,
        3,
        3,
        3,
        2,
        1,
        2,
        2,
        1,
        2,
        2,
        3,
        1,
        3,
        2,
        2,
        2,
        3,
        3,
        2,
        3,
        2,
        1,
        2,
        3,
        2,
        1,
        1,
        3,
        2,
        1,
        2,
        2,
        2,
        2,
        3,
        3,
        3,
        3,
        3,
        1,
        2,
        1,
        3,
        3,
        2,
        2,
        2,
        2,
        2,
        3,
        2,
        2,
        3,
        2,
        2,
        2,
        2,
        1,
        2,
        3,
        3,
        2,
        2,
        3,
        1,
        1,
        2,
        3,
        2,
        2,
        3,
        1,
        3,
        3,
        1,
        2,
        2,
        2,
        1,
        1,
        1,
        1,
        1,
        2,
        2,
        2,
        1,
        2,
        2,
        3,
        2,
        3,
        3,
        2,
        1,
        2,
        2,
        3,
        2,
        2,
        2,
        3,
        3,
        3,
        2,
        3,
        3,
        1,
        2,
        2,
        1,
        3,
        1,
        1,
        2,
        1,
        2,
        2,
        1,
        2,
        2,
        2,
        2,
        2,
        2,
        2,
        2,
        2,
        2,
        2,
        1,
        3,
        2,
        2,
        2,
        3,
        3,
        3,
        1,
        2,
        2,
        2,
        2,
        1,
        3,
        3,
        2,
        2,
        3,
        1,
        1,
        2,
        1,
        2,
        3,
        2,
        2,
        3,
        2,
        2,
        2,
        3,
        3,
        2,
        2,
        2,
        2,
        2,
        1,
        2,
        2,
        3,
        3,
        1,
        2,
        2,
        2,
        2,
        2,
        3,
        3,
        1,
        2,
        2,
        1,
        3,
        1,
        2,
        2,
        2,
        3,
        2,
        2,
        2,
        3,
        3,
        1,
        2,
        3,
        2,
        1,
        2,
        3,
        2,
        1,
        2,
        1,
        1,
        2,
        2,
        1,
        3,
        2,
        2,
        2,
        2,
        1,
        2,
        1,
        1,
        1,
        2,
        1,
        1,
        1,
        1,
        2,
        1,
        1,
        1,
        1,
        2,
        1,
        2,
        2,
        1,
        2,
        1,
        1,
        1,
        1,
        1,
        1,
        2,
        1,
        2,
        2,
        1,
        1,
        1,
        1,
        2,
        1,
        1,
        2,
        2,
        1,
        2,
        2,
        1,
        1,
        2,
        1,
        1,
        1,
        1,
        2,
        2,
        1,
        2,
        2,
        1,
        1,
        1,
        1,
        1,
        2,
        1,
        1,
        1,
        1,
        1,
        1,
        1,
        2,
        1,
        2,
        1,
        2,
        1,
        2,
        2,
        1,
        2,
        1,
        1,
        1,
        1,
        1,
        1,
        1,
        2,
        3,
        1,
        1,
        1,
        1,
        2,
        1,
        1,
        2,
        2,
        2,
        1,
        1,
        2,
        2,
        1,
        1,
        1,
        2,
        1,
        1,
        1,
        1,
        1,
        1,
        2,
        2,
        1,
        1,
        1,
        2,
        2,
        2,
        1,
        1,
        1,
        2,
        2,
        1,
        1,
        1,
        1,
        1,
        2,
        2,
        1,
        1,
        1,
        2,
        1,
        2,
        2,
        1,
        2,
        1,
        2,
        2,
        1,
        2,
        1,
        2,
        1,
        1,
        1,
        1,
        1,
        2,
        1,
        2,
        1,
        2,
        1,
        2,
        2,
        1,
        1,
        1,
        1,
        1,
        2,
        1,
        2,
        1,
        1,
        1,
        1,
        1,
        1,
        2,
        1,
        2,
        2,
        2,
        1,
        2,
        1,
        2,
        1,
        1,
        1,
        2,
        1,
        2,
        2,
        1,
        1,
        2,
        1,
        1,
        1,
        1,
        1,
        1,
        1,
        2,
        1,
        1,
        1,
        1,
        1,
        2,
        1,
        2,
        1,
        1,
        1,
        1,
        1,
        1,
        2,
        1,
        1,
        2,
        1,
        1,
        1,
        2,
        1,
        1,
        1,
        2,
        1,
        1,
        1,
        2,
        2,
        2,
        1,
        1,
        1,
        1,
        2,
        1,
        1,
        2,
        2,
        1,
        2,
        1,
        1,
        2,
        1,
        2,
        1,
        1,
        1,
        2,
        2,
        2,
        2,
        1,
        1,
        2,
        2,
        1,
        2,
        1,
        1,
        1,
        1,
        1,
        1,
        1,
        2,
        2,
        1,
        1,
        1,
        2,
        1,
        1,
        1,
        2,
        1,
        2,
        1,
        2,
        1,
        2,
        1,
        1,
        1,
        1,
        2,
        2,
        1,
        2,
        1,
        1,
        2,
        2,
        1,
        1,
        2,
        1,
        2,
        1,
        1,
        1,
        2,
        2,
        1,
        1,
        2,
        1,
        1,
        1,
        1,
        2,
        1,
        1,
        1,
        2,
        1,
        1,
        2,
        1,
        2,
        1,
        2,
        1,
        1,
        1,
        1,
        2,
        1,
        1,
        1,
        1,
        1,
        1,
        1,
        2,
        2,
        1,
        1,
        1,
        1,
        1,
        1,
        1,
        1,
        2,
        2,
        1,
        1,
        2,
        2,
        2,
        1,
        1,
        1,
        1,
        1,
        1,
        2,
        1,
        1,
        1,
        1,
        1,
        2,
        1,
        2,
        1,
        2,
        1,
        2,
        2,
        1,
        2,
        2,
        1,
        1,
