{
    "with_labels": 0,
    "burn_in": 500,
    "thinning": 1,
    "runtime": 404.9764783382416,
    "healthy_ratio": 0.5,
    "max_log_likelihood": 2908.923257079707,
    "kendalls_tau": 0.26515151515151514,
    "subtype_acc": 0.336076750468344,
    "n_subtypes": 4,
    "mean_stage_healthy": 0.09866666666666667,
    "ml_subtype": [
        0,
        0,
        0,
        1,
        1,
        1,
        1,
        0,
        1,
        1,
        0,
        1,
        0,
        1,
        0,
        0,
        1,
        1,
        0,
        1,
        1,
        1,
        2,
        0,
        0,
        0,
        1,
        0,
        0,
        3,
        1,
        1,
        1,
        0,
        1,
        1,
        1,
        0,
        0,
        1,
        0,
        2,
        1,
        0,
        1,
        0,
        1,
        0,
        1,
        0,
        1,
        2,
        3,
        1,
        3,
        1,
        1,
        1,
        0,
        2,
        0,
        0,
        1,
        2,
        3,
        1,
        0,
        1,
        0,
        0,
        2,
        1,
        1,
        1,
        0,
        0,
        1,
        0,
        0,
        1,
        1,
        0,
        1,
        3,
        0,
        1,
        1,
        3,
        3,
        0,
        1,
        1,
        1,
        1,
        0,
        3,
        0,
        0,
        0,
        1,
        1,
        1,
        1,
        1,
        1,
        0,
        0,
        0,
        1,
        0,
        1,
        1,
        1,
        0,
        0,
        1,
        0,
        1,
        1,
        1,
        1,
        0,
        0,
        3,
        1,
        0,
        1,
        2,
        1,
        0,
        2,
        1,
        0,
        0,
        1,
        2,
        0,
        1,
        1,
        1,
        1,
        1,
        1,
        0,
        0,
        1,
        1,
        1,
        0,
        0,
        1,
        1,
        0,
        1,
        1,
        1,
        1,
        3,
        1,
        0,
        3,
        0,
        1,
        1,
        0,
        2,
        0,
        0,
        1,
        1,
        1,
        0,
        1,
        0,
        1,
        0,
        0,
        1,
        1,
        0,
        1,
        0,
        0,
        1,
        0,
        1,
        0,
        0,
        0,
        1,
        1,
        1,
        3,
        1,
        0,
        0,
        1,
        1,
        1,
        3,
        1,
        1,
        0,
        3,
        1,
        0,
        1,
        1,
        2,
        1,
        1,
        1,
        1,
        0,
        0,
        1,
        2,
        0,
        1,
        3,
        0,
        2,
        1,
        0,
        3,
        1,
        0,
        0,
        1,
        0,
        0,
        1,
        1,
        1,
        1,
        3,
        1,
        3,
        1,
        1,
        1,
        0,
        3,
        1,
        1,
        1,
        0,
        0,
        0,
        3,
        3,
        1,
        1,
        1,
        1,
        0,
        0,
        1,
        2,
        1,
        1,
        1,
        0,
        2,
        1,
        1,
        0,
        1,
        0,
        0,
        1,
        1,
        1,
        1,
        1,
        0,
        1,
        1,
        1,
        1,
        1,
        0,
        3,
        0,
        1,
        2,
        1,
        1,
        1,
        1,
        1,
        0,
        1,
        1,
        0,
        1,
        0,
        0,
        1,
        0,
        0,
        1,
        0,
        1,
        1,
        1,
        1,
        0,
        2,
        0,
        0,
        1,
        1,
        1,
        1,
        3,
        1,
        0,
        2,
        0,
        0,
        0,
        0,
        0,
        0,
        1,
        3,
        0,
        0,
        0,
        0,
        1,
        3,
        1,
        1,
        0,
        0,
        2,
        1,
        0,
        1,
        0,
        1,
        0,
        1,
        0,
        0,
        1,
        1,
        0,
        1,
        1,
        0,
        0,
        1,
        1,
        3,
        3,
        0,
        1,
        0,
        2,
        1,
        1,
        0,
        1,
        3,
        0,
        1,
        1,
        1,
        1,
        1,
        1,
        0,
        0,
        3,
        1,
        1,
        0,
        1,
        0,
        0,
        1,
        1,
        0,
        3,
        0,
        0,
        1,
        1,
        1,
        1,
        1,
        0,
        0,
        3,
        1,
        0,
        1,
        1,
        1,
        3,
        1,
        1,
        1,
        0,
        1,
        0,
        0,
        1,
        1,
        0,
        1,
        1,
        1,
        1,
        1,
        0,
        1,
        1,
        1,
        1,
        0,
        1,
        1,
        1,
        1,
        1,
        3,
        1,
        2,
        1,
        0,
        1,
        1,
        0,
        3,
        3,
        0,
        0,
        2,
        0,
        2,
        1,
        0,
        1,
        0,
        2,
        0,
        1,
        1,
        0,
        0,
        1,
        0,
        0,
        1,
        1,
        1,
        1,
        1,
        1,
        1,
        0,
        1,
        0,
        0,
        1,
        1,
        1,
        2,
        0,
        1,
        3,
        3,
        1,
        1,
        0,
        1,
        0,
        0,
        1,
        0,
        1,
        3,
        0,
        1,
        1,
        0,
        0,
        1,
        2,
        1,
        2,
        1,
        1,
        1,
        1,
        1,
        1,
        1,
        1,
        3,
        1,
        1,
        3,
        1,
        1,
        1,
        1,
        1,
        1,
        1,
        1,
        0,
        1,
        1,
        1,
        1,
        0,
        1,
        1,
        1,
        3,
        1,
        1,
        1,
        1,
        0,
        1,
        1,
        1,
        1,
        3,
        0,
        1,
        1,
        1,
        1,
        1,
        1,
        1,
        1,
        1,
        1,
        1,
        1,
        3,
        1,
        1,
        1,
        3,
        1,
        1,
        1,
        1,
        1,
        0,
        1,
        3,
        1,
        1,
        1,
        1,
        1,
        1,
        1,
        3,
        1,
        1,
        1,
        1,
        1,
        1,
        1,
        1,
        1,
        1,
        1,
        1,
        1,
        1,
        1,
        1,
        1,
        1,
        1,
        1,
        1,
        1,
        1,
        1,
        3,
        1,
        1,
        1,
        1,
        1,
        1,
        1,
        1,
        1,
        1,
        1,
        3,
        1,
        1,
        1,
        3,
        3,
        3,
        1,
        1,
        1,
        3,
        1,
        1,
        1,
        1,
        3,
        1,
        1,
        1,
        1,
        1,
        1,
        1,
        1,
        0,
        3,
        1,
        1,
        1,
        0,
        1,
        1,
        0,
        1,
        1,
        1,
        1,
        1,
        2,
        1,
        1,
        1,
        1,
        1,
        1,
        1,
        1,
        0,
        2,
        0,
        1,
        1,
        1,
        0,
        1,
        1,
        1,
        3,
        1,
        1,
        1,
        1,
        1,
        1,
        1,
        1,
        1,
        1,
        1,
        1,
        0,
        3,
        1,
        1,
        1,
        1,
        0,
        3,
        1,
        1,
        1,
        1,
        1,
        1,
        1,
        1,
        1,
        1,
        1,
        1,
        3,
