{
    "with_labels": 0,
    "burn_in": 500,
    "thinning": 1,
    "runtime": 483.7184638977051,
    "healthy_ratio": 0.24933333333333332,
    "max_log_likelihood": 1234.4064843912502,
    "kendalls_tau": 0.13257575757575757,
    "subtype_acc": 0.3565324888755173,
    "n_subtypes": 4,
    "mean_stage_healthy": 0.06951871657754011,
    "ml_subtype": [
        0,
        0,
        0,
        3,
        0,
        3,
        3,
        0,
        0,
        0,
        0,
        3,
        3,
        0,
        3,
        0,
        3,
        3,
        3,
        3,
        3,
        0,
        3,
        3,
        3,
        0,
        3,
        3,
        3,
        0,
        0,
        0,
        3,
        3,
        0,
        3,
        1,
        3,
        0,
        0,
        0,
        3,
        0,
        0,
        0,
        0,
        0,
        0,
        3,
        3,
        3,
        0,
        3,
        3,
        0,
        3,
        3,
        3,
        0,
        0,
        3,
        0,
        0,
        0,
        0,
        3,
        0,
        3,
        3,
        3,
        3,
        0,
        0,
        0,
        0,
        3,
        0,
        3,
        0,
        3,
        3,
        0,
        3,
        3,
        0,
        3,
        3,
        3,
        0,
        3,
        3,
        3,
        3,
        0,
        0,
        3,
        3,
        0,
        0,
        3,
        3,
        0,
        3,
        0,
        0,
        3,
        3,
        3,
        3,
        3,
        0,
        3,
        3,
        3,
        2,
        3,
        0,
        3,
        0,
        0,
        3,
        0,
        3,
        1,
        0,
        0,
        0,
        3,
        3,
        0,
        3,
        0,
        0,
        0,
        3,
        0,
        0,
        0,
        3,
        3,
        3,
        3,
        3,
        3,
        3,
        3,
        2,
        3,
        3,
        3,
        0,
        3,
        0,
        0,
        0,
        3,
        3,
        3,
        3,
        0,
        0,
        2,
        3,
        2,
        3,
        3,
        0,
        0,
        0,
        3,
        0,
        3,
        0,
        0,
        0,
        3,
        3,
        3,
        0,
        0,
        3,
        3,
        0,
        0,
        0,
        0,
        3,
        3,
        3,
        3,
        3,
        0,
        3,
        3,
        3,
        0,
        3,
        1,
        0,
        3,
        3,
        0,
        0,
        3,
        0,
        3,
        0,
        3,
        0,
        3,
        3,
        0,
        0,
        3,
        3,
        0,
        3,
        0,
        0,
        3,
        3,
        0,
        3,
        0,
        0,
        3,
        3,
        3,
        3,
        0,
        0,
        0,
        0,
        3,
        3,
        0,
        0,
        3,
        0,
        0,
        3,
        3,
        3,
        0,
        3,
        3,
        0,
        2,
        3,
        3,
        3,
        0,
        0,
        0,
        0,
        3,
        3,
        3,
        0,
        2,
        3,
        0,
        0,
        3,
        0,
        0,
        3,
        0,
        0,
        3,
        0,
        3,
        3,
        0,
        3,
        3,
        0,
        0,
        3,
        3,
        0,
        0,
        0,
        3,
        0,
        3,
        3,
        0,
        0,
        3,
        0,
        0,
        0,
        0,
        3,
        0,
        0,
        3,
        3,
        0,
        3,
        3,
        0,
        0,
        0,
        0,
        0,
        0,
        0,
        3,
        0,
        3,
        0,
        0,
        3,
        3,
        3,
        3,
        0,
        3,
        3,
        3,
        3,
        3,
        3,
        3,
        0,
        0,
        3,
        0,
        3,
        0,
        3,
        0,
        0,
        3,
        0,
        3,
        3,
        3,
        0,
        1,
        3,
        0,
        3,
        3,
        3,
        0,
        3,
        3,
        3,
        3,
        0,
        3,
        0,
        0,
        0,
        3,
        3,
        0,
        0,
        3,
        3,
        0,
        0,
        3,
        0,
        3,
        0,
        3,
        0,
        3,
        0,
        0,
        3,
        3,
        0,
        3,
        0,
        3,
        0,
        3,
        3,
        0,
        0,
        0,
        3,
        2,
        0,
        3,
        0,
        0,
        3,
        3,
        3,
        3,
        3,
        3,
        3,
        0,
        3,
        0,
        3,
        0,
        0,
        3,
        0,
        0,
        3,
        0,
        0,
        3,
        0,
        3,
        3,
        0,
        0,
        3,
        3,
        3,
        3,
        3,
        0,
        0,
        0,
        3,
        1,
        0,
        3,
        3,
        0,
        0,
        3,
        0,
        3,
        0,
        3,
        3,
        3,
        0,
        3,
        3,
        3,
        0,
        0,
        0,
        3,
        0,
        3,
        3,
        3,
        0,
        0,
        0,
        3,
        0,
        3,
        0,
        0,
        3,
        0,
        0,
        2,
        2,
        2,
        0,
        2,
        0,
        3,
        2,
        3,
        2,
        2,
        2,
        2,
        0,
        0,
        1,
        2,
        0,
        2,
        2,
        0,
        2,
        0,
        0,
        0,
        0,
        0,
        3,
        2,
        2,
        0,
        0,
        3,
        2,
        2,
        2,
        0,
        0,
        0,
        0,
        2,
        2,
        0,
        0,
        2,
        2,
        0,
        0,
        2,
        0,
        0,
        1,
        2,
        0,
        2,
        2,
        1,
        0,
        0,
        2,
        2,
        2,
        2,
        0,
        2,
        2,
        3,
        2,
        0,
        0,
        0,
        2,
        0,
        0,
        0,
        0,
        0,
        2,
        2,
        0,
        0,
        0,
        2,
        2,
        0,
        2,
        2,
        0,
        1,
        2,
        2,
        0,
        0,
        0,
        0,
        2,
        0,
        2,
        2,
        1,
        0,
        0,
        2,
        0,
        0,
        2,
        2,
        2,
        2,
        0,
        3,
        3,
        3,
        0,
        0,
        0,
        0,
        2,
        1,
        2,
        0,
        3,
        2,
        0,
        0,
        0,
        0,
        0,
        1,
        0,
        0,
        0,
        0,
        0,
        0,
        0,
        0,
        0,
        0,
        2,
        2,
        2,
        2,
        0,
        0,
        0,
        2,
        0,
        2,
        3,
        0,
        2,
        0,
        0,
        0,
        0,
        3,
        1,
        2,
        2,
        0,
        0,
        0,
        2,
        0,
        0,
        0,
        0,
        0,
        0,
        2,
        0,
        2,
        0,
        2,
        0,
        2,
        2,
        0,
        2,
        0,
        0,
        2,
        2,
        0,
        2,
        0,
        0,
        2,
        0,
        0,
        2,
        0,
        2,
        0,
        0,
        0,
        0,
        0,
        2,
        0,
        0,
        0,
        2,
        2,
        0,
        0,
        0,
        2,
        0,
        0,
        0,
        0,
        2,
        2,
        0,
        2,
        2,
        2,
        0,
        2,
        0,
        0,
        0,
        3,
        2,
        2,
        0,
        2,
        0,
        0,
        0,
        3,
