{
    "with_labels": 0,
    "burn_in": 500,
    "thinning": 1,
    "runtime": 505.61234736442566,
    "healthy_ratio": 0.5,
    "max_log_likelihood": -2836.8255469265446,
    "kendalls_tau": 0.25757575757575757,
    "subtype_acc": 0.27723229561370794,
    "n_subtypes": 5,
    "mean_stage_healthy": 0.10933333333333334,
    "ml_subtype": [
        2,
        4,
        4,
        2,
        2,
        0,
        0,
        0,
        0,
        4,
        0,
        0,
        4,
        0,
        0,
        4,
        4,
        3,
        4,
        0,
        0,
        4,
        0,
        2,
        4,
        0,
        4,
        1,
        0,
        2,
        0,
        4,
        1,
        0,
        0,
        0,
        0,
        4,
        0,
        0,
        4,
        4,
        0,
        0,
        2,
        4,
        0,
        2,
        0,
        0,
        0,
        0,
        2,
        2,
        4,
        4,
        0,
        0,
        4,
        4,
        0,
        0,
        0,
        4,
        1,
        0,
        0,
        4,
        4,
        4,
        0,
        0,
        2,
        4,
        2,
        4,
        4,
        0,
        4,
        3,
        0,
        2,
        0,
        0,
        2,
        4,
        0,
        0,
        4,
        0,
        4,
        2,
        3,
        4,
        4,
        0,
        4,
        0,
        0,
        0,
        4,
        2,
        4,
        2,
        0,
        0,
        4,
        0,
        0,
        0,
        0,
        0,
        0,
        0,
        4,
        0,
        0,
        0,
        3,
        4,
        0,
        4,
        0,
        4,
        0,
        0,
        2,
        3,
        0,
        0,
        0,
        0,
        0,
        0,
        4,
        0,
        0,
        0,
        1,
        3,
        4,
        0,
        0,
        0,
        0,
        2,
        4,
        0,
        0,
        0,
        0,
        4,
        1,
        4,
        3,
        0,
        0,
        4,
        2,
        4,
        4,
        0,
        0,
        4,
        0,
        4,
        2,
        4,
        4,
        3,
        1,
        4,
        4,
        0,
        0,
        0,
        4,
        4,
        0,
        0,
        0,
        4,
        4,
        0,
        0,
        0,
        0,
        2,
        0,
        4,
        4,
        4,
        0,
        0,
        0,
        0,
        0,
        4,
        0,
        0,
        0,
        0,
        4,
        4,
        0,
        4,
        0,
        0,
        0,
        4,
        2,
        1,
        3,
        0,
        0,
        0,
        0,
        0,
        4,
        4,
        0,
        3,
        2,
        0,
        4,
        0,
        0,
        0,
        0,
        0,
        1,
        0,
        0,
        1,
        1,
        0,
        0,
        3,
        0,
        0,
        1,
        0,
        0,
        3,
        0,
        2,
        0,
        3,
        3,
        1,
        0,
        0,
        0,
        0,
        3,
        0,
        0,
        1,
        0,
        0,
        0,
        0,
        0,
        0,
        1,
        2,
        2,
        1,
        0,
        3,
        3,
        0,
        1,
        0,
        0,
        1,
        0,
        0,
        0,
        3,
        1,
        0,
        1,
        3,
        1,
        3,
        0,
        1,
        0,
        1,
        0,
        0,
        0,
        2,
        2,
        0,
        3,
        0,
        1,
        0,
        0,
        0,
        0,
        0,
        0,
        3,
        1,
        0,
        0,
        0,
        0,
        0,
        0,
        0,
        0,
        1,
        0,
        3,
        0,
        3,
        1,
        0,
        3,
        3,
        0,
        0,
        0,
        0,
        0,
        1,
        0,
        3,
        1,
        3,
        0,
        0,
        0,
        1,
        4,
        3,
        0,
        1,
        0,
        3,
        0,
        0,
        0,
        3,
        3,
        3,
        0,
        2,
        1,
        0,
        3,
        0,
        0,
        0,
        0,
        0,
        1,
        0,
        0,
        1,
        3,
        0,
        1,
        3,
        0,
        0,
        0,
        3,
        0,
        0,
        0,
        3,
        1,
        2,
        3,
        0,
        0,
        0,
        2,
        0,
        3,
        0,
        0,
        3,
        1,
        3,
        0,
        0,
        1,
        0,
        3,
        0,
        1,
        0,
        0,
        0,
        0,
        0,
        3,
        3,
        0,
        0,
        3,
        0,
        1,
        3,
        0,
        0,
        3,
        0,
        0,
        3,
        3,
        0,
        0,
        3,
        0,
        0,
        4,
        0,
        0,
        0,
        0,
        0,
        3,
        0,
        3,
        0,
        0,
        3,
        0,
        0,
        0,
        0,
        1,
        1,
        0,
        1,
        0,
        0,
        2,
        0,
        2,
        0,
        1,
        3,
        0,
        3,
        3,
        3,
        1,
        1,
        3,
        0,
        0,
        0,
        3,
        3,
        3,
        0,
        2,
        0,
        4,
        0,
        3,
        0,
        0,
        3,
        0,
        0,
        0,
        0,
        2,
        0,
        1,
        2,
        0,
        0,
        2,
        0,
        0,
        0,
        0,
        2,
        0,
        0,
        0,
        0,
        0,
        0,
        2,
        2,
        3,
        0,
        2,
        0,
        2,
        0,
        0,
        2,
        0,
        4,
        4,
        0,
        0,
        2,
        2,
        0,
        2,
        0,
        3,
        4,
        0,
        0,
        4,
        2,
        2,
        0,
        0,
        4,
        0,
        2,
        1,
        0,
        0,
        2,
        2,
        2,
        2,
        1,
        2,
        0,
        2,
        0,
        0,
        2,
        0,
        0,
        0,
        0,
        2,
        2,
        0,
        2,
        2,
        2,
        0,
        2,
        1,
        0,
        2,
        0,
        2,
        0,
        2,
        2,
        2,
        0,
        2,
        0,
        2,
        0,
        0,
        0,
        0,
        0,
        2,
        0,
        4,
        2,
        1,
        0,
        2,
        2,
        0,
        2,
        2,
        0,
        2,
        0,
        4,
        1,
        0,
        0,
        0,
        0,
        0,
        0,
        1,
        4,
        0,
        2,
        0,
        0,
        0,
        2,
        2,
        4,
        2,
        2,
        1,
        2,
        0,
        2,
        0,
        0,
        0,
        1,
        0,
        2,
        2,
        1,
        0,
        2,
        0,
        0,
        0,
        0,
        0,
        2,
        1,
        0,
        1,
        0,
        1,
        1,
        0,
        4,
        2,
        1,
        0,
        0,
        0,
        2,
        0,
        0,
        0,
        2,
        4,
        0,
        2,
        0,
        2,
        0,
        0,
        2,
        2,
        0,
        0,
        2,
        0,
        0,
        1,
        0,
        2,
        2,
        0,
        0,
        0,
        1,
        4,
        2,
        2,
        2,
        0,
        2,
        2,
        1,
        0,
        0,
        4,
        0,
        0,
        2,
        0,
        0,
        0,
        2,
        3,
        0,
        0,
        0,
        0,
        2,
        0,
        3,
        2,
        0,
        2,
        2,
        3,
        0,
