{
    "with_labels": 0,
    "burn_in": 500,
    "thinning": 1,
    "runtime": 500.70886182785034,
    "healthy_ratio": 0.75,
    "max_log_likelihood": -351.61971352009635,
    "kendalls_tau": 0.35454545454545455,
    "subtype_acc": 0.035297219940920034,
    "n_subtypes": 5,
    "mean_stage_healthy": 0.7937777777777778,
    "ml_subtype": [
        0,
        0,
        0,
        2,
        0,
        2,
        0,
        0,
        0,
        2,
        0,
        0,
        0,
        0,
        0,
        0,
        0,
        0,
        0,
        0,
        2,
        0,
        0,
        0,
        4,
        2,
        2,
        0,
        0,
        0,
        0,
        0,
        0,
        4,
        0,
        0,
        2,
        0,
        0,
        2,
        0,
        0,
        0,
        0,
        0,
        0,
        2,
        2,
        0,
        0,
        0,
        0,
        0,
        2,
        0,
        2,
        0,
        0,
        2,
        0,
        0,
        0,
        0,
        4,
        0,
        3,
        0,
        0,
        0,
        0,
        4,
        2,
        0,
        4,
        0,
        2,
        2,
        0,
        0,
        4,
        0,
        2,
        0,
        0,
        2,
        0,
        2,
        0,
        0,
        0,
        3,
        0,
        0,
        4,
        2,
        0,
        0,
        0,
        0,
        2,
        0,
        2,
        2,
        0,
        0,
        0,
        3,
        2,
        0,
        0,
        0,
        0,
        0,
        0,
        2,
        0,
        2,
        2,
        0,
        0,
        0,
        0,
        4,
        0,
        2,
        0,
        2,
        0,
        0,
        4,
        0,
        0,
        0,
        0,
        4,
        0,
        0,
        2,
        2,
        0,
        2,
        4,
        0,
        0,
        2,
        0,
        4,
        0,
        0,
        4,
        2,
        0,
        0,
        0,
        0,
        0,
        4,
        0,
        0,
        0,
        0,
        0,
        2,
        0,
        0,
        0,
        0,
        0,
        0,
        0,
        0,
        0,
        0,
        0,
        0,
        0,
        0,
        0,
        0,
        0,
        2,
        0,
        0,
        2,
        4,
        0,
        0,
        3,
        4,
        0,
        2,
        2,
        0,
        2,
        0,
        0,
        0,
        0,
        2,
        0,
        0,
        0,
        0,
        2,
        0,
        4,
        2,
        0,
        4,
        0,
        0,
        2,
        0,
        0,
        0,
        0,
        0,
        0,
        0,
        0,
        0,
        4,
        0,
        0,
        4,
        0,
        0,
        0,
        0,
        2,
        0,
        2,
        0,
        0,
        0,
        0,
        0,
        2,
        0,
        0,
        0,
        2,
        0,
        0,
        0,
        0,
        0,
        0,
        2,
        0,
        0,
        2,
        0,
        0,
        0,
        2,
        0,
        2,
        4,
        2,
        2,
        0,
        0,
        3,
        2,
        0,
        0,
        3,
        0,
        0,
        2,
        0,
        0,
        0,
        0,
        0,
        0,
        0,
        0,
        2,
        0,
        0,
        0,
        0,
        0,
        0,
        1,
        3,
        0,
        4,
        0,
        2,
        0,
        3,
        1,
        2,
        0,
        0,
        0,
        0,
        0,
        2,
        0,
        2,
        2,
        0,
        2,
        0,
        0,
        0,
        4,
        0,
        2,
        0,
        0,
        0,
        0,
        0,
        0,
        0,
        0,
        0,
        2,
        2,
        2,
        3,
        0,
        2,
        0,
        0,
        0,
        2,
        0,
        0,
        4,
        0,
        0,
        0,
        0,
        0,
        0,
        0,
        0,
        2,
        2,
        2,
        4,
        0,
        0,
        0,
        2,
        3,
        0,
        0,
        0,
        2,
        0,
        0,
        0,
        0,
        0,
        0,
        0,
        2,
        0,
        0,
        2,
        0,
        0,
        0,
        2,
        0,
        0,
        0,
        0,
        0,
        0,
        0,
        0,
        3,
        0,
        3,
        0,
        2,
        0,
        0,
        0,
        2,
        0,
        0,
        0,
        0,
        0,
        4,
        0,
        0,
        0,
        0,
        0,
        4,
        0,
        0,
        0,
        0,
        0,
        2,
        0,
        0,
        2,
        4,
        2,
        2,
        0,
        0,
        4,
        2,
        0,
        2,
        0,
        0,
        0,
        0,
        0,
        0,
        2,
        2,
        0,
        0,
        2,
        0,
        0,
        2,
        0,
        0,
        0,
        0,
        0,
        0,
        0,
        0,
        2,
        0,
        2,
        0,
        3,
        0,
        2,
        0,
        0,
        0,
        0,
        0,
        2,
        0,
        0,
        0,
        2,
        0,
        0,
        0,
        4,
        0,
        2,
        0,
        0,
        0,
        0,
        0,
        0,
        0,
        0,
        0,
        0,
        0,
        0,
        0,
        0,
        0,
        0,
        0,
        3,
        0,
        2,
        0,
        0,
        0,
        0,
        2,
        0,
        0,
        0,
        0,
        3,
        0,
        0,
        0,
        0,
        0,
        0,
        0,
        0,
        2,
        0,
        0,
        3,
        3,
        2,
        0,
        0,
        0,
        4,
        0,
        0,
        0,
        0,
        2,
        3,
        4,
        2,
        2,
        0,
        0,
        3,
        0,
        0,
        0,
        0,
        2,
        0,
        0,
        0,
        0,
        0,
        0,
        0,
        2,
        0,
        4,
        0,
        1,
        2,
        4,
        0,
        0,
        0,
        4,
        0,
        0,
        0,
        0,
        0,
        2,
        0,
        3,
        0,
        0,
        3,
        2,
        2,
        3,
        4,
        0,
        0,
        0,
        2,
        0,
        0,
        0,
        0,
        0,
        0,
        0,
        2,
        0,
        0,
        2,
        2,
        0,
        0,
        0,
        0,
        0,
        0,
        0,
        0,
        0,
        0,
        0,
        0,
        3,
        0,
        2,
        3,
        0,
        0,
        0,
        0,
        0,
        0,
        0,
        3,
        0,
        0,
        0,
        2,
        2,
        0,
        0,
        0,
        4,
        4,
        0,
        4,
        0,
        2,
        4,
        0,
        0,
        0,
        0,
        0,
        0,
        3,
        2,
        0,
        0,
        0,
        0,
        2,
        0,
        0,
        0,
        0,
        3,
        2,
        0,
        4,
        0,
        4,
        4,
        0,
        0,
        0,
        0,
        4,
        0,
        3,
        0,
        0,
        4,
        0,
        2,
        0,
        4,
        0,
        0,
        0,
        0,
        0,
        0,
        0,
        0,
        0,
        0,
        2,
        0,
        0,
        2,
        0,
        4,
        0,
        0,
        4,
        0,
        0,
        0,
        4,
        4,
        0,
        0,
        2,
        0,
        4,
        2,
        0,
        0,
        2,
        0,
        4,
        0,
        0,
        0,
        0,
        0,
        4,
        2,
