{
    "with_labels": 0,
    "burn_in": 500,
    "thinning": 1,
    "runtime": 561.6242084503174,
    "healthy_ratio": 0.24933333333333332,
    "max_log_likelihood": 616.2506867528629,
    "kendalls_tau": 0.2181818181818182,
    "subtype_acc": 0.3659346035606522,
    "n_subtypes": 5,
    "mean_stage_healthy": 0.09893048128342247,
    "ml_subtype": [
        1,
        0,
        0,
        0,
        2,
        0,
        1,
        2,
        0,
        0,
        0,
        0,
        0,
        0,
        2,
        1,
        0,
        0,
        0,
        0,
        0,
        0,
        0,
        2,
        0,
        1,
        0,
        0,
        0,
        0,
        1,
        2,
        1,
        0,
        0,
        1,
        0,
        0,
        1,
        1,
        0,
        1,
        1,
        0,
        0,
        0,
        0,
        0,
        0,
        3,
        2,
        0,
        0,
        0,
        0,
        0,
        0,
        0,
        0,
        0,
        0,
        2,
        1,
        0,
        0,
        2,
        1,
        0,
        2,
        1,
        0,
        0,
        1,
        1,
        1,
        0,
        0,
        0,
        3,
        2,
        0,
        1,
        1,
        2,
        1,
        0,
        2,
        0,
        1,
        2,
        0,
        1,
        3,
        1,
        0,
        0,
        2,
        1,
        2,
        3,
        3,
        0,
        2,
        3,
        1,
        3,
        3,
        0,
        3,
        1,
        1,
        0,
        0,
        0,
        1,
        2,
        2,
        0,
        1,
        3,
        2,
        0,
        2,
        2,
        0,
        2,
        0,
        1,
        0,
        2,
        0,
        1,
        1,
        0,
        1,
        1,
        0,
        0,
        0,
        2,
        2,
        0,
        2,
        0,
        1,
        1,
        1,
        0,
        2,
        0,
        0,
        1,
        0,
        2,
        2,
        2,
        2,
        2,
        1,
        2,
        2,
        1,
        2,
        1,
        0,
        2,
        1,
        2,
        0,
        1,
        2,
        0,
        0,
        2,
        1,
        1,
        0,
        1,
        1,
        1,
        2,
        3,
        2,
        0,
        0,
        0,
        1,
        2,
        1,
        3,
        0,
        0,
        0,
        2,
        1,
        2,
        2,
        1,
        0,
        2,
        0,
        0,
        0,
        0,
        2,
        0,
        1,
        0,
        1,
        0,
        0,
        0,
        1,
        1,
        1,
        0,
        2,
        1,
        1,
        2,
        2,
        0,
        2,
        1,
        0,
        1,
        0,
        2,
        2,
        0,
        1,
        1,
        1,
        3,
        0,
        2,
        3,
        2,
        2,
        1,
        3,
        0,
        0,
        0,
        0,
        3,
        1,
        0,
        1,
        0,
        0,
        0,
        1,
        1,
        0,
        0,
        2,
        1,
        0,
        0,
        3,
        0,
        2,
        2,
        0,
        2,
        1,
        2,
        0,
        2,
        0,
        0,
        0,
        2,
        2,
        2,
        0,
        0,
        1,
        2,
        0,
        3,
        2,
        0,
        1,
        1,
        2,
        1,
        0,
        1,
        3,
        1,
        0,
        1,
        1,
        2,
        2,
        2,
        2,
        2,
        1,
        1,
        2,
        0,
        1,
        0,
        2,
        1,
        1,
        2,
        0,
        2,
        2,
        2,
        3,
        0,
        0,
        2,
        2,
        0,
        2,
        2,
        1,
        2,
        0,
        2,
        0,
        2,
        1,
        2,
        0,
        2,
        2,
        1,
        0,
        2,
        0,
        1,
        0,
        1,
        0,
        1,
        2,
        0,
        1,
        2,
        2,
        0,
        2,
        1,
        1,
        3,
        1,
        0,
        3,
        0,
        2,
        0,
        2,
        0,
        0,
        2,
        2,
        3,
        0,
        0,
        3,
        3,
        0,
        2,
        1,
        2,
        1,
        1,
        3,
        2,
        1,
        2,
        3,
        0,
        0,
        1,
        3,
        2,
        1,
        0,
        0,
        0,
        2,
        2,
        1,
        1,
        2,
        0,
        2,
        1,
        1,
        0,
        0,
        0,
        1,
        2,
        2,
        0,
        2,
        2,
        2,
        0,
        2,
        0,
        0,
        0,
        2,
        2,
        2,
        0,
        2,
        2,
        0,
        0,
        2,
        0,
        1,
        0,
        2,
        2,
        2,
        2,
        0,
        0,
        0,
        0,
        2,
        0,
        0,
        2,
        2,
        2,
        0,
        2,
        2,
        2,
        2,
        2,
        2,
        2,
        2,
        0,
        0,
        0,
        2,
        2,
        0,
        2,
        0,
        2,
        2,
        2,
        2,
        2,
        2,
        2,
        0,
        2,
        2,
        0,
        0,
        2,
        1,
        2,
        2,
        2,
        2,
        2,
        2,
        0,
        2,
        2,
        2,
        2,
        0,
        0,
        2,
        2,
        2,
        2,
        0,
        2,
        0,
        0,
        2,
        2,
        2,
        2,
        0,
        0,
        2,
        0,
        1,
        2,
        0,
        0,
        2,
        2,
        0,
        2,
        2,
        2,
        3,
        0,
        0,
        0,
        0,
        0,
        0,
        0,
        0,
        0,
        0,
        0,
        0,
        0,
        1,
        0,
        0,
        0,
        0,
        0,
        0,
        0,
        0,
        1,
        0,
        0,
        0,
        0,
        0,
        0,
        0,
        0,
        0,
        0,
        0,
        0,
        0,
        0,
        0,
        0,
        0,
        0,
        0,
        0,
        0,
        0,
        0,
        0,
        0,
        0,
        0,
        0,
        0,
        0,
        1,
        0,
        1,
        0,
        0,
        0,
        0,
        3,
        0,
        0,
        0,
        0,
        0,
        0,
        0,
        0,
        0,
        0,
        0,
        0,
        0,
        0,
        1,
        0,
        0,
        0,
        0,
        0,
        0,
        0,
        0,
        0,
        0,
        0,
        0,
        0,
        0,
        0,
        0,
        0,
        0,
        2,
        0,
        0,
        0,
        0,
        0,
        0,
        0,
        0,
        0,
        0,
        0,
        0,
        0,
        0,
        0,
        0,
        3,
        1,
        0,
        0,
        0,
        0,
        0,
        0,
        0,
        0,
        0,
        0,
        0,
        0,
        0,
        0,
        1,
        0,
        1,
        0,
        0,
        1,
        0,
        0,
        0,
        0,
        0,
        3,
        0,
        0,
        0,
        0,
        0,
        0,
        0,
        0,
        0,
        0,
        0,
        0,
        0,
        0,
        0,
        0,
        0,
        0,
        0,
        0,
        0,
        0,
        0,
        0,
        0,
        2,
        0,
        0,
        1,
        0,
        0,
        1,
        0,
        0,
        0,
        0,
        0,
        0,
        0,
        0,
        0,
        0,
        0,
        0,
        1,
        0,
        0,
