{
    "with_labels": 0,
    "burn_in": 500,
    "thinning": 1,
    "runtime": 365.63660979270935,
    "healthy_ratio": 0.5,
    "max_log_likelihood": -2107.9703921364107,
    "kendalls_tau": 0.3181818181818182,
    "subtype_acc": 0.07272980512707135,
    "n_subtypes": 3,
    "mean_stage_healthy": 0.09333333333333334,
    "ml_subtype": [
        2,
        2,
        1,
        1,
        2,
        2,
        1,
        2,
        2,
        2,
        0,
        1,
        0,
        0,
        0,
        0,
        0,
        2,
        1,
        0,
        0,
        2,
        2,
        2,
        0,
        2,
        0,
        0,
        1,
        2,
        0,
        0,
        2,
        0,
        0,
        2,
        2,
        1,
        0,
        0,
        2,
        0,
        0,
        2,
        2,
        0,
        0,
        0,
        0,
        1,
        2,
        0,
        0,
        0,
        0,
        0,
        0,
        0,
        0,
        0,
        0,
        0,
        0,
        2,
        0,
        2,
        0,
        0,
        0,
        0,
        0,
        0,
        2,
        2,
        0,
        0,
        0,
        2,
        2,
        0,
        0,
        2,
        0,
        0,
        2,
        0,
        1,
        0,
        2,
        2,
        2,
        0,
        0,
        2,
        0,
        2,
        2,
        2,
        0,
        0,
        0,
        2,
        0,
        2,
        2,
        0,
        0,
        2,
        0,
        1,
        2,
        0,
        1,
        2,
        0,
        2,
        0,
        0,
        0,
        0,
        1,
        0,
        0,
        0,
        1,
        0,
        0,
        0,
        0,
        0,
        0,
        0,
        1,
        2,
        0,
        0,
        0,
        2,
        0,
        0,
        1,
        0,
        2,
        0,
        1,
        0,
        2,
        0,
        2,
        0,
        1,
        0,
        0,
        2,
        0,
        2,
        0,
        1,
        2,
        2,
        0,
        2,
        2,
        2,
        0,
        2,
        2,
        1,
        2,
        2,
        0,
        0,
        0,
        0,
        0,
        0,
        0,
        0,
        0,
        0,
        0,
        1,
        2,
        2,
        0,
        0,
        2,
        0,
        0,
        0,
        2,
        2,
        0,
        0,
        1,
        0,
        0,
        1,
        0,
        0,
        0,
        2,
        2,
        0,
        0,
        0,
        2,
        2,
        0,
        2,
        2,
        0,
        0,
        2,
        0,
        1,
        0,
        0,
        0,
        2,
        0,
        2,
        0,
        0,
        0,
        0,
        0,
        2,
        2,
        2,
        0,
        1,
        0,
        0,
        0,
        0,
        0,
        0,
        0,
        2,
        0,
        0,
        2,
        0,
        0,
        2,
        0,
        2,
        2,
        2,
        1,
        2,
        0,
        0,
        0,
        0,
        2,
        1,
        2,
        0,
        0,
        0,
        0,
        0,
        2,
        0,
        0,
        0,
        0,
        2,
        0,
        0,
        0,
        0,
        0,
        0,
        0,
        2,
        0,
        0,
        2,
        0,
        1,
        0,
        1,
        0,
        2,
        0,
        0,
        0,
        2,
        2,
        2,
        0,
        0,
        0,
        2,
        0,
        0,
        0,
        2,
        2,
        0,
        2,
        2,
        1,
        2,
        0,
        2,
        2,
        0,
        0,
        2,
        1,
        1,
        2,
        2,
        1,
        2,
        0,
        0,
        0,
        1,
        0,
        0,
        2,
        2,
        0,
        0,
        0,
        2,
        0,
        2,
        0,
        0,
        2,
        0,
        2,
        2,
        0,
        2,
        1,
        0,
        1,
        2,
        0,
        2,
        0,
        1,
        0,
        0,
        0,
        2,
        2,
        1,
        1,
        1,
        0,
        1,
        0,
        0,
        0,
        0,
        2,
        0,
        0,
        2,
        0,
        0,
        0,
        0,
        0,
        0,
        0,
        0,
        2,
        0,
        1,
        2,
        1,
        0,
        0,
        1,
        0,
        2,
        0,
        2,
        2,
        0,
        0,
        2,
        0,
        0,
        1,
        0,
        0,
        0,
        0,
        2,
        0,
        2,
        2,
        1,
        0,
        0,
        0,
        0,
        2,
        0,
        0,
        2,
        2,
        2,
        0,
        1,
        0,
        0,
        1,
        0,
        0,
        0,
        0,
        0,
        2,
        0,
        2,
        2,
        0,
        1,
        2,
        0,
        0,
        2,
        0,
        2,
        2,
        0,
        0,
        2,
        1,
        0,
        0,
        0,
        1,
        2,
        0,
        0,
        2,
        2,
        0,
        2,
        2,
        2,
        0,
        2,
        0,
        2,
        0,
        0,
        1,
        0,
        2,
        0,
        0,
        2,
        2,
        0,
        0,
        2,
        2,
        2,
        1,
        2,
        1,
        1,
        0,
        0,
        0,
        0,
        0,
        0,
        2,
        0,
        2,
        0,
        0,
        0,
        0,
        1,
        0,
        0,
        1,
        2,
        0,
        0,
        1,
        0,
        0,
        0,
        0,
        0,
        0,
        0,
        0,
        1,
        0,
        2,
        0,
        0,
        2,
        2,
        0,
        0,
        0,
        2,
        0,
        0,
        1,
        2,
        2,
        0,
        0,
        0,
        2,
        1,
        1,
        0,
        0,
        0,
        0,
        0,
        0,
        0,
        0,
        0,
        0,
        0,
        0,
        2,
        2,
        0,
        0,
        0,
        1,
        0,
        2,
        0,
        0,
        1,
        0,
        0,
        2,
        0,
        0,
        0,
        0,
        0,
        2,
        0,
        0,
        0,
        2,
        0,
        2,
        0,
        0,
        0,
        0,
        1,
        0,
        0,
        1,
        0,
        0,
        0,
        1,
        1,
        2,
        0,
        0,
        0,
        0,
        0,
        1,
        2,
        0,
        0,
        0,
        0,
        2,
        0,
        0,
        2,
        0,
        1,
        1,
        2,
        2,
        0,
        0,
        0,
        1,
        0,
        0,
        1,
        0,
        2,
        0,
        2,
        1,
        2,
        1,
        1,
        0,
        1,
        0,
        0,
        0,
        0,
        2,
        1,
        0,
        0,
        0,
        0,
        2,
        1,
        0,
        0,
        0,
        0,
        2,
        0,
        0,
        2,
        1,
        0,
        2,
        0,
        0,
        0,
        0,
        0,
        0,
        0,
        2,
        1,
        0,
        0,
        0,
        2,
        2,
        0,
        0,
        0,
        0,
        1,
        0,
        0,
        0,
        2,
        0,
        2,
        1,
        2,
        0,
        2,
        0,
        0,
        1,
        0,
        0,
        0,
        0,
        2,
        1,
        0,
        0,
        0,
        0,
        2,
        0,
        0,
        0,
        2,
        2,
        0,
        0,
        1,
        1,
        0,
        0,
        1,
        0,
        0,
        2,
