{
    "with_labels": 0,
    "burn_in": 500,
    "thinning": 1,
    "runtime": 570.4692232608795,
    "healthy_ratio": 0.24933333333333332,
    "max_log_likelihood": 385.79235993286386,
    "kendalls_tau": 0.16287878787878787,
    "subtype_acc": 0.09463698223982063,
    "n_subtypes": 4,
    "mean_stage_healthy": 0.07219251336898395,
    "ml_subtype": [
        1,
        2,
        0,
        1,
        0,
        0,
        0,
        3,
        2,
        0,
        0,
        2,
        1,
        2,
        0,
        0,
        2,
        0,
        0,
        1,
        2,
        0,
        2,
        0,
        2,
        2,
        1,
        2,
        2,
        2,
        2,
        0,
        2,
        0,
        2,
        0,
        0,
        1,
        1,
        2,
        2,
        0,
        0,
        2,
        0,
        1,
        2,
        2,
        0,
        0,
        2,
        2,
        2,
        2,
        2,
        2,
        2,
        2,
        0,
        2,
        0,
        0,
        3,
        0,
        2,
        2,
        2,
        2,
        1,
        0,
        2,
        2,
        0,
        0,
        2,
        0,
        2,
        1,
        1,
        1,
        3,
        0,
        3,
        3,
        2,
        0,
        0,
        2,
        2,
        0,
        2,
        1,
        1,
        0,
        2,
        2,
        1,
        2,
        2,
        0,
        0,
        1,
        0,
        2,
        0,
        0,
        2,
        2,
        2,
        2,
        2,
        0,
        2,
        2,
        2,
        2,
        0,
        0,
        2,
        2,
        1,
        2,
        0,
        1,
        0,
        1,
        0,
        2,
        2,
        2,
        2,
        2,
        0,
        2,
        2,
        0,
        0,
        2,
        2,
        2,
        2,
        2,
        0,
        2,
        0,
        2,
        2,
        2,
        0,
        2,
        1,
        0,
        1,
        0,
        0,
        2,
        2,
        2,
        0,
        0,
        0,
        0,
        0,
        0,
        1,
        0,
        0,
        2,
        0,
        2,
        0,
        1,
        2,
        0,
        2,
        0,
        0,
        0,
        1,
        0,
        0,
        0,
        0,
        1,
        0,
        0,
        0,
        2,
        3,
        2,
        2,
        0,
        1,
        0,
        2,
        3,
        2,
        0,
        1,
        2,
        2,
        2,
        0,
        0,
        2,
        0,
        1,
        2,
        1,
        1,
        0,
        2,
        0,
        2,
        0,
        2,
        0,
        2,
        2,
        1,
        0,
        0,
        2,
        0,
        0,
        2,
        0,
        0,
        0,
        0,
        2,
        2,
        2,
        0,
        1,
        3,
        0,
        0,
        1,
        2,
        2,
        1,
        2,
        2,
        0,
        2,
        2,
        2,
        2,
        2,
        0,
        1,
        1,
        2,
        1,
        2,
        2,
        2,
        2,
        0,
        2,
        1,
        2,
        1,
        2,
        0,
        2,
        0,
        0,
        2,
        1,
        1,
        2,
        1,
        1,
        1,
        0,
        2,
        2,
        0,
        0,
        0,
        0,
        0,
        1,
        2,
        0,
        1,
        0,
        2,
        0,
        0,
        2,
        2,
        0,
        0,
        2,
        1,
        2,
        2,
        2,
        2,
        0,
        2,
        2,
        0,
        0,
        0,
        1,
        2,
        0,
        0,
        2,
        2,
        0,
        1,
        0,
        2,
        0,
        0,
        0,
        2,
        1,
        2,
        2,
        3,
        0,
        1,
        2,
        0,
        0,
        0,
        0,
        2,
        0,
        0,
        2,
        0,
        2,
        2,
        2,
        0,
        2,
        0,
        1,
        2,
        0,
        2,
        2,
        2,
        0,
        2,
        0,
        0,
        0,
        0,
        0,
        2,
        2,
        2,
        2,
        0,
        2,
        0,
        0,
        0,
        2,
        0,
        0,
        2,
        0,
        1,
        1,
        1,
        2,
        0,
        2,
        0,
        2,
        0,
        2,
        1,
        2,
        2,
        2,
        0,
        2,
        0,
        2,
        2,
        2,
        0,
        2,
        0,
        2,
        2,
        0,
        2,
        2,
        2,
        0,
        0,
        2,
        1,
        0,
        2,
        2,
        0,
        1,
        1,
        0,
        2,
        0,
        0,
        2,
        0,
        0,
        0,
        1,
        3,
        0,
        2,
        2,
        2,
        2,
        0,
        0,
        1,
        2,
        2,
        0,
        2,
        0,
        2,
        0,
        2,
        0,
        1,
        0,
        2,
        2,
        0,
        0,
        3,
        0,
        2,
        0,
        2,
        2,
        1,
        1,
        0,
        2,
        2,
        2,
        0,
        2,
        2,
        1,
        1,
        0,
        2,
        2,
        0,
        2,
        0,
        2,
        2,
        2,
        0,
        2,
        2,
        2,
        0,
        0,
        2,
        1,
        0,
        1,
        0,
        2,
        2,
        2,
        3,
        2,
        1,
        1,
        3,
        1,
        1,
        1,
        1,
        1,
        3,
        2,
        2,
        3,
        2,
        1,
        1,
        2,
        2,
        1,
        1,
        2,
        3,
        1,
        2,
        2,
        3,
        2,
        1,
        1,
        3,
        3,
        0,
        1,
        2,
        1,
        3,
        2,
        2,
        1,
        2,
        2,
        0,
        1,
        2,
        0,
        1,
        1,
        3,
        3,
        1,
        0,
        1,
        2,
        0,
        2,
        2,
        1,
        1,
        0,
        1,
        0,
        1,
        2,
        2,
        2,
        1,
        0,
        1,
        0,
        2,
        3,
        1,
        1,
        2,
        2,
        3,
        2,
        2,
        2,
        2,
        3,
        1,
        0,
        1,
        2,
        3,
        1,
        2,
        2,
        2,
        1,
        2,
        2,
        0,
        1,
        3,
        2,
        1,
        1,
        1,
        0,
        1,
        0,
        2,
        2,
        1,
        1,
        2,
        3,
        2,
        2,
        3,
        1,
        1,
        1,
        1,
        1,
        2,
        1,
        3,
        2,
        1,
        2,
        1,
        3,
        3,
        2,
        1,
        3,
        2,
        0,
        2,
        1,
        2,
        1,
        2,
        2,
        2,
        3,
        1,
        3,
        1,
        2,
        1,
        2,
        2,
        2,
        2,
        2,
        2,
        2,
        2,
        0,
        1,
        2,
        2,
        0,
        3,
        1,
        2,
        3,
        1,
        0,
        0,
        1,
        2,
        3,
        3,
        0,
        0,
        2,
        1,
        1,
        0,
        2,
        0,
        3,
        2,
        2,
        3,
        2,
        2,
        2,
        2,
        1,
        2,
        0,
        2,
        3,
        2,
        1,
        1,
        1,
        2,
        0,
        2,
        3,
        2,
        0,
        2,
        3,
        1,
        1,
        1,
        2,
        1,
        3,
        3,
        0,
        2,
        3,
