{
    "with_labels": 0,
    "burn_in": 500,
    "thinning": 1,
    "runtime": 726.3405795097351,
    "healthy_ratio": 0.24933333333333332,
    "max_log_likelihood": 1743.0970682562152,
    "kendalls_tau": 0.13636363636363638,
    "subtype_acc": 0.2648407745391684,
    "n_subtypes": 3,
    "mean_stage_healthy": 0.10962566844919786,
    "ml_subtype": [
        0,
        2,
        2,
        0,
        0,
        0,
        0,
        0,
        0,
        2,
        0,
        2,
        0,
        2,
        2,
        2,
        2,
        2,
        0,
        2,
        0,
        0,
        1,
        2,
        0,
        2,
        2,
        0,
        2,
        2,
        2,
        0,
        0,
        0,
        2,
        2,
        0,
        0,
        0,
        0,
        2,
        0,
        2,
        2,
        0,
        0,
        2,
        1,
        0,
        0,
        0,
        2,
        2,
        2,
        0,
        0,
        0,
        2,
        0,
        0,
        2,
        2,
        0,
        2,
        2,
        0,
        0,
        2,
        0,
        0,
        0,
        0,
        2,
        2,
        0,
        2,
        0,
        0,
        0,
        2,
        0,
        0,
        0,
        0,
        0,
        0,
        0,
        0,
        2,
        2,
        0,
        0,
        0,
        1,
        2,
        2,
        2,
        0,
        2,
        0,
        2,
        0,
        0,
        2,
        2,
        2,
        0,
        0,
        2,
        0,
        2,
        2,
        2,
        0,
        0,
        0,
        0,
        2,
        2,
        2,
        0,
        2,
        2,
        0,
        0,
        0,
        2,
        2,
        0,
        0,
        2,
        0,
        2,
        2,
        2,
        0,
        0,
        2,
        0,
        0,
        0,
        2,
        2,
        0,
        2,
        0,
        0,
        2,
        0,
        0,
        0,
        2,
        0,
        2,
        0,
        0,
        2,
        0,
        0,
        2,
        0,
        2,
        0,
        0,
        0,
        2,
        0,
        0,
        0,
        2,
        0,
        2,
        2,
        0,
        0,
        2,
        0,
        0,
        2,
        0,
        2,
        0,
        2,
        0,
        0,
        0,
        2,
        0,
        0,
        2,
        2,
        0,
        2,
        0,
        1,
        2,
        0,
        0,
        2,
        0,
        0,
        2,
        2,
        0,
        2,
        0,
        1,
        2,
        0,
        0,
        0,
        2,
        2,
        2,
        2,
        2,
        2,
        0,
        0,
        0,
        0,
        0,
        2,
        2,
        2,
        0,
        0,
        0,
        0,
        0,
        2,
        2,
        2,
        2,
        0,
        0,
        0,
        2,
        2,
        0,
        2,
        0,
        2,
        0,
        0,
        2,
        0,
        0,
        0,
        2,
        2,
        1,
        2,
        0,
        2,
        0,
        0,
        0,
        0,
        0,
        0,
        0,
        1,
        2,
        0,
        0,
        0,
        2,
        2,
        0,
        0,
        2,
        2,
        2,
        2,
        2,
        2,
        2,
        2,
        2,
        2,
        2,
        2,
        0,
        0,
        2,
        2,
        2,
        2,
        0,
        0,
        2,
        0,
        0,
        0,
        0,
        2,
        0,
        2,
        2,
        0,
        0,
        2,
        0,
        0,
        0,
        2,
        0,
        2,
        0,
        2,
        0,
        2,
        1,
        0,
        2,
        0,
        2,
        2,
        2,
        0,
        0,
        2,
        0,
        2,
        0,
        0,
        0,
        2,
        0,
        0,
        2,
        0,
        0,
        2,
        0,
        0,
        0,
        0,
        0,
        2,
        2,
        2,
        0,
        2,
        0,
        0,
        0,
        0,
        2,
        0,
        2,
        0,
        2,
        0,
        0,
        2,
        0,
        2,
        2,
        2,
        0,
        0,
        0,
        0,
        2,
        0,
        2,
        2,
        2,
        0,
        0,
        0,
        2,
        2,
        0,
        0,
        0,
        2,
        0,
        2,
        2,
        2,
        2,
        2,
        0,
        0,
        0,
        0,
        2,
        0,
        2,
        0,
        0,
        2,
        2,
        0,
        0,
        2,
        2,
        0,
        2,
        2,
        0,
        0,
        2,
        2,
        2,
        0,
        2,
        2,
        0,
        2,
        2,
        2,
        0,
        0,
        2,
        0,
        0,
        0,
        0,
        2,
        1,
        0,
        2,
        0,
        0,
        2,
        0,
        0,
        2,
        0,
        0,
        2,
        2,
        0,
        0,
        0,
        0,
        0,
        1,
        1,
        1,
        1,
        0,
        1,
        2,
        1,
        1,
        1,
        2,
        1,
        0,
        2,
        0,
        1,
        1,
        1,
        2,
        1,
        1,
        2,
        0,
        1,
        2,
        0,
        1,
        1,
        1,
        2,
        1,
        0,
        2,
        0,
        1,
        1,
        0,
        0,
        1,
        0,
        1,
        2,
        1,
        1,
        1,
        1,
        0,
        0,
        1,
        0,
        1,
        2,
        1,
        2,
        1,
        1,
        2,
        0,
        0,
        0,
        0,
        0,
        1,
        2,
        1,
        0,
        0,
        1,
        2,
        1,
        2,
        2,
        0,
        1,
        2,
        2,
        1,
        0,
        2,
        1,
        2,
        0,
        1,
        0,
        0,
        1,
        0,
        2,
        2,
        2,
        2,
        0,
        0,
        2,
        0,
        2,
        0,
        2,
        0,
        2,
        2,
        0,
        2,
        1,
        0,
        0,
        2,
        1,
        1,
        2,
        0,
        2,
        1,
        2,
        0,
        1,
        2,
        0,
        2,
        2,
        0,
        0,
        2,
        2,
        0,
        2,
        0,
        2,
        1,
        1,
        0,
        0,
        1,
        2,
        1,
        1,
        1,
        0,
        1,
        0,
        1,
        1,
        1,
        1,
        2,
        2,
        1,
        0,
        0,
        0,
        1,
        1,
        2,
        2,
        0,
        1,
        0,
        1,
        2,
        1,
        1,
        2,
        2,
        1,
        1,
        1,
        1,
        0,
        0,
        0,
        1,
        2,
        0,
        1,
        0,
        1,
        2,
        1,
        1,
        2,
        0,
        1,
        1,
        0,
        1,
        0,
        0,
        0,
        2,
        1,
        1,
        0,
        0,
        1,
        2,
        1,
        1,
        1,
        0,
        0,
        0,
        2,
        1,
        1,
        0,
        1,
        1,
        1,
        0,
        2,
        1,
        1,
        1,
        1,
        2,
        1,
        2,
        1,
        1,
        0,
        1,
        0,
        1,
        1,
        0,
        1,
        1,
        1,
        2,
        0,
        1,
        0,
        0,
        2,
        1,
        1,
        0,
        1,
        2,
        1,
        2,
        1,
        2,
        0,
        1,
        0,
        0,
        2,
        2,
        0,
        2,
        1,
        2,
        1,
