{
    "with_labels": 0,
    "burn_in": 500,
    "thinning": 1,
    "runtime": 528.6501708030701,
    "healthy_ratio": 0.5,
    "max_log_likelihood": -2464.336615119809,
    "kendalls_tau": 0.32727272727272727,
    "subtype_acc": 0.06872940829888843,
    "n_subtypes": 5,
    "mean_stage_healthy": 0.18133333333333335,
    "ml_subtype": [
        4,
        1,
        0,
        1,
        1,
        1,
        0,
        0,
        0,
        0,
        0,
        0,
        0,
        0,
        0,
        0,
        0,
        0,
        0,
        0,
        0,
        0,
        0,
        1,
        0,
        0,
        0,
        0,
        0,
        0,
        0,
        0,
        0,
        4,
        1,
        0,
        0,
        0,
        2,
        0,
        0,
        4,
        4,
        1,
        1,
        0,
        0,
        0,
        4,
        0,
        0,
        4,
        1,
        0,
        2,
        0,
        0,
        1,
        1,
        0,
        0,
        0,
        0,
        4,
        0,
        4,
        4,
        0,
        0,
        0,
        0,
        1,
        0,
        1,
        0,
        0,
        1,
        0,
        0,
        2,
        0,
        0,
        0,
        4,
        0,
        0,
        0,
        4,
        2,
        2,
        0,
        0,
        0,
        0,
        0,
        0,
        3,
        0,
        0,
        0,
        3,
        0,
        0,
        0,
        0,
        4,
        1,
        1,
        0,
        0,
        0,
        0,
        1,
        0,
        0,
        2,
        4,
        0,
        3,
        0,
        0,
        4,
        0,
        4,
        0,
        0,
        1,
        1,
        0,
        0,
        0,
        0,
        0,
        0,
        3,
        0,
        0,
        0,
        0,
        0,
        1,
        1,
        1,
        1,
        0,
        0,
        0,
        0,
        0,
        4,
        0,
        0,
        0,
        1,
        4,
        0,
        0,
        0,
        0,
        0,
        1,
        1,
        1,
        1,
        1,
        0,
        0,
        0,
        4,
        3,
        1,
        2,
        3,
        1,
        0,
        1,
        0,
        1,
        0,
        0,
        0,
        0,
        1,
        0,
        0,
        0,
        0,
        0,
        0,
        0,
        0,
        1,
        0,
        4,
        0,
        1,
        1,
        1,
        2,
        0,
        0,
        1,
        3,
        0,
        3,
        0,
        0,
        0,
        1,
        0,
        1,
        1,
        0,
        0,
        1,
        3,
        0,
        1,
        0,
        0,
        2,
        0,
        0,
        4,
        0,
        1,
        0,
        0,
        3,
        0,
        1,
        3,
        4,
        2,
        0,
        1,
        1,
        3,
        0,
        0,
        1,
        0,
        0,
        0,
        4,
        1,
        0,
        1,
        0,
        0,
        0,
        0,
        0,
        0,
        0,
        0,
        2,
        0,
        2,
        0,
        0,
        1,
        0,
        0,
        0,
        0,
        0,
        4,
        4,
        4,
        0,
        0,
        0,
        4,
        4,
        0,
        4,
        0,
        0,
        0,
        4,
        1,
        4,
        4,
        0,
        0,
        0,
        0,
        0,
        3,
        0,
        0,
        0,
        0,
        4,
        0,
        0,
        0,
        0,
        3,
        0,
        4,
        4,
        0,
        0,
        1,
        0,
        4,
        0,
        0,
        0,
        4,
        0,
        1,
        0,
        3,
        0,
        0,
        0,
        0,
        0,
        0,
        0,
        4,
        4,
        0,
        0,
        0,
        0,
        0,
        1,
        0,
        0,
        0,
        0,
        0,
        0,
        0,
        0,
        0,
        0,
        0,
        4,
        4,
        1,
        0,
        4,
        0,
        0,
        0,
        4,
        4,
        0,
        0,
        3,
        4,
        1,
        0,
        0,
        0,
        0,
        0,
        0,
        4,
        0,
        0,
        0,
        4,
        1,
        0,
        0,
        4,
        4,
        0,
        0,
        0,
        0,
        0,
        0,
        4,
        0,
        1,
        4,
        0,
        0,
        3,
        0,
        4,
        0,
        0,
        1,
        4,
        0,
        4,
        4,
        1,
        0,
        0,
        0,
        4,
        4,
        0,
        0,
        4,
        0,
        4,
        0,
        0,
        4,
        4,
        0,
        0,
        0,
        0,
        0,
        0,
        0,
        4,
        0,
        0,
        4,
        0,
        0,
        1,
        1,
        0,
        1,
        0,
        0,
        0,
        1,
        0,
        0,
        0,
        4,
        0,
        0,
        4,
        0,
        4,
        0,
        0,
        0,
        0,
        0,
        0,
        0,
        0,
        0,
        0,
        4,
        4,
        4,
        0,
        4,
        0,
        0,
        0,
        0,
        0,
        0,
        0,
        0,
        0,
        0,
        0,
        3,
        0,
        0,
        0,
        0,
        2,
        0,
        3,
        0,
        0,
        4,
        3,
        0,
        1,
        2,
        4,
        4,
        0,
        0,
        0,
        0,
        0,
        4,
        3,
        0,
        4,
        0,
        0,
        0,
        1,
        0,
        1,
        4,
        0,
        0,
        1,
        0,
        0,
        0,
        3,
        0,
        0,
        1,
        2,
        0,
        3,
        0,
        3,
        0,
        0,
        1,
        0,
        4,
        4,
        4,
        3,
        4,
        0,
        4,
        4,
        2,
        0,
        0,
        0,
        4,
        3,
        0,
        4,
        1,
        0,
        4,
        0,
        0,
        3,
        1,
        0,
        3,
        3,
        0,
        0,
        1,
        0,
        4,
        4,
        3,
        1,
        0,
        0,
        0,
        0,
        0,
        2,
        1,
        4,
        0,
        4,
        0,
        4,
        0,
        0,
        4,
        0,
        0,
        0,
        4,
        1,
        1,
        0,
        4,
        0,
        0,
        4,
        3,
        1,
        0,
        0,
        0,
        4,
        0,
        4,
        4,
        4,
        0,
        1,
        4,
        4,
        0,
        0,
        0,
        0,
        4,
        1,
        4,
        0,
        0,
        0,
        4,
        4,
        0,
        1,
        0,
        0,
        4,
        0,
        0,
        0,
        0,
        0,
        4,
        0,
        0,
        0,
        4,
        0,
        0,
        0,
        4,
        0,
        0,
        0,
        4,
        0,
        4,
        0,
        4,
        0,
        4,
        0,
        1,
        1,
        0,
        0,
        2,
        0,
        4,
        4,
        4,
        0,
        4,
        0,
        0,
        4,
        0,
        4,
        0,
        0,
        1,
        1,
        0,
        4,
        4,
        1,
        0,
        0,
        0,
        0,
        0,
        0,
        0,
        0,
        0,
        0,
        4,
        4,
        0,
        4,
        0,
        1,
        0,
        0,
        0,
        3,
        0,
        0,
        0,
        0,
        0,
        4,
        1,
        4,
        0,
        1,
        4,
        0,
        4,
        0,
        0,
        2,
        1,
        0,
