{
    "with_labels": 0,
    "burn_in": 500,
    "thinning": 1,
    "runtime": 465.94440960884094,
    "healthy_ratio": 0.24850099933377748,
    "max_log_likelihood": -3224.9921343482974,
    "kendalls_tau": 0.3181818181818182,
    "subtype_acc": 0.27849863432021815,
    "n_subtypes": 4,
    "mean_stage_healthy": 0.23324396782841822,
    "ml_subtype": [
        0,
        0,
        0,
        0,
        3,
        2,
        0,
        0,
        2,
        0,
        0,
        0,
        0,
        2,
        0,
        0,
        0,
        1,
        0,
        0,
        2,
        0,
        0,
        0,
        0,
        0,
        0,
        0,
        0,
        0,
        0,
        2,
        0,
        2,
        0,
        0,
        0,
        2,
        2,
        3,
        0,
        2,
        1,
        0,
        1,
        0,
        0,
        2,
        0,
        0,
        0,
        0,
        0,
        0,
        0,
        2,
        0,
        2,
        2,
        0,
        0,
        1,
        0,
        0,
        2,
        0,
        0,
        3,
        0,
        1,
        0,
        0,
        0,
        0,
        0,
        2,
        0,
        2,
        0,
        0,
        0,
        0,
        3,
        0,
        0,
        2,
        2,
        0,
        2,
        1,
        0,
        2,
        3,
        0,
        2,
        2,
        1,
        3,
        2,
        0,
        2,
        2,
        0,
        2,
        1,
        2,
        0,
        0,
        0,
        2,
        2,
        0,
        2,
        2,
        1,
        0,
        3,
        2,
        0,
        0,
        2,
        2,
        2,
        2,
        0,
        0,
        0,
        2,
        2,
        2,
        2,
        3,
        0,
        0,
        0,
        0,
        2,
        3,
        0,
        0,
        0,
        0,
        2,
        3,
        0,
        0,
        2,
        0,
        2,
        0,
        2,
        0,
        0,
        2,
        0,
        2,
        0,
        0,
        0,
        1,
        0,
        2,
        2,
        3,
        2,
        0,
        0,
        3,
        2,
        2,
        0,
        2,
        0,
        0,
        0,
        2,
        0,
        3,
        2,
        0,
        0,
        0,
        0,
        2,
        3,
        2,
        0,
        1,
        2,
        0,
        1,
        0,
        0,
        2,
        2,
        3,
        1,
        0,
        2,
        0,
        0,
        2,
        0,
        0,
        0,
        2,
        2,
        0,
        0,
        0,
        0,
        2,
        3,
        2,
        2,
        2,
        0,
        0,
        0,
        0,
        0,
        0,
        0,
        2,
        3,
        0,
        0,
        0,
        0,
        0,
        0,
        0,
        0,
        2,
        1,
        0,
        2,
        2,
        0,
        0,
        2,
        0,
        0,
        2,
        2,
        1,
        0,
        2,
        0,
        0,
        2,
        0,
        0,
        0,
        1,
        0,
        2,
        1,
        0,
        0,
        0,
        0,
        0,
        0,
        2,
        2,
        0,
        0,
        0,
        2,
        0,
        0,
        0,
        1,
        0,
        0,
        1,
        0,
        2,
        2,
        2,
        0,
        0,
        3,
        0,
        0,
        2,
        0,
        0,
        0,
        0,
        0,
        2,
        0,
        2,
        2,
        0,
        2,
        0,
        2,
        2,
        0,
        0,
        0,
        1,
        0,
        0,
        0,
        2,
        0,
        2,
        2,
        0,
        0,
        0,
        0,
        0,
        0,
        0,
        1,
        0,
        2,
        2,
        0,
        0,
        0,
        0,
        0,
        0,
        0,
        0,
        0,
        2,
        3,
        3,
        0,
        0,
        2,
        0,
        0,
        0,
        2,
        0,
        2,
        3,
        0,
        2,
        2,
        0,
        2,
        0,
        0,
        0,
        2,
        2,
        0,
        2,
        1,
        2,
        2,
        0,
        0,
        0,
        3,
        1,
        3,
        0,
        0,
        1,
        2,
        0,
        3,
        3,
        0,
        0,
        2,
        0,
        3,
        1,
        0,
        3,
        3,
        3,
        3,
        2,
        2,
        2,
        2,
        3,
        2,
        3,
        3,
        2,
        3,
        3,
        3,
        2,
        3,
        3,
        1,
        3,
        2,
        3,
        2,
        2,
        2,
        2,
        3,
        3,
        3,
        1,
        2,
        2,
        0,
        3,
        3,
        3,
        3,
        2,
        3,
        3,
        3,
        2,
        3,
        3,
        3,
        2,
        3,
        3,
        0,
        3,
        2,
        3,
        3,
        3,
        1,
        0,
        3,
        3,
        3,
        3,
        1,
        3,
        2,
        2,
        3,
        1,
        2,
        3,
        3,
        3,
        3,
        2,
        3,
        3,
        3,
        2,
        2,
        3,
        0,
        3,
        3,
        2,
        2,
        2,
        3,
        3,
        3,
        3,
        2,
        2,
        2,
        2,
        2,
        3,
        2,
        2,
        2,
        1,
        3,
        2,
        3,
        3,
        3,
        3,
        3,
        3,
        3,
        0,
        3,
        3,
        3,
        2,
        0,
        0,
        2,
        0,
        3,
        2,
        3,
        2,
        1,
        1,
        2,
        3,
        2,
        3,
        3,
        2,
        3,
        3,
        3,
        2,
        1,
        2,
        3,
        3,
        3,
        1,
        1,
        2,
        3,
        3,
        2,
        1,
        3,
        3,
        3,
        2,
        1,
        3,
        3,
        2,
        3,
        2,
        3,
        3,
        1,
        3,
        1,
        3,
        2,
        0,
        3,
        2,
        2,
        3,
        2,
        3,
        0,
        3,
        3,
        3,
        2,
        3,
        1,
        2,
        2,
        3,
        2,
        3,
        3,
        2,
        1,
        3,
        2,
        2,
        3,
        1,
        0,
        3,
        2,
        2,
        2,
        3,
        0,
        3,
        3,
        1,
        3,
        0,
        2,
        1,
        3,
        3,
        2,
        3,
        2,
        3,
        2,
        2,
        1,
        2,
        0,
        2,
        3,
        0,
        2,
        3,
        3,
        3,
        0,
        3,
        3,
        3,
        3,
        2,
        3,
        1,
        0,
        3,
        2,
        2,
        3,
        3,
        2,
        0,
        2,
        3,
        3,
        3,
        2,
        3,
        3,
        3,
        1,
        2,
        3,
        3,
        3,
        0,
        1,
        3,
        0,
        3,
        2,
        2,
        0,
        3,
        3,
        2,
        3,
        3,
        2,
        2,
        1,
        3,
        3,
        2,
        3,
        1,
        3,
        3,
        3,
        2,
        3,
        3,
        2,
        0,
        3,
        2,
        2,
        2,
        3,
        3,
        1,
        2,
        3,
        2,
        3,
        0,
        0,
        0,
        2,
        3,
        3,
        3,
        1,
        1,
        3,
        3,
        3,
        2,
        2,
        3,
        3,
        3,
        2,
        3,
        3,
        3,
        3,
        2,
        0,
        3,
