{
    "with_labels": 0,
    "burn_in": 500,
    "thinning": 1,
    "runtime": 487.1204264163971,
    "healthy_ratio": 0.24866666666666667,
    "max_log_likelihood": 739.3591174228883,
    "kendalls_tau": 0.17424242424242423,
    "subtype_acc": 0.6779428602794774,
    "n_subtypes": 4,
    "mean_stage_healthy": 1.128686327077748,
    "ml_subtype": [
        0,
        1,
        0,
        1,
        1,
        0,
        0,
        0,
        0,
        0,
        0,
        0,
        0,
        1,
        0,
        0,
        1,
        0,
        0,
        0,
        1,
        0,
        0,
        0,
        2,
        1,
        0,
        1,
        2,
        0,
        0,
        1,
        2,
        0,
        1,
        0,
        0,
        1,
        0,
        1,
        0,
        1,
        0,
        0,
        0,
        1,
        0,
        0,
        1,
        1,
        1,
        0,
        1,
        2,
        1,
        0,
        0,
        0,
        1,
        0,
        0,
        1,
        0,
        0,
        0,
        0,
        1,
        2,
        1,
        2,
        0,
        0,
        1,
        0,
        0,
        0,
        1,
        1,
        0,
        0,
        0,
        1,
        0,
        1,
        0,
        0,
        1,
        0,
        0,
        0,
        1,
        0,
        0,
        0,
        0,
        0,
        0,
        0,
        1,
        0,
        0,
        0,
        1,
        0,
        0,
        0,
        1,
        0,
        1,
        2,
        0,
        2,
        1,
        0,
        0,
        1,
        0,
        0,
        1,
        0,
        0,
        0,
        1,
        0,
        2,
        1,
        0,
        1,
        1,
        0,
        1,
        0,
        1,
        1,
        0,
        0,
        0,
        1,
        0,
        0,
        0,
        1,
        0,
        0,
        0,
        0,
        0,
        0,
        0,
        0,
        0,
        0,
        0,
        1,
        0,
        0,
        2,
        0,
        0,
        0,
        0,
        0,
        2,
        0,
        0,
        1,
        1,
        0,
        0,
        0,
        0,
        0,
        0,
        0,
        1,
        1,
        1,
        1,
        0,
        1,
        0,
        1,
        0,
        0,
        1,
        0,
        0,
        0,
        0,
        0,
        0,
        1,
        0,
        1,
        1,
        1,
        1,
        0,
        2,
        0,
        0,
        0,
        0,
        0,
        0,
        0,
        1,
        0,
        0,
        1,
        1,
        0,
        0,
        3,
        1,
        1,
        0,
        0,
        0,
        1,
        1,
        1,
        0,
        0,
        2,
        0,
        1,
        0,
        0,
        0,
        1,
        0,
        0,
        1,
        1,
        1,
        1,
        0,
        0,
        1,
        0,
        0,
        1,
        1,
        1,
        0,
        0,
        0,
        2,
        1,
        1,
        1,
        0,
        0,
        0,
        0,
        0,
        0,
        1,
        0,
        1,
        0,
        0,
        0,
        2,
        0,
        1,
        1,
        0,
        0,
        3,
        0,
        0,
        0,
        1,
        0,
        1,
        0,
        0,
        0,
        0,
        0,
        1,
        0,
        1,
        1,
        0,
        1,
        0,
        1,
        0,
        0,
        1,
        1,
        0,
        0,
        1,
        0,
        2,
        0,
        0,
        1,
        1,
        0,
        0,
        0,
        2,
        0,
        0,
        0,
        0,
        3,
        0,
        2,
        0,
        0,
        0,
        0,
        1,
        1,
        0,
        0,
        1,
        0,
        0,
        1,
        1,
        0,
        0,
        1,
        0,
        0,
        0,
        1,
        0,
        1,
        0,
        0,
        1,
        0,
        0,
        2,
        1,
        2,
        2,
        2,
        2,
        0,
        1,
        1,
        2,
        2,
        1,
        2,
        2,
        2,
        1,
        2,
        1,
        1,
        1,
        2,
        2,
        2,
        2,
        2,
        2,
        2,
        2,
        2,
        2,
        2,
        2,
        2,
        2,
        2,
        2,
        1,
        1,
        1,
        1,
        2,
        2,
        2,
        1,
        2,
        1,
        2,
        2,
        1,
        2,
        2,
        2,
        1,
        2,
        1,
        1,
        2,
        2,
        2,
        1,
        1,
        2,
        2,
        1,
        1,
        2,
        1,
        2,
        1,
        1,
        2,
        2,
        2,
        1,
        2,
        2,
        1,
        2,
        2,
        2,
        2,
        1,
        2,
        1,
        2,
        2,
        2,
        2,
        1,
        1,
        2,
        2,
        1,
        2,
        2,
        1,
        1,
        2,
        2,
        2,
        2,
        2,
        2,
        1,
        2,
        2,
        1,
        1,
        2,
        2,
        2,
        1,
        2,
        2,
        0,
        2,
        2,
        2,
        2,
        2,
        1,
        1,
        2,
        1,
        1,
        2,
        2,
        2,
        1,
        2,
        1,
        2,
        2,
        2,
        2,
        2,
        2,
        2,
        2,
        2,
        2,
        2,
        2,
        2,
        2,
        1,
        2,
        2,
        2,
        1,
        2,
        2,
        2,
        2,
        2,
        0,
        2,
        2,
        2,
        1,
        1,
        2,
        2,
        2,
        1,
        1,
        2,
        1,
        2,
        2,
        3,
        2,
        2,
        0,
        2,
        2,
        1,
        1,
        2,
        1,
        2,
        0,
        2,
        1,
        2,
        2,
        2,
        2,
        1,
        1,
        1,
        2,
        2,
        1,
        2,
        1,
        2,
        2,
        2,
        2,
        1,
        2,
        2,
        1,
        1,
        1,
        2,
        2,
        2,
        2,
        2,
        2,
        1,
        0,
        2,
        1,
        1,
        1,
        2,
        2,
        2,
        2,
        2,
        2,
        2,
        2,
        2,
        2,
        2,
        2,
        2,
        2,
        2,
        2,
        2,
        2,
        1,
        2,
        2,
        2,
        0,
        0,
        2,
        2,
        2,
        2,
        2,
        2,
        2,
        2,
        2,
        2,
        2,
        1,
        2,
        1,
        1,
        1,
        1,
        2,
        2,
        2,
        0,
        2,
        2,
        2,
        2,
        1,
        2,
        2,
        1,
        1,
        2,
        2,
        2,
        2,
        2,
        2,
        1,
        2,
        1,
        2,
        2,
        1,
        2,
        2,
        1,
        2,
        2,
        2,
        1,
        2,
        2,
        2,
        2,
        2,
        2,
        2,
        1,
        2,
        2,
        1,
        1,
        0,
        2,
        2,
        1,
        2,
        1,
        1,
        1,
        1,
        1,
        2,
        2,
        2,
        2,
        1,
        2,
        2,
        2,
        2,
        2,
        2,
        0,
        2,
        1,
        2,
        2,
        2,
        1,
        2,
        2,
        2,
        1,
        2,
        2,
        2,
        2,
        1,
        1,
        1,
        2,
        2,
        2,
        2,
        2,
        2,
        2,
        2,
        2,
        1,
        0,
        2,
