{
    "with_labels": 0,
    "burn_in": 500,
    "thinning": 1,
    "runtime": 494.5699899196625,
    "healthy_ratio": 0.24866666666666667,
    "max_log_likelihood": -2859.75057507238,
    "kendalls_tau": 0.20833333333333331,
    "subtype_acc": 0.12068098898774995,
    "n_subtypes": 4,
    "mean_stage_healthy": 0.19302949061662197,
    "ml_subtype": [
        2,
        2,
        2,
        2,
        1,
        2,
        1,
        2,
        0,
        1,
        0,
        2,
        2,
        0,
        3,
        2,
        2,
        2,
        2,
        2,
        2,
        1,
        2,
        1,
        3,
        2,
        2,
        2,
        2,
        2,
        1,
        2,
        2,
        2,
        0,
        0,
        0,
        2,
        2,
        1,
        1,
        2,
        2,
        0,
        1,
        1,
        0,
        1,
        2,
        2,
        0,
        1,
        2,
        2,
        2,
        1,
        2,
        0,
        0,
        1,
        2,
        2,
        2,
        1,
        3,
        2,
        2,
        2,
        2,
        2,
        2,
        2,
        2,
        3,
        0,
        2,
        2,
        2,
        0,
        1,
        0,
        1,
        2,
        2,
        2,
        0,
        3,
        2,
        2,
        2,
        2,
        3,
        2,
        2,
        0,
        2,
        2,
        2,
        1,
        2,
        2,
        2,
        2,
        2,
        1,
        2,
        0,
        2,
        2,
        2,
        2,
        2,
        2,
        0,
        2,
        2,
        1,
        2,
        2,
        2,
        2,
        2,
        1,
        0,
        1,
        2,
        1,
        2,
        2,
        0,
        2,
        2,
        0,
        2,
        2,
        2,
        1,
        0,
        0,
        0,
        2,
        0,
        0,
        0,
        2,
        0,
        2,
        2,
        2,
        1,
        2,
        2,
        2,
        2,
        1,
        2,
        2,
        2,
        1,
        2,
        2,
        2,
        1,
        0,
        2,
        3,
        3,
        2,
        0,
        2,
        1,
        3,
        0,
        1,
        2,
        2,
        3,
        3,
        2,
        2,
        0,
        2,
        2,
        1,
        2,
        2,
        2,
        2,
        0,
        2,
        0,
        2,
        2,
        1,
        2,
        2,
        0,
        2,
        3,
        2,
        2,
        0,
        2,
        2,
        2,
        1,
        0,
        1,
        2,
        1,
        0,
        0,
        2,
        2,
        0,
        2,
        2,
        1,
        2,
        2,
        3,
        2,
        2,
        2,
        2,
        1,
        0,
        2,
        0,
        2,
        0,
        1,
        1,
        0,
        2,
        2,
        2,
        1,
        2,
        0,
        2,
        2,
        2,
        2,
        2,
        0,
        2,
        1,
        2,
        2,
        0,
        2,
        2,
        2,
        2,
        2,
        0,
        0,
        1,
        2,
        2,
        2,
        2,
        2,
        0,
        1,
        1,
        2,
        2,
        2,
        2,
        0,
        2,
        1,
        2,
        1,
        2,
        2,
        2,
        2,
        3,
        1,
        2,
        2,
        1,
        3,
        0,
        0,
        0,
        2,
        2,
        1,
        2,
        2,
        1,
        0,
        2,
        2,
        2,
        0,
        2,
        2,
        2,
        0,
        0,
        0,
        2,
        2,
        1,
        0,
        2,
        2,
        1,
        3,
        0,
        2,
        2,
        2,
        2,
        2,
        2,
        0,
        1,
        2,
        3,
        2,
        2,
        2,
        1,
        1,
        2,
        2,
        2,
        1,
        2,
        2,
        0,
        2,
        1,
        1,
        2,
        3,
        2,
        2,
        2,
        2,
        1,
        1,
        2,
        3,
        2,
        2,
        2,
        3,
        2,
        2,
        2,
        1,
        2,
        2,
        2,
        1,
        1,
        1,
        2,
        3,
        2,
        2,
        2,
        0,
        2,
        3,
        2,
        0,
        3,
        3,
        2,
        2,
        2,
        2,
        3,
        3,
        3,
        0,
        2,
        2,
        0,
        2,
        2,
        2,
        2,
        0,
        0,
        2,
        3,
        0,
        3,
        2,
        1,
        0,
        2,
        2,
        2,
        2,
        3,
        1,
        2,
        3,
        3,
        2,
        0,
        2,
        2,
        2,
        0,
        0,
        2,
        3,
        0,
        1,
        3,
        3,
        2,
        3,
        3,
        3,
        2,
        2,
        3,
        2,
        3,
        2,
        2,
        3,
        2,
        3,
        2,
        0,
        2,
        3,
        2,
        0,
        3,
        2,
        2,
        2,
        3,
        3,
        1,
        2,
        2,
        2,
        2,
        3,
        2,
        2,
        2,
        0,
        2,
        2,
        2,
        2,
        2,
        2,
        3,
        3,
        2,
        3,
        0,
        2,
        2,
        3,
        0,
        3,
        1,
        2,
        2,
        2,
        2,
        3,
        0,
        2,
        2,
        1,
        2,
        2,
        2,
        3,
        3,
        2,
        2,
        3,
        3,
        2,
        2,
        2,
        3,
        2,
        2,
        0,
        2,
        2,
        2,
        0,
        2,
        3,
        2,
        1,
        3,
        2,
        3,
        0,
        3,
        3,
        2,
        2,
        2,
        2,
        3,
        2,
        2,
        3,
        0,
        3,
        1,
        2,
        2,
        2,
        3,
        2,
        3,
        2,
        3,
        2,
        0,
        1,
        2,
        3,
        2,
        2,
        0,
        2,
        2,
        1,
        3,
        3,
        0,
        3,
        3,
        2,
        3,
        2,
        3,
        2,
        2,
        2,
        2,
        0,
        2,
        2,
        0,
        2,
        2,
        0,
        0,
        2,
        2,
        0,
        2,
        2,
        2,
        2,
        2,
        2,
        2,
        2,
        0,
        2,
        2,
        2,
        2,
        2,
        1,
        2,
        2,
        0,
        2,
        0,
        3,
        3,
        2,
        3,
        2,
        2,
        2,
        3,
        2,
        3,
        3,
        3,
        3,
        2,
        3,
        2,
        2,
        2,
        3,
        3,
        2,
        3,
        0,
        3,
        0,
        2,
        2,
        2,
        2,
        3,
        2,
        3,
        3,
        3,
        2,
        2,
        2,
        2,
        3,
        3,
        2,
        2,
        3,
        3,
        2,
        2,
        0,
        3,
        2,
        2,
        3,
        2,
        3,
        2,
        2,
        2,
        2,
        2,
        3,
        2,
        2,
        0,
        2,
        2,
        2,
        2,
        3,
        3,
        2,
        2,
        3,
        2,
        2,
        0,
        3,
        0,
        2,
        1,
        2,
        2,
        2,
        2,
        2,
        2,
        2,
        3,
        3,
        3,
        2,
        2,
        2,
        0,
        0,
        0,
        2,
        3,
        0,
        2,
        2,
        2,
        0,
        2,
        2,
        2,
        2,
        3,
        2,
