{
    "with_labels": 0,
    "burn_in": 500,
    "thinning": 1,
    "runtime": 752.3998522758484,
    "healthy_ratio": 0.5,
    "max_log_likelihood": -2460.55449342587,
    "kendalls_tau": 0.3295454545454546,
    "subtype_acc": 0.10324187842846663,
    "n_subtypes": 4,
    "mean_stage_healthy": 1.044,
    "ml_subtype": [
        0,
        0,
        0,
        2,
        1,
        2,
        2,
        2,
        2,
        2,
        0,
        1,
        1,
        2,
        0,
        2,
        1,
        0,
        2,
        0,
        0,
        2,
        2,
        2,
        0,
        2,
        1,
        1,
        2,
        2,
        2,
        0,
        1,
        0,
        2,
        1,
        2,
        2,
        1,
        0,
        3,
        2,
        3,
        1,
        0,
        0,
        2,
        2,
        0,
        0,
        2,
        2,
        2,
        2,
        0,
        0,
        2,
        3,
        2,
        0,
        0,
        1,
        2,
        1,
        0,
        2,
        0,
        3,
        0,
        2,
        2,
        2,
        2,
        2,
        3,
        2,
        0,
        0,
        0,
        0,
        0,
        0,
        1,
        0,
        0,
        0,
        2,
        0,
        2,
        0,
        0,
        2,
        2,
        2,
        1,
        0,
        0,
        1,
        0,
        0,
        3,
        0,
        0,
        0,
        2,
        2,
        3,
        0,
        0,
        2,
        2,
        1,
        0,
        0,
        0,
        0,
        1,
        0,
        2,
        2,
        2,
        0,
        2,
        0,
        2,
        2,
        0,
        2,
        0,
        1,
        2,
        0,
        0,
        0,
        0,
        0,
        2,
        0,
        2,
        1,
        0,
        3,
        2,
        0,
        0,
        0,
        0,
        0,
        0,
        0,
        2,
        0,
        3,
        0,
        0,
        2,
        1,
        0,
        1,
        1,
        0,
        0,
        2,
        2,
        1,
        0,
        0,
        0,
        0,
        0,
        1,
        2,
        2,
        1,
        2,
        0,
        0,
        2,
        0,
        3,
        1,
        2,
        1,
        0,
        3,
        0,
        2,
        2,
        0,
        2,
        1,
        3,
        2,
        2,
        0,
        2,
        0,
        0,
        0,
        0,
        0,
        2,
        0,
        0,
        2,
        3,
        0,
        0,
        1,
        1,
        1,
        0,
        2,
        1,
        1,
        2,
        0,
        0,
        2,
        1,
        0,
        1,
        2,
        1,
        1,
        0,
        0,
        0,
        2,
        1,
        1,
        0,
        0,
        2,
        0,
        0,
        1,
        0,
        2,
        0,
        1,
        1,
        0,
        0,
        0,
        1,
        2,
        2,
        0,
        2,
        3,
        2,
        2,
        0,
        0,
        0,
        2,
        0,
        0,
        2,
        2,
        2,
        0,
        0,
        2,
        0,
        1,
        0,
        2,
        1,
        2,
        3,
        0,
        2,
        2,
        1,
        2,
        0,
        0,
        0,
        0,
        2,
        1,
        2,
        2,
        2,
        0,
        0,
        1,
        0,
        0,
        2,
        0,
        2,
        1,
        0,
        2,
        2,
        1,
        0,
        2,
        2,
        2,
        1,
        0,
        3,
        0,
        2,
        0,
        2,
        2,
        3,
        2,
        1,
        0,
        0,
        1,
        0,
        1,
        0,
        0,
        1,
        2,
        0,
        2,
        2,
        2,
        1,
        0,
        0,
        0,
        0,
        2,
        0,
        0,
        0,
        2,
        0,
        1,
        0,
        0,
        0,
        2,
        1,
        0,
        1,
        0,
        1,
        2,
        0,
        0,
        2,
        2,
        1,
        1,
        2,
        2,
        0,
        0,
        2,
        0,
        2,
        0,
        0,
        0,
        0,
        1,
        1,
        0,
        2,
        0,
        2,
        2,
        1,
        3,
        0,
        2,
        0,
        0,
        0,
        2,
        2,
        2,
        0,
        2,
        0,
        2,
        0,
        2,
        2,
        1,
        0,
        1,
        0,
        2,
        2,
        1,
        2,
        2,
        1,
        0,
        2,
        0,
        2,
        2,
        0,
        3,
        3,
        2,
        1,
        1,
        2,
        3,
        0,
        1,
        0,
        2,
        0,
        2,
        0,
        0,
        2,
        1,
        0,
        2,
        2,
        2,
        0,
        0,
        0,
        0,
        1,
        0,
        0,
        0,
        0,
        2,
        2,
        1,
        1,
        2,
        1,
        2,
        2,
        0,
        0,
        2,
        2,
        1,
        2,
        0,
        1,
        1,
        3,
        3,
        3,
        2,
        1,
        0,
        2,
        0,
        2,
        2,
        1,
        1,
        0,
        1,
        0,
        1,
        1,
        2,
        0,
        0,
        1,
        1,
        0,
        0,
        0,
        2,
        2,
        0,
        0,
        2,
        0,
        2,
        2,
        2,
        1,
        1,
        1,
        2,
        2,
        2,
        2,
        2,
        2,
        0,
        1,
        0,
        2,
        0,
        0,
        2,
        1,
        3,
        2,
        2,
        0,
        2,
        0,
        2,
        1,
        1,
        2,
        0,
        2,
        1,
        0,
        0,
        2,
        0,
        1,
        1,
        2,
        2,
        2,
        2,
        0,
        2,
        2,
        0,
        0,
        0,
        1,
        0,
        2,
        2,
        2,
        2,
        3,
        1,
        2,
        1,
        0,
        0,
        1,
        0,
        1,
        1,
        0,
        0,
        0,
        0,
        1,
        2,
        2,
        0,
        0,
        0,
        2,
        2,
        2,
        2,
        2,
        0,
        3,
        0,
        3,
        2,
        0,
        0,
        2,
        1,
        1,
        0,
        3,
        0,
        0,
        2,
        2,
        2,
        2,
        0,
        0,
        3,
        0,
        1,
        3,
        0,
        0,
        0,
        2,
        1,
        0,
        1,
        1,
        0,
        2,
        3,
        2,
        0,
        2,
        0,
        0,
        1,
        1,
        2,
        0,
        0,
        0,
        1,
        2,
        1,
        0,
        1,
        2,
        0,
        1,
        0,
        2,
        2,
        0,
        0,
        0,
        0,
        2,
        2,
        0,
        1,
        2,
        1,
        0,
        0,
        0,
        2,
        0,
        0,
        0,
        2,
        0,
        1,
        2,
        1,
        1,
        1,
        1,
        0,
        1,
        0,
        3,
        2,
        2,
        2,
        0,
        0,
        1,
        3,
        1,
        0,
        2,
        0,
        2,
        1,
        0,
        2,
        0,
        2,
        0,
        2,
        2,
        0,
        2,
        0,
        2,
        1,
        0,
        1,
        0,
        0,
        2,
        2,
        1,
        0,
        0,
        1,
        0,
        0,
        0,
        1,
        2,
        1,
        0,
        1,
        2,
        0,
        1,
        0,
        1,
