{
    "with_labels": 0,
    "burn_in": 500,
    "thinning": 1,
    "runtime": 504.0453119277954,
    "healthy_ratio": 0.5,
    "max_log_likelihood": 2696.611808294251,
    "kendalls_tau": 0.1484848484848485,
    "subtype_acc": 0.20140588236709542,
    "n_subtypes": 5,
    "mean_stage_healthy": 0.08533333333333333,
    "ml_subtype": [
        0,
        3,
        3,
        0,
        0,
        0,
        0,
        0,
        0,
        0,
        0,
        0,
        0,
        0,
        3,
        3,
        0,
        3,
        0,
        0,
        3,
        0,
        0,
        0,
        0,
        0,
        3,
        0,
        0,
        0,
        0,
        1,
        0,
        0,
        0,
        3,
        0,
        0,
        0,
        0,
        3,
        0,
        0,
        0,
        2,
        4,
        1,
        0,
        0,
        0,
        0,
        0,
        0,
        0,
        0,
        0,
        0,
        3,
        4,
        1,
        3,
        0,
        3,
        3,
        0,
        0,
        0,
        3,
        3,
        0,
        0,
        0,
        0,
        0,
        0,
        0,
        0,
        0,
        0,
        0,
        3,
        0,
        3,
        0,
        0,
        0,
        3,
        0,
        0,
        0,
        0,
        3,
        3,
        0,
        0,
        0,
        0,
        0,
        0,
        0,
        0,
        0,
        3,
        3,
        0,
        4,
        0,
        0,
        0,
        3,
        0,
        3,
        0,
        0,
        0,
        3,
        0,
        4,
        0,
        0,
        0,
        0,
        0,
        0,
        3,
        3,
        0,
        0,
        0,
        0,
        0,
        3,
        3,
        2,
        0,
        0,
        3,
        0,
        3,
        0,
        0,
        0,
        0,
        3,
        3,
        0,
        0,
        3,
        0,
        0,
        0,
        0,
        0,
        0,
        0,
        3,
        0,
        0,
        0,
        0,
        0,
        0,
        0,
        0,
        0,
        0,
        0,
        3,
        3,
        0,
        0,
        3,
        3,
        0,
        0,
        0,
        1,
        2,
        3,
        3,
        3,
        3,
        0,
        0,
        0,
        0,
        0,
        0,
        0,
        3,
        3,
        0,
        4,
        0,
        0,
        0,
        0,
        0,
        0,
        3,
        0,
        0,
        4,
        3,
        0,
        0,
        0,
        0,
        0,
        3,
        0,
        0,
        0,
        3,
        0,
        0,
        3,
        0,
        0,
        0,
        2,
        0,
        0,
        3,
        0,
        3,
        0,
        3,
        0,
        0,
        0,
        0,
        3,
        0,
        0,
        0,
        0,
        0,
        1,
        0,
        0,
        0,
        0,
        4,
        1,
        0,
        0,
        1,
        0,
        1,
        0,
        4,
        1,
        0,
        0,
        1,
        0,
        0,
        1,
        1,
        2,
        2,
        2,
        0,
        2,
        1,
        2,
        0,
        0,
        0,
        4,
        3,
        0,
        1,
        4,
        2,
        0,
        4,
        1,
        0,
        0,
        1,
        0,
        2,
        1,
        0,
        0,
        0,
        0,
        2,
        1,
        1,
        0,
        1,
        0,
        1,
        0,
        3,
        0,
        0,
        2,
        0,
        0,
        0,
        0,
        0,
        4,
        0,
        0,
        1,
        0,
        3,
        0,
        0,
        0,
        0,
        2,
        1,
        0,
        1,
        0,
        0,
        0,
        0,
        0,
        0,
        0,
        4,
        0,
        0,
        2,
        1,
        0,
        0,
        0,
        0,
        0,
        0,
        0,
        0,
        0,
        0,
        0,
        0,
        0,
        0,
        0,
        0,
        1,
        0,
        2,
        0,
        0,
        0,
        0,
        0,
        0,
        0,
        4,
        4,
        0,
        0,
        0,
        0,
        0,
        0,
        1,
        1,
        0,
        0,
        1,
        1,
        1,
        0,
        0,
        4,
        0,
        0,
        4,
        2,
        0,
        0,
        2,
        0,
        0,
        0,
        4,
        0,
        0,
        4,
        0,
        4,
        0,
        0,
        1,
        0,
        0,
        0,
        0,
        0,
        0,
        0,
        0,
        1,
        0,
        0,
        0,
        0,
        0,
        0,
        1,
        0,
        4,
        0,
        4,
        0,
        2,
        0,
        0,
        0,
        0,
        1,
        0,
        4,
        0,
        0,
        0,
        1,
        0,
        0,
        0,
        0,
        0,
        0,
        1,
        0,
        0,
        0,
        0,
        0,
        0,
        4,
        0,
        2,
        4,
        0,
        0,
        0,
        0,
        0,
        0,
        1,
        0,
        0,
        1,
        4,
        0,
        0,
        0,
        2,
        0,
        0,
        1,
        0,
        0,
        0,
        1,
        0,
        0,
        0,
        0,
        0,
        0,
        0,
        0,
        0,
        0,
        0,
        0,
        1,
        1,
        4,
        3,
        0,
        0,
        1,
        4,
        2,
        0,
        0,
        0,
        1,
        1,
        1,
        0,
        0,
        1,
        0,
        1,
        0,
        0,
        0,
        2,
        0,
        2,
        0,
        0,
        0,
        2,
        0,
        0,
        0,
        2,
        0,
        0,
        0,
        0,
        0,
        0,
        4,
        0,
        0,
        1,
        0,
        1,
        0,
        2,
        0,
        1,
        0,
        0,
        0,
        0,
        0,
        0,
        1,
        1,
        0,
        0,
        0,
        0,
        1,
        1,
        4,
        1,
        4,
        0,
        2,
        0,
        0,
        4,
        0,
        0,
        0,
        2,
        4,
        0,
        0,
        4,
        4,
        0,
        0,
        4,
        0,
        4,
        0,
        0,
        0,
        0,
        4,
        0,
        0,
        0,
        0,
        4,
        0,
        0,
        0,
        4,
        0,
        4,
        1,
        1,
        0,
        0,
        4,
        4,
        4,
        0,
        4,
        0,
        0,
        4,
        0,
        0,
        4,
        4,
        4,
        0,
        0,
        0,
        4,
        4,
        0,
        0,
        4,
        0,
        0,
        0,
        4,
        0,
        0,
        4,
        4,
        0,
        0,
        4,
        0,
        0,
        4,
        4,
        0,
        0,
        0,
        0,
        0,
        0,
        0,
        0,
        0,
        0,
        2,
        4,
        4,
        0,
        0,
        0,
        3,
        3,
        0,
        3,
        0,
        1,
        0,
        0,
        0,
        0,
        0,
        0,
        0,
        0,
        0,
        0,
        0,
        0,
        4,
        0,
        4,
        0,
        0,
        4,
        4,
        4,
        0,
        0,
        0,
        0,
        4,
        1,
        4,
        3,
        0,
        1,
        0,
        0,
        0,
        0,
        0,
        0,
        0,
        4,
        0,
        0,
        0,
        0,
        0,
        0,
        0,
        0,
        0,
        4,
        0,
        4,
        0,
        4,
        0,
