{
    "with_labels": 0,
    "burn_in": 500,
    "thinning": 1,
    "runtime": 633.7896330356598,
    "healthy_ratio": 0.24866666666666667,
    "max_log_likelihood": 206.3001579857533,
    "kendalls_tau": 0.30303030303030304,
    "subtype_acc": 0.0785571966414736,
    "n_subtypes": 5,
    "mean_stage_healthy": 1.0455764075067024,
    "ml_subtype": [
        4,
        1,
        0,
        2,
        4,
        0,
        0,
        0,
        0,
        3,
        4,
        0,
        3,
        2,
        3,
        4,
        0,
        0,
        4,
        0,
        0,
        2,
        0,
        1,
        3,
        3,
        1,
        3,
        0,
        0,
        0,
        4,
        3,
        0,
        1,
        3,
        0,
        3,
        3,
        4,
        4,
        3,
        3,
        3,
        1,
        4,
        0,
        0,
        4,
        0,
        3,
        0,
        3,
        0,
        3,
        3,
        0,
        3,
        0,
        4,
        0,
        0,
        0,
        0,
        4,
        1,
        0,
        0,
        4,
        0,
        1,
        3,
        0,
        2,
        3,
        2,
        0,
        0,
        0,
        3,
        3,
        3,
        3,
        4,
        0,
        3,
        4,
        3,
        0,
        3,
        3,
        2,
        0,
        4,
        4,
        2,
        0,
        3,
        4,
        3,
        0,
        0,
        4,
        0,
        4,
        0,
        0,
        3,
        0,
        4,
        4,
        0,
        1,
        3,
        4,
        4,
        0,
        3,
        0,
        4,
        3,
        0,
        4,
        3,
        4,
        3,
        2,
        4,
        3,
        3,
        3,
        0,
        3,
        0,
        0,
        3,
        0,
        3,
        0,
        3,
        3,
        4,
        0,
        0,
        0,
        4,
        4,
        3,
        0,
        4,
        2,
        0,
        4,
        0,
        3,
        2,
        4,
        4,
        3,
        0,
        2,
        0,
        3,
        3,
        4,
        3,
        3,
        3,
        0,
        0,
        4,
        4,
        0,
        0,
        0,
        4,
        2,
        3,
        4,
        4,
        0,
        3,
        0,
        2,
        4,
        4,
        4,
        4,
        0,
        4,
        0,
        0,
        0,
        4,
        4,
        3,
        3,
        0,
        3,
        4,
        3,
        0,
        3,
        4,
        0,
        0,
        3,
        0,
        4,
        3,
        4,
        0,
        3,
        0,
        3,
        0,
        3,
        0,
        0,
        4,
        2,
        3,
        3,
        0,
        0,
        3,
        0,
        0,
        4,
        3,
        3,
        0,
        0,
        4,
        4,
        4,
        1,
        3,
        3,
        0,
        0,
        4,
        3,
        4,
        4,
        3,
        3,
        0,
        0,
        3,
        2,
        0,
        3,
        4,
        0,
        2,
        3,
        4,
        0,
        3,
        0,
        3,
        0,
        2,
        3,
        4,
        0,
        3,
        4,
        0,
        0,
        4,
        3,
        4,
        0,
        3,
        3,
        0,
        3,
        0,
        0,
        3,
        0,
        4,
        3,
        4,
        3,
        3,
        2,
        0,
        3,
        2,
        2,
        3,
        0,
        3,
        4,
        0,
        0,
        0,
        3,
        0,
        4,
        0,
        0,
        0,
        3,
        4,
        4,
        4,
        0,
        3,
        4,
        3,
        3,
        4,
        0,
        4,
        3,
        3,
        2,
        0,
        4,
        0,
        4,
        0,
        0,
        0,
        4,
        0,
        0,
        0,
        3,
        3,
        0,
        2,
        4,
        0,
        3,
        0,
        0,
        0,
        0,
        0,
        0,
        4,
        4,
        0,
        0,
        0,
        4,
        0,
        3,
        0,
        0,
        3,
        1,
        4,
        3,
        0,
        4,
        0,
        0,
        4,
        3,
        0,
        3,
        4,
        4,
        4,
        3,
        0,
        3,
        0,
        4,
        0,
        3,
        3,
        4,
        4,
        0,
        0,
        3,
        4,
        0,
        0,
        3,
        2,
        0,
        0,
        4,
        4,
        0,
        0,
        3,
        0,
        4,
        4,
        0,
        4,
        3,
        0,
        4,
        2,
        4,
        4,
        0,
        3,
        4,
        4,
        0,
        0,
        3,
        4,
        4,
        4,
        0,
        3,
        0,
        0,
        0,
        3,
        0,
        0,
        3,
        3,
        0,
        0,
        3,
        0,
        3,
        4,
        4,
        3,
        0,
        4,
        3,
        2,
        2,
        3,
        3,
        4,
        4,
        4,
        4,
        0,
        3,
        0,
        4,
        0,
        3,
        0,
        3,
        4,
        4,
        3,
        4,
        3,
        4,
        3,
        4,
        0,
        3,
        4,
        0,
        3,
        0,
        1,
        0,
        0,
        3,
        3,
        4,
        0,
        3,
        3,
        3,
        4,
        0,
        3,
        0,
        0,
        2,
        3,
        4,
        0,
        0,
        4,
        3,
        3,
        0,
        4,
        0,
        3,
        0,
        0,
        4,
        3,
        3,
        0,
        4,
        0,
        0,
        0,
        3,
        3,
        0,
        4,
        0,
        4,
        0,
        0,
        3,
        3,
        0,
        4,
        0,
        4,
        3,
        3,
        0,
        0,
        4,
        0,
        0,
        4,
        3,
        4,
        4,
        0,
        4,
        0,
        0,
        3,
        3,
        4,
        3,
        4,
        3,
        4,
        4,
        4,
        0,
        0,
        4,
        3,
        0,
        0,
        4,
        0,
        3,
        3,
        4,
        2,
        3,
        4,
        0,
        0,
        0,
        4,
        4,
        3,
        3,
        3,
        3,
        2,
        3,
        0,
        4,
        3,
        0,
        3,
        0,
        4,
        0,
        4,
        3,
        3,
        2,
        0,
        0,
        4,
        0,
        1,
        3,
        4,
        3,
        3,
        4,
        3,
        0,
        0,
        0,
        0,
        0,
        0,
        4,
        4,
        0,
        3,
        0,
        0,
        3,
        3,
        3,
        3,
        4,
        4,
        0,
        4,
        3,
        2,
        4,
        3,
        0,
        3,
        3,
        0,
        4,
        4,
        3,
        0,
        0,
        0,
        0,
        0,
        4,
        0,
        4,
        4,
        3,
        0,
        0,
        0,
        0,
        2,
        3,
        3,
        0,
        4,
        0,
        0,
        0,
        0,
        0,
        0,
        0,
        0,
        0,
        0,
        0,
        0,
        0,
        3,
        4,
        4,
        0,
        0,
        3,
        4,
        0,
        4,
        3,
        3,
        4,
        3,
        0,
        0,
        3,
        3,
        3,
        0,
        3,
        4,
        3,
        0,
        0,
        4,
        0,
        3,
        0,
        4,
        3,
        4,
        4,
        4,
        0,
        4,
        4,
        4,
        3,
        4,
        4,
        3,
        4,
