{
    "with_labels": 0,
    "burn_in": 500,
    "thinning": 1,
    "runtime": 523.8914248943329,
    "healthy_ratio": 0.24866666666666667,
    "max_log_likelihood": 676.6162377773705,
    "kendalls_tau": 0.4212121212121212,
    "subtype_acc": 0.2640569194393548,
    "n_subtypes": 5,
    "mean_stage_healthy": 0.9088471849865952,
    "ml_subtype": [
        4,
        4,
        0,
        0,
        4,
        0,
        0,
        4,
        0,
        4,
        0,
        0,
        0,
        0,
        0,
        2,
        2,
        0,
        0,
        0,
        0,
        4,
        0,
        4,
        0,
        4,
        0,
        4,
        0,
        0,
        1,
        0,
        0,
        0,
        0,
        0,
        0,
        0,
        0,
        4,
        0,
        0,
        4,
        0,
        0,
        4,
        0,
        4,
        0,
        0,
        4,
        0,
        4,
        4,
        0,
        0,
        0,
        0,
        0,
        0,
        0,
        0,
        4,
        0,
        0,
        0,
        4,
        0,
        0,
        4,
        0,
        0,
        0,
        0,
        4,
        0,
        0,
        0,
        0,
        0,
        0,
        0,
        0,
        0,
        0,
        0,
        0,
        0,
        0,
        0,
        4,
        0,
        0,
        0,
        0,
        0,
        0,
        0,
        4,
        0,
        0,
        0,
        1,
        0,
        4,
        0,
        0,
        0,
        0,
        0,
        0,
        0,
        0,
        0,
        0,
        0,
        0,
        4,
        0,
        0,
        0,
        0,
        4,
        0,
        0,
        0,
        0,
        0,
        0,
        0,
        0,
        4,
        4,
        0,
        0,
        0,
        0,
        0,
        4,
        0,
        0,
        4,
        0,
        0,
        0,
        0,
        0,
        0,
        0,
        0,
        4,
        0,
        0,
        0,
        0,
        0,
        0,
        0,
        0,
        0,
        0,
        0,
        0,
        0,
        0,
        0,
        0,
        4,
        0,
        0,
        4,
        0,
        0,
        4,
        4,
        0,
        0,
        0,
        4,
        4,
        0,
        0,
        0,
        2,
        0,
        0,
        0,
        0,
        4,
        0,
        0,
        0,
        0,
        0,
        4,
        0,
        0,
        0,
        0,
        0,
        0,
        4,
        0,
        0,
        0,
        0,
        0,
        0,
        4,
        0,
        4,
        4,
        0,
        2,
        4,
        0,
        0,
        0,
        0,
        0,
        0,
        4,
        0,
        0,
        0,
        0,
        0,
        0,
        4,
        0,
        4,
        0,
        0,
        0,
        0,
        4,
        0,
        0,
        0,
        0,
        0,
        0,
        0,
        0,
        4,
        0,
        0,
        0,
        0,
        0,
        0,
        0,
        0,
        4,
        4,
        0,
        0,
        0,
        0,
        4,
        0,
        0,
        4,
        0,
        0,
        0,
        0,
        0,
        0,
        4,
        0,
        0,
        1,
        0,
        0,
        0,
        0,
        0,
        0,
        0,
        0,
        0,
        0,
        4,
        0,
        0,
        0,
        4,
        0,
        4,
        0,
        4,
        0,
        4,
        2,
        4,
        4,
        0,
        2,
        0,
        4,
        0,
        4,
        2,
        2,
        4,
        0,
        2,
        2,
        4,
        2,
        2,
        2,
        2,
        2,
        0,
        2,
        2,
        4,
        2,
        2,
        4,
        2,
        2,
        2,
        0,
        4,
        0,
        2,
        0,
        2,
        0,
        0,
        4,
        2,
        2,
        2,
        0,
        2,
        2,
        2,
        2,
        2,
        2,
        4,
        2,
        0,
        4,
        2,
        4,
        4,
        2,
        4,
        2,
        2,
        0,
        4,
        1,
        2,
        2,
        2,
        0,
        2,
        1,
        2,
        0,
        2,
        2,
        4,
        2,
        2,
        4,
        2,
        0,
        2,
        0,
        0,
        2,
        2,
        2,
        2,
        2,
        2,
        4,
        0,
        2,
        4,
        4,
        2,
        2,
        4,
        2,
        4,
        4,
        0,
        2,
        4,
        2,
        4,
        0,
        0,
        2,
        0,
        2,
        4,
        2,
        2,
        2,
        4,
        4,
        4,
        2,
        4,
        2,
        2,
        0,
        2,
        2,
        0,
        4,
        2,
        0,
        2,
        4,
        2,
        4,
        2,
        2,
        2,
        0,
        2,
        2,
        2,
        2,
        2,
        2,
        2,
        4,
        2,
        2,
        4,
        2,
        4,
        2,
        2,
        2,
        2,
        0,
        2,
        4,
        2,
        2,
        2,
        2,
        0,
        2,
        2,
        2,
        2,
        2,
        0,
        2,
        2,
        0,
        0,
        2,
        4,
        0,
        2,
        2,
        2,
        4,
        2,
        2,
        4,
        4,
        2,
        0,
        2,
        0,
        4,
        0,
        1,
        0,
        1,
        1,
        4,
        1,
        1,
        0,
        0,
        4,
        1,
        0,
        1,
        1,
        4,
        1,
        1,
        1,
        4,
        0,
        1,
        1,
        0,
        0,
        0,
        0,
        4,
        1,
        1,
        0,
        0,
        0,
        0,
        0,
        0,
        4,
        4,
        0,
        0,
        4,
        1,
        0,
        0,
        1,
        0,
        0,
        1,
        1,
        0,
        1,
        1,
        4,
        1,
        4,
        4,
        0,
        0,
        1,
        0,
        1,
        0,
        0,
        0,
        0,
        1,
        0,
        0,
        0,
        1,
        0,
        4,
        1,
        4,
        0,
        1,
        0,
        1,
        4,
        4,
        4,
        0,
        0,
        4,
        0,
        4,
        0,
        1,
        0,
        0,
        1,
        1,
        0,
        0,
        4,
        1,
        1,
        1,
        0,
        0,
        0,
        0,
        0,
        0,
        1,
        0,
        1,
        0,
        0,
        0,
        1,
        2,
        1,
        1,
        4,
        1,
        1,
        1,
        4,
        4,
        1,
        1,
        0,
        0,
        1,
        1,
        1,
        0,
        1,
        0,
        1,
        0,
        1,
        4,
        1,
        1,
        0,
        0,
        0,
        1,
        4,
        1,
        1,
        4,
        1,
        1,
        0,
        0,
        1,
        0,
        1,
        1,
        0,
        1,
        1,
        1,
        4,
        0,
        0,
        4,
        4,
        0,
        1,
        1,
        0,
        0,
        4,
        0,
        4,
        0,
        2,
        0,
        0,
        4,
        1,
        1,
        0,
        1,
        1,
        0,
        1,
        0,
        0,
        1,
        0,
        0,
        0,
        1,
        0,
        0,
        0,
        1,
        1,
        0,
        0,
        4,
        1,
        1,
        1,
        1,
        1,
        0,
        0,
        0,
        0,
        0,
        0,
        1,
        0,
        4,
        1,
        4,
        0,
        0,
