{
    "with_labels": 0,
    "burn_in": 500,
    "thinning": 1,
    "runtime": 941.4879884719849,
    "healthy_ratio": 0.24866666666666667,
    "max_log_likelihood": 884.7531573097785,
    "kendalls_tau": 0.22727272727272727,
    "subtype_acc": 0.12544187303056578,
    "n_subtypes": 4,
    "mean_stage_healthy": 0.12064343163538874,
    "ml_subtype": [
        1,
        2,
        2,
        2,
        1,
        2,
        1,
        1,
        2,
        1,
        1,
        1,
        1,
        2,
        2,
        1,
        0,
        1,
        1,
        0,
        1,
        3,
        0,
        2,
        0,
        2,
        2,
        1,
        2,
        2,
        1,
        2,
        2,
        0,
        2,
        1,
        0,
        2,
        1,
        2,
        2,
        0,
        2,
        2,
        2,
        1,
        1,
        0,
        1,
        2,
        0,
        2,
        2,
        1,
        1,
        2,
        1,
        2,
        2,
        2,
        2,
        1,
        2,
        1,
        2,
        1,
        2,
        2,
        2,
        0,
        1,
        0,
        2,
        2,
        0,
        2,
        0,
        2,
        2,
        2,
        2,
        2,
        1,
        2,
        1,
        1,
        0,
        2,
        2,
        1,
        2,
        3,
        1,
        0,
        2,
        2,
        2,
        2,
        0,
        1,
        0,
        1,
        0,
        2,
        2,
        1,
        1,
        2,
        0,
        1,
        1,
        0,
        2,
        0,
        2,
        2,
        1,
        0,
        2,
        2,
        1,
        2,
        2,
        0,
        2,
        2,
        2,
        0,
        2,
        0,
        2,
        2,
        2,
        2,
        0,
        1,
        0,
        2,
        2,
        1,
        0,
        2,
        1,
        1,
        0,
        2,
        1,
        2,
        1,
        2,
        2,
        2,
        2,
        2,
        1,
        0,
        2,
        2,
        2,
        2,
        2,
        0,
        3,
        1,
        2,
        2,
        2,
        2,
        2,
        2,
        1,
        2,
        2,
        2,
        1,
        2,
        2,
        2,
        1,
        1,
        2,
        1,
        3,
        2,
        0,
        0,
        2,
        1,
        2,
        1,
        2,
        1,
        1,
        0,
        1,
        0,
        0,
        2,
        1,
        1,
        2,
        0,
        2,
        1,
        2,
        2,
        0,
        2,
        3,
        3,
        3,
        0,
        2,
        2,
        1,
        2,
        2,
        2,
        2,
        2,
        1,
        1,
        0,
        2,
        0,
        2,
        2,
        2,
        1,
        0,
        2,
        2,
        2,
        2,
        2,
        1,
        2,
        0,
        2,
        0,
        2,
        1,
        0,
        2,
        1,
        2,
        2,
        1,
        0,
        1,
        2,
        2,
        0,
        2,
        2,
        2,
        1,
        0,
        2,
        1,
        0,
        2,
        2,
        2,
        2,
        2,
        1,
        2,
        1,
        1,
        0,
        2,
        1,
        0,
        1,
        2,
        1,
        3,
        1,
        0,
        2,
        2,
        2,
        1,
        2,
        2,
        2,
        2,
        1,
        2,
        1,
        1,
        0,
        1,
        2,
        2,
        2,
        2,
        0,
        0,
        2,
        0,
        0,
        1,
        2,
        1,
        2,
        2,
        2,
        1,
        1,
        2,
        2,
        0,
        0,
        2,
        0,
        2,
        2,
        2,
        2,
        2,
        1,
        2,
        1,
        1,
        2,
        2,
        3,
        2,
        2,
        2,
        2,
        2,
        1,
        2,
        2,
        2,
        1,
        2,
        3,
        2,
        1,
        2,
        2,
        2,
        2,
        2,
        1,
        1,
        2,
        0,
        2,
        0,
        1,
        3,
        0,
        2,
        2,
        2,
        1,
        0,
        2,
        1,
        1,
        2,
        2,
        0,
        1,
        3,
        2,
        2,
        2,
        2,
        1,
        1,
        1,
        1,
        1,
        2,
        0,
        0,
        1,
        2,
        2,
        1,
        0,
        0,
        1,
        2,
        0,
        0,
        2,
        0,
        0,
        2,
        2,
        0,
        2,
        0,
        2,
        2,
        1,
        0,
        0,
        1,
        2,
        2,
        1,
        2,
        2,
        1,
        1,
        2,
        2,
        2,
        1,
        2,
        1,
        2,
        1,
        1,
        2,
        2,
        1,
        0,
        0,
        2,
        2,
        1,
        1,
        2,
        2,
        2,
        1,
        2,
        1,
        2,
        1,
        2,
        2,
        2,
        2,
        1,
        2,
        2,
        2,
        2,
        2,
        2,
        2,
        2,
        1,
        2,
        2,
        1,
        2,
        2,
        2,
        2,
        1,
        2,
        2,
        1,
        2,
        2,
        2,
        2,
        1,
        2,
        2,
        2,
        0,
        2,
        2,
        1,
        1,
        2,
        1,
        2,
        1,
        2,
        2,
        2,
        2,
        2,
        2,
        1,
        2,
        2,
        2,
        1,
        2,
        2,
        1,
        1,
        1,
        1,
        2,
        1,
        0,
        1,
        1,
        2,
        2,
        2,
        2,
        0,
        1,
        2,
        2,
        2,
        1,
        0,
        2,
        0,
        1,
        2,
        1,
        2,
        1,
        2,
        2,
        1,
        1,
        2,
        2,
        2,
        2,
        2,
        2,
        1,
        1,
        2,
        3,
        2,
        1,
        2,
        2,
        0,
        2,
        2,
        2,
        1,
        2,
        0,
        2,
        1,
        2,
        2,
        2,
        2,
        1,
        2,
        1,
        1,
        2,
        2,
        2,
        2,
        2,
        2,
        2,
        1,
        1,
        1,
        2,
        2,
        2,
        2,
        2,
        1,
        2,
        1,
        2,
        1,
        2,
        0,
        2,
        0,
        2,
        1,
        1,
        2,
        1,
        2,
        2,
        1,
        2,
        2,
        2,
        2,
        2,
        1,
        2,
        2,
        1,
        2,
        2,
        1,
        2,
        2,
        1,
        1,
        2,
        1,
        2,
        1,
        2,
        2,
        2,
        2,
        1,
        1,
        2,
        1,
        2,
        1,
        1,
        2,
        2,
        2,
        2,
        2,
        2,
        2,
        1,
        2,
        2,
        2,
        2,
        2,
        2,
        2,
        1,
        0,
        1,
        0,
        0,
        2,
        2,
        2,
        0,
        2,
        2,
        2,
        2,
        2,
        1,
        1,
        2,
        1,
        2,
        2,
        2,
        1,
        2,
        1,
        2,
        1,
        1,
        2,
        1,
        1,
        0,
        2,
        2,
        1,
        1,
        1,
        2,
        1,
        2,
        2,
        1,
        2,
        2,
        1,
        2,
        2,
        0,
        2,
        2,
        2,
        2,
        2,
        2,
        1,
        2,
        1,
        1,
        1,
        1,
        2,
        0,
