{
    "with_labels": 0,
    "burn_in": 500,
    "thinning": 1,
    "runtime": 89.6141619682312,
    "healthy_ratio": 0.24666666666666667,
    "max_log_likelihood": -418.1223764439751,
    "kendalls_tau": 0.38257575757575757,
    "subtype_acc": 0.03533032264827169,
    "n_subtypes": 4,
    "mean_stage_healthy": 1.3513513513513513,
    "ml_subtype": [
        2,
        1,
        2,
        2,
        2,
        2,
        0,
        2,
        0,
        2,
        0,
        2,
        0,
        2,
        2,
        2,
        2,
        2,
        1,
        2,
        2,
        0,
        2,
        0,
        0,
        0,
        2,
        0,
        2,
        2,
        2,
        2,
        1,
        2,
        2,
        0,
        0,
        2,
        2,
        0,
        0,
        2,
        2,
        2,
        0,
        2,
        0,
        0,
        0,
        2,
        2,
        2,
        2,
        2,
        2,
        3,
        3,
        2,
        0,
        2,
        2,
        2,
        2,
        0,
        2,
        0,
        2,
        0,
        2,
        2,
        2,
        0,
        0,
        0,
        0,
        3,
        0,
        2,
        2,
        2,
        2,
        0,
        0,
        2,
        2,
        2,
        0,
        0,
        2,
        2,
        2,
        2,
        0,
        3,
        0,
        0,
        2,
        0,
        2,
        2,
        2,
        0,
        3,
        2,
        2,
        2,
        2,
        0,
        2,
        2,
        2,
        3,
        3,
        0,
        0,
        0,
        0,
        2,
        0,
        2,
        2,
        0,
        0,
        0,
        0,
        2,
        0,
        2,
        0,
        2,
        3,
        2,
        0,
        2,
        0,
        2,
        2,
        2,
        0,
        2,
        2,
        0,
        0,
        0,
        2,
        0,
        0,
        3,
        0,
        0,
        2,
        0,
        2,
        2,
        2,
        2,
        2,
        2,
        2,
        2,
        3,
        2,
        2,
        0,
        2,
        2,
        0,
        2,
        0,
        2,
        2,
        0,
        3,
        0,
        0,
        2,
        0,
        2,
        0,
        0,
        2,
        2,
        0,
        0,
        0,
        0,
        2,
        2,
        2,
        2,
        2,
        2,
        2,
        0,
        0,
        2,
        0,
        2,
        0,
        0,
        0,
        2,
        2,
        2,
        0,
        0,
        2,
        2,
        2,
        0,
        2,
        2,
        2,
        2,
        2,
        0,
        2,
        2,
        2,
        2,
        2,
        2,
        0,
        2,
        0,
        2,
        2,
        2,
        2,
        2,
        0,
        0,
        0,
        2,
        2,
        0,
        0,
        0,
        2,
        0,
        2,
        2,
        0,
        2,
        1,
        2,
        0,
        1,
        0,
        2,
        2,
        2,
        2,
        0,
        2,
        2,
        2,
        0,
        2,
        0,
        0,
        2,
        2,
        2,
        2,
        2,
        0,
        2,
        3,
        2,
        2,
        2,
        2,
        2,
        2,
        0,
        0,
        0,
        0,
        2,
        0,
        2,
        0,
        0,
        2,
        2,
        2,
        2,
        2,
        0,
        0,
        2,
        2,
        0,
        1,
        0,
        2,
        2,
        2,
        2
    ]
}