{
    "with_labels": 0,
    "burn_in": 500,
    "thinning": 1,
    "runtime": 103.11951661109924,
    "healthy_ratio": 0.24666666666666667,
    "max_log_likelihood": 563.302866524439,
    "kendalls_tau": 0.3181818181818182,
    "subtype_acc": 0.21137094358868488,
    "n_subtypes": 3,
    "mean_stage_healthy": 0.8513513513513513,
    "ml_subtype": [
        0,
        2,
        0,
        0,
        0,
        2,
        2,
        0,
        2,
        0,
        0,
        0,
        0,
        0,
        0,
        0,
        0,
        0,
        2,
        0,
        0,
        0,
        0,
        0,
        2,
        0,
        2,
        0,
        0,
        0,
        0,
        2,
        0,
        2,
        0,
        0,
        0,
        2,
        0,
        0,
        0,
        0,
        0,
        0,
        2,
        0,
        0,
        2,
        2,
        0,
        0,
        2,
        0,
        0,
        2,
        2,
        2,
        2,
        0,
        0,
        0,
        0,
        0,
        2,
        0,
        2,
        0,
        0,
        2,
        0,
        2,
        2,
        2,
        0,
        2,
        2,
        0,
        2,
        2,
        2,
        2,
        2,
        2,
        2,
        2,
        2,
        2,
        0,
        2,
        2,
        2,
        2,
        2,
        0,
        2,
        0,
        2,
        2,
        2,
        2,
        0,
        0,
        2,
        2,
        2,
        0,
        2,
        2,
        2,
        2,
        2,
        2,
        0,
        2,
        2,
        2,
        2,
        2,
        0,
        2,
        0,
        0,
        2,
        0,
        0,
        2,
        0,
        0,
        2,
        2,
        0,
        0,
        0,
        0,
        0,
        2,
        2,
        0,
        0,
        0,
        0,
        2,
        0,
        2,
        0,
        0,
        0,
        0,
        0,
        0,
        0,
        0,
        0,
        0,
        0,
        0,
        0,
        0,
        0,
        0,
        0,
        0,
        2,
        0,
        0,
        0,
        0,
        0,
        0,
        0,
        0,
        0,
        2,
        0,
        0,
        2,
        0,
        0,
        0,
        0,
        0,
        0,
        0,
        0,
        0,
        2,
        0,
        0,
        0,
        2,
        0,
        0,
        0,
        0,
        0,
        0,
        2,
        0,
        0,
        0,
        2,
        2,
        2,
        0,
        0,
        0,
        0,
        2,
        0,
        0,
        2,
        2,
        0,
        0,
        0,
        0,
        0,
        0,
        2,
        0,
        2,
        0,
        0,
        0,
        2,
        2,
        0,
        0,
        0,
        0,
        0,
        0,
        0,
        0,
        0,
        0,
        2,
        0,
        0,
        0,
        0,
        0,
        0,
        0,
        0,
        0,
        0,
        0,
        0,
        0,
        0,
        0,
        2,
        0,
        0,
        2,
        0,
        0,
        0,
        0,
        2,
        0,
        0,
        0,
        0,
        2,
        0,
        2,
        0,
        0,
        0,
        0,
        0,
        0,
        0,
        0,
        0,
        0,
        0,
        0,
        0,
        2,
        0,
        0,
        2,
        0,
        0,
        0,
        0,
        0,
        2,
        0,
        0,
        2,
        0,
        2,
        0,
        0,
        0,
        0
    ]
}