{
    "with_labels": 0,
    "burn_in": 500,
    "thinning": 1,
    "runtime": 105.15486931800842,
    "healthy_ratio": 0.5,
    "max_log_likelihood": -537.9247610855132,
    "kendalls_tau": 0.31818181818181823,
    "subtype_acc": 0.1759010211404748,
    "n_subtypes": 5,
    "mean_stage_healthy": 1.1466666666666667,
    "ml_subtype": [
        3,
        3,
        3,
        1,
        3,
        1,
        1,
        1,
        1,
        3,
        1,
        0,
        3,
        3,
        3,
        2,
        3,
        1,
        3,
        3,
        3,
        3,
        3,
        3,
        3,
        3,
        3,
        1,
        1,
        1,
        3,
        3,
        1,
        1,
        3,
        1,
        3,
        3,
        3,
        3,
        3,
        1,
        1,
        1,
        1,
        3,
        3,
        1,
        1,
        1,
        3,
        3,
        3,
        2,
        3,
        4,
        0,
        3,
        0,
        3,
        2,
        0,
        4,
        3,
        0,
        0,
        3,
        0,
        3,
        3,
        4,
        3,
        3,
        0,
        3,
        3,
        1,
        3,
        3,
        3,
        2,
        3,
        3,
        4,
        4,
        3,
        3,
        3,
        2,
        2,
        3,
        3,
        4,
        2,
        0,
        3,
        3,
        3,
        2,
        2,
        3,
        1,
        1,
        2,
        3,
        2,
        2,
        0,
        3,
        2,
        3,
        1,
        2,
        1,
        2,
        1,
        1,
        3,
        3,
        2,
        2,
        3,
        3,
        2,
        3,
        3,
        2,
        3,
        1,
        3,
        2,
        3,
        3,
        3,
        3,
        3,
        2,
        3,
        1,
        3,
        3,
        3,
        3,
        3,
        3,
        3,
        2,
        2,
        3,
        3,
        3,
        3,
        3,
        2,
        3,
        3,
        2,
        3,
        3,
        3,
        3,
        2,
        3,
        0,
        3,
        3,
        3,
        3,
        3,
        2,
        3,
        2,
        1,
        1,
        3,
        3,
        3,
        3,
        3,
        2,
        1,
        3,
        2,
        3,
        3,
        4,
        2,
        1,
        2,
        2,
        1,
        3,
        3,
        1,
        3,
        2,
        3,
        3,
        2,
        3,
        2,
        3,
        2,
        3,
        3,
        2,
        3,
        3,
        2,
        3,
        3,
        2,
        1,
        3,
        3,
        3,
        3,
        2,
        2,
        3,
        3,
        3,
        2,
        1,
        1,
        3,
        3,
        3,
        3,
        3,
        2,
        3,
        2,
        3,
        2,
        1,
        2,
        3,
        3,
        2,
        2,
        2,
        3,
        1,
        2,
        3,
        0,
        3,
        3,
        3,
        3,
        3,
        3,
        2,
        1,
        1,
        1,
        3,
        3,
        1,
        2,
        2,
        2,
        2,
        1,
        3,
        3,
        3,
        2,
        2,
        2,
        0,
        3,
        3,
        2,
        2,
        2,
        2,
        3,
        3,
        3,
        2,
        3,
        3,
        2,
        1,
        3,
        3,
        3,
        4,
        3,
        3,
        2,
        3,
        3,
        2,
        2,
        3,
        3,
        3
    ]
}