{
    "with_labels": 0,
    "burn_in": 500,
    "thinning": 1,
    "runtime": 101.27886986732483,
    "healthy_ratio": 0.5,
    "max_log_likelihood": 318.5754649132715,
    "kendalls_tau": 0.3446969696969697,
    "subtype_acc": 0.5621038942954611,
    "n_subtypes": 4,
    "mean_stage_healthy": 3.3533333333333335,
    "ml_subtype": [
        2,
        2,
        0,
        1,
        0,
        2,
        2,
        2,
        2,
        0,
        2,
        2,
        2,
        2,
        1,
        1,
        2,
        1,
        0,
        2,
        1,
        2,
        2,
        1,
        2,
        0,
        2,
        0,
        2,
        2,
        0,
        0,
        2,
        0,
        0,
        1,
        2,
        0,
        2,
        2,
        2,
        2,
        0,
        1,
        0,
        2,
        1,
        1,
        0,
        1,
        0,
        0,
        0,
        1,
        2,
        2,
        1,
        0,
        2,
        2,
        2,
        2,
        0,
        2,
        2,
        2,
        2,
        1,
        2,
        2,
        2,
        1,
        1,
        0,
        2,
        2,
        0,
        0,
        0,
        0,
        2,
        2,
        0,
        2,
        2,
        2,
        2,
        0,
        0,
        2,
        2,
        1,
        1,
        2,
        1,
        2,
        2,
        1,
        1,
        2,
        1,
        2,
        2,
        1,
        1,
        2,
        1,
        2,
        1,
        1,
        2,
        2,
        1,
        0,
        1,
        0,
        1,
        1,
        2,
        0,
        1,
        1,
        2,
        0,
        1,
        2,
        2,
        0,
        2,
        2,
        2,
        1,
        1,
        1,
        1,
        2,
        1,
        2,
        0,
        2,
        1,
        2,
        2,
        1,
        2,
        1,
        0,
        2,
        2,
        1,
        2,
        2,
        2,
        1,
        1,
        1,
        2,
        0,
        2,
        2,
        1,
        1,
        2,
        2,
        1,
        2,
        2,
        2,
        0,
        0,
        1,
        2,
        0,
        1,
        1,
        2,
        1,
        0,
        2,
        1,
        0,
        0,
        0,
        1,
        1,
        1,
        1,
        1,
        0,
        1,
        1,
        1,
        1,
        1,
        2,
        0,
        2,
        1,
        1,
        1,
        1,
        1,
        0,
        1,
        1,
        2,
        1,
        1,
        1,
        1,
        1,
        1,
        1,
        1,
        1,
        0,
        1,
        1,
        2,
        0,
        0,
        0,
        2,
        0,
        1,
        0,
        1,
        1,
        1,
        0,
        0,
        1,
        1,
        1,
        0,
        1,
        0,
        1,
        1,
        3,
        0,
        1,
        0,
        3,
        1,
        3,
        3,
        1,
        0,
        0,
        0,
        0,
        3,
        1,
        3,
        3,
        1,
        0,
        3,
        3,
        0,
        0,
        3,
        0,
        3,
        3,
        0,
        1,
        3,
        3,
        1,
        0,
        3,
        1,
        3,
        0,
        1,
        2,
        3,
        0,
        3,
        1,
        1,
        0,
        3,
        3,
        0,
        0,
        3,
        3,
        3,
        3,
        1,
        3,
        3,
        0,
        3,
        2,
        0,
        3
    ]
}