{
    "with_labels": 0,
    "burn_in": 500,
    "thinning": 1,
    "runtime": 114.52561974525452,
    "healthy_ratio": 0.75,
    "max_log_likelihood": -159.5760961358762,
    "kendalls_tau": 0.40404040404040403,
    "subtype_acc": 0.00820738374751267,
    "n_subtypes": 3,
    "mean_stage_healthy": 0.8933333333333333,
    "ml_subtype": [
        0,
        0,
        0,
        0,
        0,
        2,
        2,
        2,
        0,
        2,
        0,
        0,
        0,
        2,
        2,
        2,
        0,
        0,
        0,
        2,
        2,
        0,
        0,
        1,
        0,
        0,
        0,
        2,
        0,
        0,
        0,
        2,
        2,
        0,
        0,
        0,
        0,
        0,
        0,
        0,
        0,
        0,
        2,
        0,
        2,
        0,
        2,
        0,
        0,
        2,
        2,
        2,
        0,
        0,
        0,
        2,
        0,
        0,
        0,
        2,
        0,
        0,
        2,
        0,
        0,
        0,
        0,
        0,
        2,
        0,
        0,
        0,
        0,
        0,
        0,
        0,
        2,
        0,
        0,
        0,
        0,
        0,
        2,
        0,
        0,
        0,
        0,
        2,
        0,
        0,
        2,
        0,
        2,
        2,
        2,
        0,
        2,
        0,
        0,
        0,
        0,
        0,
        0,
        0,
        2,
        2,
        1,
        2,
        2,
        0,
        2,
        0,
        0,
        0,
        0,
        0,
        0,
        0,
        0,
        2,
        0,
        0,
        0,
        0,
        2,
        2,
        0,
        0,
        0,
        0,
        0,
        0,
        2,
        0,
        1,
        0,
        0,
        1,
        0,
        2,
        0,
        0,
        1,
        0,
        2,
        0,
        0,
        0,
        0,
        0,
        2,
        2,
        1,
        0,
        0,
        0,
        0,
        0,
        2,
        0,
        0,
        0,
        2,
        2,
        2,
        0,
        2,
        0,
        0,
        0,
        2,
        0,
        0,
        2,
        0,
        2,
        2,
        0,
        2,
        1,
        0,
        2,
        0,
        0,
        0,
        2,
        0,
        0,
        2,
        2,
        0,
        0,
        0,
        0,
        0,
        0,
        2,
        0,
        2,
        0,
        2,
        0,
        0,
        2,
        2,
        0,
        2,
        0,
        0,
        0,
        2,
        2,
        2,
        2,
        0,
        0,
        0,
        0,
        2,
        0,
        0,
        2,
        0,
        0,
        0,
        0,
        0,
        2,
        2,
        0,
        0,
        0,
        0,
        2,
        0,
        0,
        0,
        0,
        2,
        2,
        0,
        0,
        0,
        0,
        0,
        2,
        2,
        0,
        0,
        0,
        0,
        0,
        2,
        2,
        2,
        0,
        0,
        0,
        0,
        0,
        0,
        0,
        1,
        2,
        2,
        0,
        2,
        2,
        0,
        0,
        0,
        2,
        2,
        2,
        0,
        2,
        0,
        2,
        0,
        2,
        0,
        0,
        0,
        0,
        0,
        2,
        2,
        2,
        0,
        2,
        0,
        0,
        0,
        0,
        0,
        0,
        1,
        0,
        0,
        0
    ]
}