{
    "with_labels": 0,
    "burn_in": 500,
    "thinning": 1,
    "runtime": 124.31991028785706,
    "healthy_ratio": 0.5,
    "max_log_likelihood": -233.5980322834512,
    "kendalls_tau": 0.34848484848484845,
    "subtype_acc": 0.1713127220094703,
    "n_subtypes": 3,
    "mean_stage_healthy": 0.9533333333333334,
    "ml_subtype": [
        2,
        2,
        2,
        2,
        1,
        1,
        2,
        2,
        1,
        1,
        1,
        2,
        2,
        2,
        2,
        1,
        2,
        2,
        2,
        2,
        0,
        1,
        2,
        0,
        1,
        2,
        2,
        1,
        2,
        1,
        2,
        1,
        2,
        1,
        1,
        2,
        2,
        2,
        2,
        1,
        2,
        2,
        2,
        1,
        2,
        2,
        2,
        2,
        1,
        0,
        2,
        2,
        2,
        0,
        2,
        2,
        1,
        2,
        2,
        2,
        2,
        1,
        2,
        1,
        1,
        1,
        1,
        2,
        2,
        1,
        2,
        1,
        1,
        1,
        1,
        1,
        2,
        0,
        2,
        2,
        2,
        1,
        1,
        1,
        2,
        1,
        2,
        2,
        2,
        2,
        1,
        2,
        2,
        1,
        1,
        0,
        2,
        1,
        2,
        2,
        2,
        2,
        1,
        0,
        2,
        1,
        2,
        0,
        2,
        2,
        2,
        0,
        2,
        2,
        2,
        2,
        2,
        2,
        0,
        2,
        0,
        2,
        2,
        2,
        0,
        0,
        2,
        2,
        2,
        2,
        2,
        1,
        2,
        2,
        2,
        2,
        1,
        2,
        2,
        2,
        2,
        2,
        2,
        2,
        1,
        1,
        2,
        2,
        2,
        2,
        2,
        0,
        2,
        2,
        2,
        2,
        0,
        2,
        2,
        2,
        2,
        2,
        2,
        2,
        2,
        2,
        0,
        0,
        2,
        0,
        2,
        2,
        0,
        1,
        0,
        0,
        0,
        2,
        0,
        2,
        2,
        2,
        2,
        2,
        0,
        2,
        0,
        2,
        2,
        0,
        2,
        2,
        0,
        2,
        2,
        2,
        0,
        1,
        2,
        2,
        2,
        2,
        0,
        2,
        2,
        1,
        2,
        2,
        0,
        2,
        2,
        2,
        0,
        0,
        0,
        2,
        2,
        2,
        0,
        2,
        2,
        0,
        2,
        1,
        2,
        1,
        1,
        2,
        1,
        2,
        1,
        1,
        2,
        1,
        2,
        1,
        2,
        2,
        2,
        2,
        2,
        2,
        2,
        1,
        2,
        2,
        2,
        1,
        2,
        1,
        2,
        1,
        2,
        1,
        2,
        1,
        2,
        1,
        1,
        1,
        2,
        2,
        2,
        1,
        2,
        1,
        2,
        0,
        2,
        0,
        2,
        2,
        2,
        1,
        2,
        2,
        1,
        1,
        2,
        1,
        1,
        1,
        2,
        2,
        2,
        1,
        2,
        2,
        2,
        1,
        2,
        2,
        1,
        2,
        2,
        2,
        2,
        2,
        2,
        2
    ]
}