{
    "with_labels": 0,
    "burn_in": 500,
    "thinning": 1,
    "runtime": 116.26084804534912,
    "healthy_ratio": 0.24333333333333335,
    "max_log_likelihood": -945.1654345524825,
    "kendalls_tau": 0.3848484848484849,
    "subtype_acc": 0.15199091167745687,
    "n_subtypes": 5,
    "mean_stage_healthy": 0.2328767123287671,
    "ml_subtype": [
        4,
        0,
        4,
        4,
        4,
        4,
        0,
        4,
        0,
        1,
        4,
        4,
        4,
        3,
        4,
        0,
        4,
        4,
        4,
        0,
        4,
        4,
        1,
        4,
        4,
        0,
        4,
        0,
        4,
        2,
        0,
        4,
        4,
        0,
        4,
        0,
        2,
        0,
        0,
        4,
        0,
        4,
        0,
        4,
        0,
        0,
        4,
        0,
        4,
        4,
        0,
        4,
        2,
        1,
        4,
        4,
        4,
        4,
        4,
        2,
        0,
        2,
        2,
        4,
        0,
        4,
        0,
        0,
        0,
        4,
        4,
        0,
        4,
        4,
        4,
        4,
        4,
        0,
        4,
        4,
        1,
        0,
        0,
        1,
        0,
        0,
        1,
        1,
        1,
        0,
        0,
        1,
        1,
        3,
        0,
        0,
        1,
        0,
        0,
        1,
        1,
        1,
        1,
        1,
        0,
        1,
        0,
        1,
        1,
        0,
        0,
        0,
        0,
        0,
        0,
        4,
        0,
        4,
        1,
        0,
        1,
        0,
        0,
        4,
        0,
        1,
        3,
        0,
        2,
        1,
        0,
        0,
        0,
        0,
        1,
        1,
        1,
        0,
        0,
        0,
        1,
        1,
        0,
        0,
        1,
        0,
        4,
        0,
        1,
        0,
        0,
        0,
        0,
        4,
        0,
        1,
        0,
        0,
        1,
        0,
        2,
        0,
        0,
        0,
        0,
        0,
        0,
        0,
        0,
        0,
        0,
        3,
        0,
        1,
        1,
        0,
        1,
        4,
        4,
        1,
        0,
        0,
        0,
        0,
        0,
        0,
        3,
        0,
        0,
        1,
        0,
        0,
        4,
        1,
        0,
        1,
        1,
        3,
        4,
        0,
        0,
        1,
        0,
        1,
        0,
        2,
        0,
        3,
        0,
        0,
        0,
        0,
        0,
        0,
        0,
        0,
        0,
        0,
        0,
        0,
        0,
        0,
        0,
        0,
        0,
        4,
        0,
        0,
        0,
        0,
        0,
        0,
        2,
        4,
        0,
        1,
        0,
        0,
        0,
        0,
        2,
        0,
        0,
        4,
        3,
        4,
        0,
        3,
        0,
        0,
        0,
        0,
        0,
        4,
        2,
        0,
        0,
        1,
        0,
        0,
        0,
        1,
        0,
        0,
        0,
        0,
        2,
        0,
        1,
        0,
        2,
        0,
        0,
        4,
        4,
        0,
        4,
        0,
        0,
        0,
        4,
        0,
        0,
        0,
        2,
        0,
        4,
        0,
        4,
        4,
        0,
        2,
        4,
        0,
        4,
        0,
        4,
        0,
        4,
        4
    ]
}