{
    "with_labels": 0,
    "burn_in": 500,
    "thinning": 1,
    "runtime": 153.4039011001587,
    "healthy_ratio": 0.5,
    "max_log_likelihood": -360.4679491920675,
    "kendalls_tau": 0.38181818181818183,
    "subtype_acc": 0.08569342205482265,
    "n_subtypes": 5,
    "mean_stage_healthy": 0.18666666666666668,
    "ml_subtype": [
        2,
        2,
        2,
        2,
        2,
        3,
        3,
        0,
        2,
        2,
        2,
        0,
        2,
        2,
        2,
        2,
        2,
        0,
        2,
        2,
        2,
        2,
        2,
        2,
        2,
        2,
        3,
        3,
        2,
        2,
        3,
        3,
        2,
        2,
        2,
        2,
        2,
        2,
        2,
        3,
        2,
        3,
        0,
        2,
        0,
        2,
        2,
        3,
        2,
        2,
        2,
        3,
        3,
        2,
        2,
        2,
        0,
        0,
        2,
        2,
        0,
        2,
        2,
        3,
        2,
        3,
        2,
        3,
        2,
        2,
        2,
        0,
        2,
        3,
        3,
        2,
        2,
        0,
        3,
        2,
        0,
        2,
        3,
        0,
        2,
        2,
        2,
        0,
        3,
        2,
        2,
        2,
        2,
        3,
        2,
        2,
        3,
        2,
        0,
        3,
        2,
        3,
        2,
        2,
        2,
        2,
        0,
        2,
        3,
        0,
        2,
        0,
        3,
        2,
        2,
        2,
        0,
        3,
        2,
        2,
        3,
        0,
        2,
        2,
        2,
        2,
        2,
        0,
        3,
        0,
        2,
        2,
        0,
        3,
        0,
        2,
        2,
        2,
        2,
        2,
        2,
        3,
        2,
        3,
        0,
        1,
        3,
        3,
        2,
        0,
        3,
        2,
        2,
        2,
        2,
        2,
        2,
        3,
        2,
        2,
        3,
        2,
        0,
        2,
        0,
        3,
        2,
        2,
        2,
        3,
        2,
        2,
        0,
        0,
        0,
        2,
        0,
        2,
        0,
        2,
        2,
        0,
        2,
        2,
        0,
        0,
        2,
        2,
        3,
        0,
        2,
        3,
        0,
        2,
        2,
        2,
        0,
        3,
        2,
        0,
        2,
        2,
        2,
        3,
        2,
        2,
        0,
        0,
        0,
        2,
        2,
        2,
        0,
        2,
        0,
        0,
        2,
        2,
        2,
        2,
        0,
        2,
        3,
        3,
        2,
        0,
        0,
        0,
        2,
        0,
        2,
        3,
        0,
        1,
        2,
        3,
        2,
        2,
        2,
        1,
        0,
        0,
        2,
        1,
        0,
        3,
        2,
        0,
        2,
        2,
        2,
        2,
        0,
        3,
        2,
        2,
        2,
        2,
        0,
        3,
        3,
        1,
        2,
        2,
        2,
        2,
        2,
        3,
        0,
        2,
        0,
        2,
        3,
        3,
        2,
        2,
        3,
        3,
        2,
        3,
        2,
        3,
        2,
        2,
        2,
        3,
        3,
        2,
        2,
        2,
        2,
        0,
        2,
        2,
        3,
        2,
        1,
        2,
        3,
        3
    ]
}