{
    "with_labels": 0,
    "burn_in": 500,
    "thinning": 1,
    "runtime": 132.49006509780884,
    "healthy_ratio": 0.5,
    "max_log_likelihood": 391.85155970503786,
    "kendalls_tau": 0.3232323232323232,
    "subtype_acc": 0.45909873085149117,
    "n_subtypes": 3,
    "mean_stage_healthy": 0.5933333333333334,
    "ml_subtype": [
        0,
        2,
        2,
        0,
        0,
        2,
        0,
        0,
        0,
        2,
        0,
        2,
        2,
        2,
        0,
        2,
        0,
        2,
        0,
        2,
        2,
        2,
        0,
        2,
        0,
        0,
        2,
        2,
        2,
        0,
        0,
        0,
        0,
        2,
        2,
        2,
        1,
        0,
        2,
        0,
        2,
        0,
        1,
        0,
        0,
        0,
        2,
        0,
        2,
        2,
        2,
        0,
        2,
        0,
        2,
        2,
        0,
        2,
        0,
        2,
        0,
        2,
        0,
        2,
        2,
        2,
        2,
        2,
        0,
        2,
        0,
        0,
        0,
        2,
        0,
        0,
        0,
        0,
        2,
        2,
        0,
        0,
        0,
        2,
        0,
        0,
        0,
        0,
        0,
        0,
        0,
        0,
        0,
        0,
        0,
        0,
        0,
        0,
        0,
        0,
        0,
        0,
        2,
        0,
        0,
        0,
        0,
        0,
        0,
        0,
        0,
        0,
        0,
        0,
        0,
        0,
        0,
        0,
        0,
        0,
        0,
        0,
        0,
        0,
        0,
        0,
        0,
        0,
        0,
        0,
        0,
        0,
        0,
        0,
        0,
        0,
        0,
        0,
        0,
        0,
        0,
        0,
        2,
        0,
        0,
        0,
        0,
        0,
        0,
        0,
        2,
        0,
        2,
        0,
        0,
        0,
        0,
        2,
        0,
        0,
        0,
        0,
        0,
        0,
        0,
        0,
        0,
        0,
        0,
        0,
        0,
        0,
        0,
        0,
        0,
        0,
        0,
        0,
        0,
        0,
        0,
        0,
        0,
        0,
        0,
        0,
        0,
        0,
        0,
        0,
        0,
        0,
        0,
        0,
        0,
        0,
        0,
        0,
        0,
        0,
        0,
        2,
        0,
        0,
        2,
        0,
        2,
        2,
        2,
        2,
        0,
        0,
        2,
        0,
        2,
        0,
        2,
        0,
        0,
        2,
        0,
        2,
        0,
        2,
        2,
        2,
        0,
        0,
        2,
        2,
        0,
        2,
        0,
        0,
        2,
        0,
        2,
        0,
        0,
        0,
        2,
        2,
        2,
        0,
        2,
        0,
        2,
        0,
        2,
        0,
        0,
        0,
        0,
        0,
        2,
        0,
        0,
        0,
        0,
        0,
        0,
        0,
        2,
        2,
        0,
        2,
        0,
        0,
        0,
        2,
        0,
        0,
        0,
        0,
        0,
        2,
        2,
        2,
        2,
        0,
        0,
        2,
        2,
        0,
        0,
        0,
        2,
        0,
        2,
        0,
        0,
        2,
        2,
        0,
        0,
        0,
        0,
        0,
        0,
        2
    ]
}