{
    "with_labels": 0,
    "burn_in": 500,
    "thinning": 1,
    "runtime": 198.38211011886597,
    "healthy_ratio": 0.24414715719063546,
    "max_log_likelihood": 148.70912166906035,
    "kendalls_tau": 0.49393939393939396,
    "subtype_acc": 0.28082791070298346,
    "n_subtypes": 5,
    "mean_stage_healthy": 0.3698630136986301,
    "ml_subtype": [
        2,
        2,
        2,
        2,
        2,
        2,
        2,
        2,
        2,
        2,
        2,
        2,
        2,
        2,
        2,
        2,
        2,
        2,
        2,
        2,
        2,
        2,
        2,
        2,
        2,
        2,
        2,
        2,
        1,
        2,
        2,
        2,
        2,
        2,
        2,
        2,
        2,
        2,
        2,
        1,
        2,
        4,
        4,
        2,
        2,
        2,
        2,
        1,
        2,
        2,
        2,
        2,
        2,
        2,
        2,
        2,
        1,
        2,
        4,
        2,
        2,
        1,
        2,
        2,
        2,
        2,
        2,
        2,
        2,
        2,
        2,
        2,
        2,
        4,
        2,
        2,
        2,
        2,
        2,
        2,
        2,
        2,
        2,
        2,
        2,
        2,
        2,
        2,
        2,
        2,
        2,
        2,
        2,
        2,
        2,
        2,
        2,
        2,
        2,
        2,
        2,
        2,
        4,
        2,
        2,
        2,
        4,
        2,
        4,
        2,
        4,
        4,
        2,
        4,
        1,
        4,
        4,
        2,
        2,
        4,
        1,
        4,
        4,
        4,
        2,
        4,
        4,
        2,
        1,
        2,
        4,
        4,
        0,
        4,
        2,
        4,
        2,
        2,
        4,
        4,
        4,
        2,
        2,
        2,
        2,
        4,
        2,
        2,
        1,
        4,
        4,
        2,
        2,
        2,
        2,
        2,
        4,
        2,
        4,
        4,
        1,
        0,
        1,
        1,
        4,
        4,
        2,
        4,
        4,
        4,
        2,
        1,
        4,
        1,
        4,
        2,
        2,
        4,
        0,
        1,
        4,
        2,
        2,
        0,
        0,
        2,
        2,
        2,
        2,
        2,
        0,
        2,
        0,
        2,
        2,
        2,
        0,
        0,
        1,
        2,
        0,
        2,
        0,
        0,
        0,
        0,
        0,
        0,
        2,
        0,
        2,
        2,
        2,
        2,
        2,
        1,
        0,
        0,
        0,
        2,
        2,
        2,
        0,
        0,
        0,
        0,
        0,
        0,
        2,
        2,
        2,
        2,
        2,
        2,
        0,
        0,
        2,
        0,
        0,
        0,
        2,
        2,
        0,
        0,
        0,
        1,
        2,
        1,
        1,
        1,
        0,
        1,
        0,
        2,
        1,
        0,
        0,
        1,
        1,
        0,
        2,
        1,
        0,
        0,
        0,
        1,
        2,
        1,
        0,
        1,
        1,
        1,
        4,
        2,
        1,
        1,
        1,
        2,
        2,
        0,
        2,
        1,
        2,
        2,
        1,
        0,
        0,
        2,
        0,
        2,
        1,
        2,
        0,
        1,
        1,
        1,
        0,
        0,
        0
    ]
}