{
    "with_labels": 0,
    "burn_in": 500,
    "thinning": 1,
    "runtime": 87.80132269859314,
    "healthy_ratio": 0.5,
    "max_log_likelihood": 629.2639189596672,
    "kendalls_tau": 0.24621212121212124,
    "subtype_acc": 0.5039731552297795,
    "n_subtypes": 4,
    "mean_stage_healthy": 0.10666666666666667,
    "ml_subtype": [
        3,
        1,
        1,
        1,
        3,
        1,
        0,
        2,
        3,
        1,
        3,
        3,
        1,
        1,
        2,
        1,
        1,
        1,
        3,
        1,
        3,
        3,
        3,
        3,
        1,
        3,
        1,
        1,
        3,
        2,
        3,
        3,
        3,
        3,
        1,
        3,
        1,
        3,
        1,
        1,
        1,
        3,
        1,
        3,
        1,
        1,
        3,
        3,
        1,
        3,
        2,
        1,
        3,
        1,
        1,
        3,
        3,
        3,
        1,
        3,
        3,
        3,
        1,
        3,
        3,
        3,
        3,
        3,
        1,
        3,
        1,
        1,
        1,
        1,
        3,
        1,
        1,
        1,
        1,
        2,
        1,
        3,
        3,
        0,
        3,
        3,
        0,
        3,
        3,
        0,
        3,
        1,
        1,
        1,
        0,
        0,
        3,
        0,
        2,
        3,
        3,
        3,
        1,
        3,
        1,
        1,
        0,
        3,
        3,
        3,
        3,
        3,
        3,
        1,
        3,
        3,
        3,
        3,
        3,
        3,
        3,
        2,
        3,
        3,
        3,
        3,
        3,
        3,
        3,
        3,
        3,
        1,
        3,
        3,
        3,
        3,
        3,
        3,
        3,
        3,
        2,
        3,
        3,
        3,
        3,
        3,
        3,
        3,
        3,
        2,
        2,
        3,
        3,
        3,
        3,
        3,
        3,
        3,
        3,
        3,
        3,
        2,
        3,
        3,
        3,
        3,
        3,
        3,
        3,
        3,
        2,
        3,
        3,
        3,
        3,
        3,
        0,
        3,
        0,
        3,
        0,
        3,
        3,
        3,
        3,
        3,
        3,
        1,
        3,
        3,
        3,
        3,
        3,
        3,
        3,
        3,
        3,
        3,
        3,
        3,
        3,
        3,
        3,
        3,
        3,
        3,
        3,
        3,
        3,
        3,
        3,
        3,
        3,
        1,
        3,
        3,
        3,
        3,
        2,
        3,
        3,
        3,
        3,
        3,
        2,
        3,
        3,
        3,
        3,
        3,
        3,
        3,
        3,
        3,
        3,
        3,
        3,
        3,
        3,
        3,
        3,
        1,
        3,
        3,
        3,
        3,
        2,
        3,
        3,
        3,
        3,
        3,
        1,
        3,
        3,
        3,
        3,
        3,
        3,
        3,
        1,
        3,
        3,
        3,
        1,
        0,
        2,
        3,
        3,
        0,
        3,
        3,
        3,
        3,
        2,
        0,
        3,
        3,
        3,
        3,
        2,
        1,
        2,
        2,
        3,
        3,
        0,
        2,
        2,
        3,
        3,
        1,
        2,
        1,
        3,
        3,
        2,
        1,
        3,
        3
    ],
    "true_n_subtypes": 4,
    "ml_n_subtypes": 4,
    "correct_bool": 1,
    "absolute_error": 0,
    "relative_error": 0,
    "runtime_cross_validation": 1282.7780303955078
}