{
    "with_labels": 0,
    "burn_in": 500,
    "thinning": 1,
    "runtime": 75.61492133140564,
    "healthy_ratio": 0.24666666666666667,
    "max_log_likelihood": 253.26289101343116,
    "kendalls_tau": 0.13636363636363635,
    "subtype_acc": 0.3294037330663951,
    "n_subtypes": 3,
    "mean_stage_healthy": 0.10810810810810811,
    "ml_subtype": [
        1,
        2,
        1,
        1,
        1,
        2,
        2,
        0,
        2,
        1,
        1,
        2,
        1,
        1,
        2,
        1,
        2,
        2,
        2,
        1,
        2,
        1,
        2,
        2,
        1,
        1,
        1,
        1,
        1,
        2,
        1,
        1,
        1,
        2,
        1,
        1,
        2,
        2,
        2,
        1,
        2,
        1,
        2,
        1,
        1,
        1,
        2,
        2,
        1,
        1,
        1,
        1,
        2,
        1,
        1,
        1,
        1,
        1,
        2,
        1,
        1,
        2,
        1,
        2,
        1,
        1,
        1,
        2,
        2,
        1,
        2,
        1,
        1,
        1,
        1,
        1,
        1,
        2,
        1,
        2,
        0,
        1,
        2,
        2,
        2,
        2,
        2,
        1,
        1,
        1,
        2,
        1,
        2,
        1,
        2,
        1,
        1,
        1,
        1,
        2,
        1,
        1,
        1,
        1,
        1,
        1,
        1,
        1,
        1,
        1,
        1,
        2,
        0,
        0,
        0,
        1,
        1,
        0,
        2,
        0,
        2,
        1,
        1,
        2,
        2,
        2,
        0,
        0,
        0,
        0,
        2,
        1,
        0,
        2,
        0,
        1,
        2,
        0,
        2,
        1,
        2,
        0,
        2,
        2,
        1,
        2,
        2,
        1,
        2,
        2,
        0,
        0,
        0,
        2,
        2,
        2,
        2,
        0,
        2,
        2,
        1,
        1,
        1,
        2,
        0,
        0,
        2,
        2,
        1,
        1,
        2,
        0,
        0,
        1,
        2,
        2,
        2,
        2,
        2,
        2,
        1,
        2,
        0,
        0,
        2,
        2,
        2,
        2,
        0,
        2,
        1,
        2,
        1,
        2,
        2,
        0,
        2,
        2,
        2,
        1,
        2,
        0,
        2,
        1,
        0,
        1,
        2,
        2,
        1,
        0,
        0,
        0,
        2,
        2,
        2,
        2,
        2,
        2,
        2,
        2,
        2,
        2,
        2,
        2,
        2,
        2,
        2,
        2,
        2,
        2,
        2,
        2,
        2,
        2,
        2,
        2,
        2,
        1,
        2,
        2,
        2,
        2,
        2,
        2,
        2,
        2,
        2,
        0,
        2,
        2,
        0,
        2,
        2,
        2,
        2,
        2,
        2,
        2,
        2,
        2,
        2,
        2,
        2,
        2,
        2,
        2,
        2,
        2,
        2,
        2,
        2,
        2,
        2,
        2,
        2,
        2,
        2,
        2,
        2,
        2,
        2,
        2,
        0,
        2,
        2,
        2,
        2,
        2,
        2,
        2,
        2,
        2,
        2,
        0,
        0,
        0,
        2,
        2,
        2,
        2
    ]
}