{
    "with_labels": 0,
    "burn_in": 500,
    "thinning": 1,
    "runtime": 109.58010482788086,
    "healthy_ratio": 0.24666666666666667,
    "max_log_likelihood": 141.1722599154121,
    "kendalls_tau": 0.1414141414141414,
    "subtype_acc": 0.21474648781908276,
    "n_subtypes": 3,
    "mean_stage_healthy": 0.44594594594594594,
    "ml_subtype": [
        0,
        0,
        2,
        0,
        0,
        2,
        2,
        0,
        2,
        1,
        2,
        2,
        2,
        1,
        0,
        0,
        0,
        2,
        0,
        2,
        2,
        0,
        2,
        0,
        2,
        2,
        0,
        2,
        1,
        0,
        2,
        0,
        2,
        2,
        0,
        2,
        2,
        0,
        0,
        0,
        2,
        2,
        2,
        2,
        0,
        0,
        0,
        2,
        2,
        0,
        2,
        2,
        2,
        2,
        2,
        0,
        0,
        2,
        2,
        2,
        2,
        0,
        0,
        2,
        2,
        2,
        1,
        2,
        0,
        2,
        2,
        2,
        2,
        2,
        2,
        2,
        2,
        0,
        2,
        2,
        0,
        0,
        1,
        0,
        0,
        0,
        0,
        2,
        0,
        0,
        0,
        0,
        2,
        0,
        2,
        2,
        0,
        1,
        2,
        2,
        0,
        0,
        0,
        2,
        2,
        2,
        0,
        2,
        2,
        0,
        2,
        1,
        0,
        1,
        2,
        2,
        0,
        0,
        0,
        0,
        0,
        0,
        0,
        0,
        0,
        0,
        0,
        0,
        0,
        0,
        2,
        0,
        0,
        2,
        2,
        0,
        0,
        0,
        0,
        0,
        0,
        0,
        0,
        0,
        0,
        0,
        0,
        0,
        0,
        0,
        0,
        0,
        0,
        0,
        0,
        0,
        0,
        2,
        0,
        0,
        0,
        0,
        0,
        0,
        0,
        0,
        0,
        0,
        1,
        0,
        0,
        0,
        0,
        0,
        0,
        0,
        0,
        0,
        0,
        0,
        0,
        0,
        0,
        2,
        0,
        0,
        0,
        1,
        1,
        1,
        1,
        1,
        1,
        2,
        0,
        0,
        1,
        2,
        1,
        2,
        1,
        1,
        1,
        0,
        0,
        1,
        1,
        1,
        1,
        2,
        1,
        0,
        0,
        0,
        1,
        1,
        2,
        0,
        2,
        0,
        1,
        0,
        0,
        0,
        0,
        0,
        1,
        1,
        2,
        0,
        0,
        1,
        0,
        0,
        1,
        0,
        0,
        1,
        1,
        1,
        1,
        1,
        0,
        2,
        0,
        0,
        0,
        1,
        1,
        0,
        1,
        1,
        0,
        0,
        0,
        2,
        0,
        0,
        1,
        0,
        0,
        0,
        0,
        0,
        0,
        0,
        1,
        0,
        2,
        1,
        0,
        1,
        1,
        1,
        1,
        2,
        1,
        2,
        0,
        1,
        0,
        0,
        1,
        1,
        0,
        0,
        0,
        0,
        0,
        0,
        1,
        0,
        1,
        0,
        0,
        0,
        0,
        0,
        1,
        0
    ]
}