{
    "with_labels": 0,
    "burn_in": 500,
    "thinning": 1,
    "runtime": 96.31942749023438,
    "healthy_ratio": 0.25,
    "max_log_likelihood": -0.5638103411469862,
    "kendalls_tau": 0.5151515151515151,
    "subtype_acc": 0.15916413255130027,
    "n_subtypes": 3,
    "mean_stage_healthy": 0.05333333333333334,
    "ml_subtype": [
        1,
        1,
        1,
        1,
        1,
        1,
        1,
        1,
        1,
        1,
        0,
        2,
        1,
        1,
        2,
        2,
        2,
        2,
        1,
        1,
        2,
        1,
        2,
        2,
        1,
        1,
        1,
        1,
        2,
        1,
        2,
        1,
        2,
        2,
        1,
        2,
        2,
        1,
        2,
        1,
        1,
        2,
        1,
        1,
        1,
        1,
        2,
        1,
        2,
        2,
        1,
        1,
        2,
        1,
        1,
        2,
        1,
        2,
        2,
        1,
        1,
        1,
        2,
        1,
        1,
        1,
        2,
        2,
        1,
        2,
        1,
        1,
        1,
        1,
        2,
        1,
        2,
        1,
        2,
        0,
        1,
        1,
        2,
        2,
        2,
        1,
        1,
        2,
        2,
        2,
        1,
        1,
        2,
        2,
        2,
        1,
        1,
        1,
        1,
        1,
        1,
        2,
        1,
        2,
        1,
        1,
        2,
        1,
        1,
        1,
        2,
        2,
        1,
        2,
        1,
        2,
        0,
        1,
        2,
        0,
        0,
        0,
        2,
        0,
        0,
        1,
        1,
        0,
        1,
        1,
        1,
        0,
        1,
        2,
        0,
        0,
        0,
        1,
        1,
        0,
        2,
        0,
        1,
        1,
        0,
        1,
        1,
        0,
        2,
        0,
        0,
        0,
        1,
        0,
        1,
        2,
        0,
        1,
        1,
        1,
        0,
        2,
        0,
        0,
        1,
        0,
        0,
        0,
        0,
        2,
        1,
        2,
        1,
        0,
        1,
        0,
        1,
        2,
        0,
        0,
        0,
        0,
        0,
        0,
        2,
        0,
        1,
        1,
        2,
        2,
        1,
        1,
        1,
        1,
        1,
        1,
        2,
        2,
        1,
        1,
        2,
        1,
        1,
        1,
        1,
        2,
        1,
        2,
        1,
        1,
        2,
        1,
        2,
        1,
        2,
        2,
        1,
        2,
        0,
        1,
        2,
        1,
        1,
        1,
        2,
        1,
        1,
        0,
        1,
        1,
        2,
        2,
        2,
        1,
        2,
        2,
        2,
        2,
        2,
        2,
        1,
        2,
        1,
        2,
        1,
        2,
        2,
        2,
        2,
        1,
        1,
        1,
        1,
        1,
        2,
        2,
        1,
        1,
        2,
        1,
        2,
        2,
        1,
        2,
        1,
        2,
        2,
        1,
        1,
        1,
        1,
        2,
        1,
        2,
        0,
        2,
        1,
        2,
        0,
        2,
        2,
        0,
        1,
        1,
        1,
        2,
        2,
        2,
        1,
        2,
        1,
        1,
        1,
        2,
        2,
        2,
        1,
        1,
        2,
        2
    ]
}