{
    "with_labels": 0,
    "burn_in": 500,
    "thinning": 1,
    "runtime": 137.60646390914917,
    "healthy_ratio": 0.24666666666666667,
    "max_log_likelihood": 84.48313385415557,
    "kendalls_tau": 0.27575757575757576,
    "subtype_acc": 0.341276873571795,
    "n_subtypes": 5,
    "mean_stage_healthy": 0.5405405405405406,
    "ml_subtype": [
        2,
        2,
        2,
        2,
        2,
        2,
        2,
        2,
        1,
        2,
        2,
        2,
        2,
        2,
        2,
        0,
        2,
        2,
        1,
        2,
        2,
        2,
        2,
        2,
        2,
        2,
        2,
        2,
        2,
        2,
        2,
        2,
        2,
        2,
        2,
        2,
        2,
        2,
        2,
        2,
        2,
        0,
        2,
        2,
        2,
        2,
        2,
        3,
        4,
        2,
        4,
        2,
        2,
        2,
        2,
        2,
        2,
        2,
        2,
        2,
        2,
        2,
        2,
        1,
        1,
        1,
        1,
        1,
        1,
        1,
        1,
        2,
        4,
        1,
        2,
        2,
        1,
        1,
        1,
        2,
        4,
        1,
        0,
        4,
        1,
        2,
        1,
        1,
        2,
        1,
        1,
        1,
        1,
        1,
        2,
        1,
        4,
        1,
        2,
        1,
        2,
        1,
        2,
        1,
        1,
        2,
        4,
        4,
        1,
        1,
        2,
        2,
        1,
        4,
        1,
        2,
        1,
        1,
        1,
        1,
        1,
        4,
        2,
        1,
        1,
        1,
        3,
        2,
        1,
        2,
        2,
        1,
        3,
        3,
        3,
        1,
        1,
        1,
        2,
        3,
        2,
        1,
        3,
        3,
        2,
        2,
        3,
        2,
        3,
        4,
        3,
        1,
        3,
        2,
        2,
        1,
        3,
        2,
        1,
        1,
        2,
        1,
        3,
        3,
        2,
        2,
        3,
        3,
        2,
        2,
        1,
        3,
        3,
        1,
        3,
        3,
        1,
        2,
        3,
        3,
        2,
        4,
        2,
        4,
        0,
        1,
        4,
        4,
        2,
        2,
        4,
        4,
        2,
        4,
        4,
        1,
        2,
        4,
        2,
        4,
        4,
        1,
        4,
        2,
        4,
        4,
        4,
        2,
        4,
        4,
        2,
        4,
        4,
        3,
        0,
        2,
        4,
        2,
        2,
        4,
        2,
        2,
        4,
        2,
        3,
        4,
        4,
        4,
        4,
        4,
        0,
        2,
        2,
        2,
        2,
        2,
        1,
        4,
        2,
        4,
        4,
        3,
        4,
        2,
        4,
        2,
        4,
        4,
        4,
        4,
        2,
        2,
        2,
        1,
        2,
        4,
        4,
        2,
        2,
        2,
        2,
        2,
        2,
        1,
        1,
        2,
        2,
        2,
        4,
        2,
        2,
        3,
        3,
        2,
        2,
        1,
        4,
        2,
        4,
        2,
        4,
        2,
        2,
        3,
        4,
        2,
        3,
        2,
        2,
        2,
        2,
        2,
        2,
        2,
        4,
        2,
        2,
        2,
        2,
        2
    ],
    "true_n_subtypes": 5,
    "ml_n_subtypes": 4,
    "correct_bool": 0,
    "absolute_error": 1,
    "relative_error": -1,
    "runtime_cross_validation": 1728.0542812347412
}