{
    "with_labels": 0,
    "burn_in": 500,
    "thinning": 1,
    "runtime": 110.2686996459961,
    "healthy_ratio": 0.24666666666666667,
    "max_log_likelihood": -508.38048377939396,
    "kendalls_tau": 0.3522727272727273,
    "subtype_acc": 0.07613325165858091,
    "n_subtypes": 4,
    "mean_stage_healthy": 0.8918918918918919,
    "ml_subtype": [
        1,
        1,
        1,
        1,
        1,
        1,
        1,
        1,
        1,
        1,
        1,
        3,
        1,
        1,
        1,
        1,
        1,
        1,
        1,
        1,
        0,
        1,
        1,
        1,
        1,
        1,
        3,
        0,
        3,
        1,
        3,
        0,
        3,
        1,
        1,
        1,
        1,
        1,
        1,
        3,
        3,
        1,
        3,
        2,
        1,
        1,
        0,
        3,
        1,
        0,
        1,
        1,
        1,
        1,
        1,
        3,
        1,
        0,
        3,
        1,
        1,
        1,
        3,
        1,
        0,
        1,
        1,
        1,
        3,
        0,
        0,
        1,
        1,
        1,
        1,
        1,
        1,
        3,
        0,
        1,
        1,
        0,
        0,
        0,
        1,
        3,
        1,
        1,
        0,
        1,
        0,
        1,
        1,
        3,
        1,
        3,
        1,
        1,
        3,
        1,
        1,
        1,
        1,
        2,
        1,
        3,
        0,
        3,
        0,
        1,
        1,
        1,
        1,
        3,
        1,
        3,
        1,
        0,
        1,
        1,
        0,
        0,
        1,
        0,
        0,
        1,
        0,
        0,
        0,
        3,
        0,
        3,
        0,
        0,
        0,
        0,
        1,
        3,
        1,
        1,
        0,
        0,
        0,
        2,
        0,
        0,
        2,
        1,
        0,
        0,
        0,
        1,
        1,
        0,
        1,
        0,
        1,
        0,
        3,
        0,
        0,
        1,
        1,
        0,
        0,
        1,
        1,
        1,
        0,
        1,
        1,
        1,
        3,
        0,
        3,
        3,
        1,
        0,
        1,
        1,
        0,
        1,
        1,
        0,
        1,
        3,
        0,
        0,
        0,
        3,
        1,
        2,
        1,
        3,
        0,
        1,
        2,
        0,
        1,
        1,
        0,
        1,
        3,
        0,
        0,
        1,
        0,
        0,
        2,
        1,
        0,
        1,
        2,
        1,
        3,
        1,
        3,
        0,
        1,
        3,
        0,
        1,
        1,
        0,
        0,
        0,
        1,
        0,
        0,
        1,
        1,
        0,
        0,
        0,
        1,
        3,
        1,
        2,
        3,
        0,
        0,
        0,
        1,
        2,
        0,
        1,
        3,
        0,
        3,
        1,
        1,
        2,
        1,
        0,
        3,
        1,
        0,
        1,
        1,
        1,
        3,
        0,
        0,
        0,
        3,
        2,
        0,
        3,
        0,
        0,
        1,
        2,
        1,
        1,
        0,
        3,
        1,
        1,
        0,
        0,
        0,
        3,
        1,
        1,
        0,
        1,
        3,
        0,
        0,
        3,
        0,
        1,
        0,
        0,
        0,
        1,
        1,
        0,
        1,
        1
    ]
}