{
    "with_labels": 0,
    "burn_in": 500,
    "thinning": 1,
    "runtime": 133.69136500358582,
    "healthy_ratio": 0.5,
    "max_log_likelihood": -640.6148564458642,
    "kendalls_tau": 0.2929292929292929,
    "subtype_acc": 0.14347878164641095,
    "n_subtypes": 3,
    "mean_stage_healthy": 0.292,
    "ml_subtype": [
        0,
        0,
        0,
        0,
        0,
        0,
        0,
        0,
        2,
        0,
        0,
        0,
        0,
        0,
        0,
        0,
        0,
        0,
        0,
        0,
        0,
        0,
        0,
        0,
        0,
        0,
        2,
        1,
        0,
        0,
        0,
        2,
        0,
        0,
        2,
        0,
        0,
        0,
        0,
        0,
        2,
        0,
        0,
        0,
        0,
        0,
        0,
        0,
        0,
        2,
        0,
        0,
        0,
        0,
        0,
        0,
        0,
        0,
        1,
        0,
        0,
        0,
        0,
        0,
        0,
        0,
        0,
        1,
        0,
        0,
        0,
        0,
        0,
        0,
        1,
        0,
        0,
        0,
        0,
        0,
        0,
        0,
        0,
        0,
        2,
        0,
        0,
        0,
        1,
        0,
        0,
        0,
        0,
        0,
        0,
        0,
        2,
        0,
        0,
        2,
        2,
        0,
        0,
        1,
        0,
        0,
        0,
        0,
        0,
        0,
        0,
        0,
        0,
        2,
        0,
        2,
        0,
        0,
        0,
        1,
        0,
        0,
        0,
        0,
        0,
        1,
        0,
        0,
        0,
        0,
        0,
        2,
        0,
        0,
        0,
        0,
        0,
        0,
        0,
        0,
        0,
        2,
        2,
        1,
        0,
        0,
        0,
        0,
        0,
        0,
        2,
        0,
        2,
        0,
        0,
        0,
        0,
        0,
        0,
        0,
        0,
        0,
        0,
        0,
        0,
        2,
        0,
        0,
        0,
        0,
        0,
        0,
        0,
        0,
        2,
        0,
        0,
        2,
        0,
        0,
        0,
        0,
        0,
        2,
        0,
        0,
        0,
        0,
        0,
        0,
        2,
        0,
        1,
        0,
        0,
        0,
        0,
        0,
        0,
        2,
        0,
        0,
        2,
        0,
        0,
        0,
        0,
        0,
        0,
        1,
        2,
        2,
        2,
        0,
        0,
        0,
        1,
        0,
        0,
        0,
        0,
        2,
        1,
        1,
        0,
        2,
        0,
        1,
        2,
        0,
        0,
        0,
        2,
        1,
        0,
        0,
        0,
        0,
        0,
        2,
        0,
        1,
        2,
        2,
        1,
        2,
        0,
        0,
        0,
        0,
        0,
        0,
        0,
        0,
        0,
        0,
        2,
        0,
        2,
        2,
        2,
        2,
        2,
        0,
        2,
        2,
        0,
        0,
        2,
        0,
        0,
        2,
        0,
        0,
        2,
        0,
        0,
        0,
        0,
        1,
        2,
        0,
        1,
        0,
        0,
        0,
        0,
        0,
        0,
        0,
        2,
        0,
        0,
        0,
        0,
        2,
        0,
        0,
        0,
        1,
        0,
        2,
        0,
        0,
        0,
        1,
        2,
        2,
        0,
        0,
        2,
        0,
        2,
        0,
        0,
        0,
        0,
        2,
        2,
        0,
        0,
        1,
        2,
        0,
        2,
        2,
        0,
        1,
        2,
        2,
        0,
        0,
        0,
        1,
        0,
        0,
        0,
        0,
        0,
        0,
        0,
        0,
        0,
        0,
        0,
        0,
        0,
        2,
        0,
        2,
        1,
        0,
        2,
        0,
        0,
        2,
        0,
        1,
        2,
        2,
        0,
        2,
        0,
        2,
        0,
        0,
        1,
        2,
        2,
        2,
        0,
        0,
        0,
        2,
        2,
        0,
        2,
        0,
        0,
        0,
        0,
        0,
        0,
        1,
        0,
        0,
        2,
        0,
        0,
        0,
        0,
        2,
        0,
        0,
        0,
        0,
        2,
        0,
        1,
        2,
        2,
        0,
        2,
        0,
        0,
        0,
        0,
        0,
        2,
        2,
        0,
        1,
        0,
        0,
        2,
        0,
        0,
        2,
        2,
        0,
        0,
        0,
        0,
        2,
        0,
        2,
        0,
        2,
        2,
        2,
        0,
        1,
        0,
        2,
        2,
        0,
        2,
        2,
        0,
        0,
        2,
        2,
        0,
        1,
        0,
        2,
        0,
        0,
        0,
        2,
        2,
        2,
        0,
        0,
        0,
        0,
        0,
        2,
        2,
        1,
        0,
        2,
        0,
        0,
        2,
        0,
        0,
        0,
        2,
        0,
        0,
        2,
        0,
        0,
        2,
        0,
        0,
        2,
        0,
        0,
        1,
        2,
        0,
        0,
        0,
        0,
        0,
        0,
        2,
        0,
        0,
        2,
        0,
        0,
        2,
        2,
        0,
        0,
        2,
        0
    ]
}