{
    "with_labels": 0,
    "burn_in": 500,
    "thinning": 1,
    "runtime": 191.98776865005493,
    "healthy_ratio": 0.24849699398797595,
    "max_log_likelihood": 378.68997592314366,
    "kendalls_tau": 0.20075757575757575,
    "subtype_acc": 0.6215012367872581,
    "n_subtypes": 4,
    "mean_stage_healthy": 0.1935483870967742,
    "ml_subtype": [
        2,
        1,
        1,
        1,
        3,
        3,
        1,
        1,
        1,
        1,
        1,
        1,
        2,
        1,
        1,
        1,
        1,
        2,
        1,
        1,
        3,
        1,
        2,
        3,
        1,
        1,
        3,
        3,
        1,
        1,
        3,
        1,
        1,
        1,
        1,
        1,
        0,
        1,
        2,
        1,
        1,
        3,
        1,
        2,
        1,
        1,
        1,
        2,
        1,
        0,
        3,
        1,
        2,
        1,
        1,
        1,
        1,
        1,
        2,
        1,
        3,
        3,
        3,
        3,
        3,
        1,
        1,
        3,
        3,
        3,
        3,
        1,
        3,
        1,
        1,
        3,
        3,
        3,
        3,
        3,
        3,
        3,
        3,
        3,
        3,
        3,
        3,
        3,
        1,
        3,
        3,
        3,
        3,
        3,
        3,
        3,
        3,
        3,
        2,
        3,
        3,
        3,
        1,
        3,
        3,
        1,
        1,
        3,
        3,
        3,
        1,
        3,
        3,
        3,
        2,
        3,
        3,
        1,
        1,
        3,
        3,
        3,
        3,
        3,
        3,
        3,
        3,
        1,
        3,
        3,
        3,
        3,
        3,
        2,
        3,
        1,
        3,
        1,
        3,
        1,
        3,
        3,
        3,
        3,
        1,
        3,
        3,
        3,
        3,
        3,
        1,
        3,
        3,
        3,
        3,
        3,
        3,
        1,
        3,
        3,
        1,
        3,
        2,
        1,
        3,
        1,
        1,
        1,
        1,
        3,
        1,
        3,
        3,
        1,
        3,
        3,
        3,
        1,
        3,
        1,
        3,
        2,
        1,
        1,
        3,
        3,
        3,
        1,
        3,
        3,
        1,
        3,
        1,
        3,
        1,
        3,
        1,
        3,
        3,
        3,
        3,
        2,
        1,
        2,
        2,
        2,
        2,
        2,
        2,
        1,
        2,
        2,
        2,
        2,
        2,
        1,
        2,
        2,
        1,
        1,
        1,
        1,
        2,
        2,
        2,
        2,
        2,
        2,
        1,
        1,
        1,
        1,
        2,
        2,
        1,
        1,
        1,
        2,
        1,
        2,
        2,
        3,
        2,
        2,
        1,
        1,
        2,
        1,
        2,
        2,
        1,
        1,
        2,
        2,
        1,
        1,
        2,
        1,
        1,
        2,
        2,
        2,
        2,
        2,
        2,
        1,
        1,
        2,
        2,
        2,
        3,
        2,
        2,
        2,
        2,
        2,
        1,
        1,
        2,
        2,
        3,
        1,
        2,
        2,
        2,
        2,
        2,
        2,
        1,
        2,
        2,
        3,
        1,
        2,
        1,
        2,
        3,
        1,
        1,
        1,
        1,
        1,
        1,
        1,
        1,
        1,
        1,
        1,
        1,
        1,
        1,
        1,
        1,
        1,
        1,
        1,
        1,
        1,
        1,
        1,
        1,
        1,
        1,
        1,
        1,
        1,
        1,
        1,
        1,
        1,
        1,
        2,
        1,
        1,
        1,
        1,
        1,
        1,
        1,
        1,
        1,
        1,
        1,
        1,
        1,
        1,
        1,
        1,
        1,
        1,
        1,
        1,
        1,
        1,
        1,
        1,
        1,
        1,
        1,
        1,
        1,
        1,
        1,
        1,
        1,
        1,
        1,
        1,
        1,
        1,
        1,
        1,
        1,
        1,
        1,
        1,
        1,
        1,
        1,
        1,
        1,
        1,
        1,
        3,
        1,
        1,
        1,
        1,
        1,
        1,
        1,
        1,
        1,
        1,
        1,
        1,
        1,
        1,
        1,
        1,
        1,
        1,
        1,
        2,
        1,
        1,
        1,
        1,
        1,
        1,
        0,
        1,
        1,
        1,
        1,
        1,
        1,
        1,
        1,
        1,
        1,
        1,
        1,
        1,
        3,
        1,
        1,
        1,
        1,
        1,
        1,
        1,
        1,
        1,
        1,
        2,
        1,
        1,
        1,
        1,
        1,
        1,
        1,
        1,
        3,
        1,
        1,
        1,
        1,
        3,
        1,
        1,
        1,
        1,
        1,
        1,
        1,
        1,
        1,
        1,
        1,
        1,
        1,
        1,
        1,
        1,
        1,
        1,
        1,
        1,
        1,
        1,
        1,
        1,
        1,
        1,
        1,
        1,
        1,
        3,
        1,
        1,
        1,
        1,
        1,
        1,
        1,
        1,
        1,
        1,
        1,
        1,
        1,
        1,
        2,
        1,
        1,
        1,
        1
    ],
    "true_n_subtypes": 4,
    "ml_n_subtypes": 3,
    "correct_bool": 0,
    "absolute_error": 1,
    "relative_error": -1,
    "runtime_cross_validation": 2768.0965054035187
}