{
    "with_labels": 0,
    "burn_in": 500,
    "thinning": 1,
    "runtime": 122.40037870407104,
    "healthy_ratio": 0.248,
    "max_log_likelihood": 396.54806011193205,
    "kendalls_tau": 0.21717171717171715,
    "subtype_acc": 0.4088114390450931,
    "n_subtypes": 3,
    "mean_stage_healthy": 0.12903225806451613,
    "ml_subtype": [
        0,
        1,
        0,
        1,
        1,
        0,
        0,
        1,
        0,
        0,
        0,
        0,
        0,
        0,
        0,
        0,
        1,
        0,
        2,
        0,
        0,
        1,
        1,
        0,
        1,
        1,
        1,
        0,
        0,
        0,
        1,
        0,
        1,
        0,
        0,
        0,
        0,
        1,
        1,
        0,
        0,
        0,
        2,
        0,
        0,
        0,
        0,
        0,
        0,
        1,
        0,
        0,
        0,
        0,
        1,
        0,
        0,
        0,
        1,
        1,
        0,
        0,
        1,
        1,
        1,
        0,
        0,
        0,
        0,
        0,
        1,
        0,
        0,
        1,
        1,
        1,
        0,
        0,
        0,
        0,
        0,
        1,
        0,
        0,
        0,
        0,
        1,
        0,
        0,
        0,
        0,
        1,
        0,
        0,
        0,
        0,
        0,
        1,
        0,
        0,
        0,
        2,
        1,
        1,
        0,
        0,
        0,
        1,
        0,
        1,
        2,
        1,
        1,
        0,
        0,
        0,
        0,
        0,
        0,
        1,
        0,
        1,
        1,
        0,
        0,
        1,
        1,
        1,
        0,
        1,
        0,
        1,
        2,
        1,
        1,
        1,
        1,
        2,
        1,
        1,
        1,
        2,
        1,
        1,
        1,
        1,
        0,
        1,
        1,
        1,
        1,
        1,
        1,
        1,
        1,
        1,
        1,
        1,
        1,
        2,
        1,
        1,
        1,
        1,
        1,
        1,
        1,
        1,
        1,
        1,
        1,
        1,
        1,
        2,
        1,
        1,
        1,
        1,
        2,
        1,
        1,
        1,
        2,
        1,
        1,
        1,
        1,
        1,
        1,
        1,
        0,
        1,
        1,
        1,
        2,
        1,
        1,
        1,
        1,
        1,
        1,
        1,
        1,
        0,
        1,
        1,
        1,
        0,
        1,
        1,
        1,
        1,
        1,
        0,
        1,
        1,
        1,
        2,
        1,
        1,
        0,
        1,
        0,
        1,
        1,
        1,
        1,
        1,
        1,
        1,
        0,
        1,
        0,
        1,
        1,
        1,
        1,
        1,
        1,
        1,
        1,
        2,
        1,
        1,
        1,
        0,
        1,
        2,
        1,
        1,
        1,
        1,
        1,
        0,
        1,
        0,
        1,
        1,
        1,
        1,
        1,
        2,
        1,
        1,
        1,
        1,
        1,
        0,
        2,
        1,
        1,
        1,
        2,
        1,
        1,
        1,
        1,
        1,
        0,
        1,
        1,
        1,
        0,
        0,
        1,
        0,
        2,
        1,
        1,
        1,
        1,
        1,
        1,
        1,
        1,
        2,
        1,
        1,
        1,
        2,
        1,
        1,
        2,
        0,
        1,
        2,
        1,
        1,
        2,
        0,
        1,
        2,
        1,
        2,
        1,
        2,
        0,
        2,
        2,
        1,
        2,
        2,
        2,
        2,
        2,
        2,
        2,
        0,
        2,
        1,
        1,
        1,
        2,
        2,
        2,
        1,
        1,
        2,
        2,
        1,
        0,
        2,
        1,
        0,
        1,
        0,
        2,
        1,
        1,
        1,
        2,
        2,
        1,
        1,
        2,
        0,
        1,
        2,
        1,
        2,
        0,
        2,
        0,
        1,
        1,
        2,
        2,
        2,
        2,
        0,
        1,
        2,
        2,
        2,
        1,
        2,
        2,
        2,
        1,
        2,
        2,
        2,
        1,
        1,
        2,
        1,
        1,
        2,
        1,
        1,
        2,
        2,
        2,
        0,
        1,
        1,
        2,
        2,
        0,
        1,
        0,
        1,
        1,
        1,
        2,
        2,
        0,
        2,
        2,
        1,
        2,
        0,
        1,
        2,
        2,
        2,
        2,
        2,
        1,
        1,
        2,
        2,
        2,
        1,
        1,
        2,
        2,
        2,
        0,
        1,
        1,
        0,
        2,
        1,
        2,
        2,
        2,
        2,
        1,
        2,
        2,
        1,
        2,
        0,
        0,
        2,
        2,
        2,
        2,
        1,
        2,
        0,
        2,
        0,
        1,
        0,
        1,
        2,
        2,
        2,
        0,
        2,
        2,
        1,
        2,
        2,
        2,
        2,
        2,
        2,
        2,
        0,
        2,
        2,
        0,
        1,
        1,
        2,
        1,
        1,
        2,
        2,
        2,
        2,
        2,
        2,
        2,
        2,
        2,
        2,
        2,
        0,
        0,
        2,
        2,
        0,
        2,
        2,
        1,
        1
    ]
}