{
    "with_labels": 0,
    "burn_in": 500,
    "thinning": 1,
    "runtime": 143.75025033950806,
    "healthy_ratio": 0.248,
    "max_log_likelihood": 425.04174051366556,
    "kendalls_tau": 0.4204545454545454,
    "subtype_acc": 0.5646536130226255,
    "n_subtypes": 4,
    "mean_stage_healthy": 3.379032258064516,
    "ml_subtype": [
        2,
        1,
        2,
        1,
        1,
        2,
        2,
        1,
        1,
        1,
        2,
        1,
        2,
        2,
        1,
        1,
        1,
        2,
        1,
        1,
        2,
        2,
        1,
        1,
        1,
        1,
        1,
        1,
        1,
        1,
        1,
        1,
        1,
        1,
        1,
        2,
        2,
        1,
        1,
        1,
        1,
        1,
        2,
        2,
        2,
        1,
        1,
        1,
        1,
        1,
        1,
        1,
        2,
        1,
        1,
        2,
        1,
        1,
        1,
        2,
        1,
        1,
        2,
        2,
        2,
        1,
        2,
        2,
        2,
        0,
        2,
        1,
        1,
        1,
        1,
        1,
        2,
        1,
        1,
        1,
        1,
        2,
        1,
        1,
        1,
        1,
        1,
        1,
        1,
        1,
        1,
        2,
        1,
        2,
        1,
        1,
        1,
        1,
        2,
        1,
        1,
        1,
        1,
        1,
        1,
        1,
        2,
        2,
        2,
        1,
        1,
        1,
        1,
        1,
        2,
        2,
        1,
        1,
        1,
        1,
        1,
        1,
        1,
        1,
        0,
        0,
        1,
        1,
        1,
        1,
        1,
        1,
        1,
        1,
        1,
        1,
        1,
        1,
        1,
        1,
        1,
        1,
        1,
        1,
        1,
        1,
        1,
        0,
        1,
        1,
        1,
        1,
        1,
        1,
        1,
        1,
        1,
        1,
        1,
        1,
        1,
        1,
        1,
        1,
        1,
        1,
        1,
        1,
        1,
        1,
        1,
        1,
        1,
        1,
        1,
        1,
        1,
        1,
        1,
        1,
        1,
        1,
        1,
        1,
        1,
        1,
        1,
        1,
        1,
        1,
        1,
        1,
        1,
        1,
        1,
        1,
        1,
        1,
        1,
        1,
        1,
        1,
        1,
        1,
        1,
        1,
        1,
        1,
        1,
        1,
        1,
        1,
        1,
        1,
        1,
        1,
        1,
        1,
        1,
        1,
        1,
        1,
        1,
        1,
        1,
        1,
        1,
        1,
        1,
        1,
        1,
        1,
        1,
        1,
        1,
        1,
        1,
        1,
        1,
        1,
        1,
        1,
        1,
        1,
        1,
        1,
        1,
        1,
        1,
        1,
        1,
        1,
        1,
        1,
        1,
        1,
        1,
        1,
        1,
        1,
        1,
        1,
        1,
        1,
        1,
        1,
        1,
        1,
        1,
        1,
        1,
        1,
        1,
        1,
        1,
        1,
        1,
        1,
        1,
        1,
        1,
        1,
        2,
        2,
        1,
        2,
        1,
        2,
        2,
        1,
        2,
        2,
        2,
        2,
        1,
        2,
        2,
        2,
        2,
        1,
        2,
        2,
        2,
        2,
        1,
        1,
        2,
        2,
        2,
        2,
        2,
        1,
        2,
        2,
        1,
        2,
        2,
        1,
        2,
        2,
        2,
        2,
        2,
        2,
        2,
        2,
        1,
        2,
        2,
        2,
        2,
        2,
        1,
        1,
        2,
        2,
        1,
        2,
        2,
        2,
        1,
        2,
        2,
        2,
        2,
        2,
        2,
        2,
        2,
        2,
        2,
        0,
        2,
        2,
        1,
        1,
        2,
        2,
        1,
        2,
        2,
        2,
        2,
        2,
        1,
        2,
        2,
        1,
        0,
        0,
        0,
        0,
        1,
        1,
        0,
        0,
        0,
        1,
        0,
        0,
        1,
        0,
        0,
        1,
        0,
        1,
        0,
        1,
        0,
        0,
        0,
        0,
        1,
        0,
        0,
        1,
        0,
        1,
        0,
        1,
        2,
        0,
        0,
        0,
        0,
        0,
        1,
        0,
        1,
        0,
        0,
        0,
        0,
        0,
        0,
        0,
        0,
        1,
        0,
        1,
        1,
        1,
        0,
        0,
        1,
        1,
        0,
        0,
        0,
        1,
        0,
        0,
        0,
        0,
        0,
        1,
        0,
        0,
        1,
        0,
        0,
        0,
        0,
        0,
        1,
        0,
        0,
        1,
        0,
        0,
        1,
        0,
        1,
        1,
        0,
        0,
        0,
        0,
        1,
        0,
        0,
        0,
        0,
        0,
        1,
        0,
        1,
        1,
        0,
        1,
        0,
        0,
        0,
        0,
        0,
        1,
        0,
        0,
        0,
        0,
        0,
        0,
        0,
        0,
        1,
        1,
        0,
        0,
        0,
        0,
        1,
        1,
        0,
        0,
        0,
        0,
        1,
        0,
        0,
        0
    ]
}