{
    "with_labels": 0,
    "burn_in": 500,
    "thinning": 1,
    "runtime": 204.40463042259216,
    "healthy_ratio": 0.246,
    "max_log_likelihood": 594.8947698494028,
    "kendalls_tau": 0.2303030303030303,
    "subtype_acc": 0.14957474022419454,
    "n_subtypes": 5,
    "mean_stage_healthy": 0.0975609756097561,
    "ml_subtype": [
        2,
        0,
        0,
        4,
        3,
        2,
        3,
        3,
        2,
        0,
        3,
        2,
        0,
        2,
        2,
        3,
        2,
        0,
        0,
        1,
        2,
        2,
        0,
        2,
        3,
        2,
        0,
        3,
        0,
        0,
        0,
        3,
        0,
        2,
        3,
        0,
        3,
        4,
        0,
        2,
        3,
        3,
        2,
        3,
        2,
        0,
        0,
        2,
        0,
        0,
        0,
        0,
        0,
        0,
        0,
        3,
        3,
        2,
        0,
        3,
        0,
        3,
        0,
        0,
        0,
        0,
        3,
        0,
        2,
        2,
        2,
        0,
        2,
        2,
        3,
        3,
        3,
        3,
        2,
        3,
        3,
        3,
        2,
        3,
        4,
        2,
        0,
        0,
        0,
        2,
        2,
        0,
        2,
        2,
        0,
        2,
        0,
        3,
        3,
        0,
        0,
        0,
        3,
        3,
        0,
        2,
        3,
        3,
        3,
        0,
        2,
        2,
        0,
        0,
        2,
        0,
        2,
        2,
        3,
        3,
        2,
        2,
        0,
        0,
        0,
        0,
        2,
        0,
        0,
        3,
        0,
        2,
        3,
        3,
        3,
        3,
        2,
        3,
        2,
        3,
        3,
        2,
        2,
        0,
        0,
        2,
        2,
        3,
        3,
        2,
        3,
        0,
        0,
        0,
        0,
        0,
        0,
        3,
        0,
        0,
        3,
        3,
        0,
        3,
        2,
        3,
        0,
        3,
        3,
        0,
        0,
        3,
        2,
        0,
        3,
        0,
        2,
        2,
        2,
        3,
        1,
        0,
        3,
        3,
        3,
        0,
        0,
        0,
        2,
        0,
        0,
        3,
        0,
        0,
        2,
        2,
        0,
        0,
        3,
        3,
        2,
        3,
        0,
        0,
        3,
        2,
        3,
        2,
        0,
        0,
        0,
        0,
        3,
        0,
        0,
        2,
        2,
        0,
        3,
        0,
        0,
        3,
        2,
        2,
        2,
        0,
        3,
        0,
        3,
        3,
        3,
        0,
        2,
        0,
        0,
        2,
        3,
        3,
        3,
        3,
        2,
        0,
        3,
        2,
        0,
        3,
        3,
        3,
        3,
        2,
        3,
        2,
        0,
        2,
        0,
        3,
        0,
        3,
        0,
        0,
        4,
        4,
        0,
        0,
        0,
        0,
        0,
        2,
        4,
        4,
        1,
        0,
        3,
        0,
        0,
        2,
        0,
        3,
        3,
        0,
        1,
        0,
        3,
        3,
        0,
        3,
        0,
        4,
        0,
        4,
        4,
        3,
        3,
        0,
        3,
        4,
        0,
        0,
        4,
        0,
        3,
        0,
        3,
        0,
        4,
        3,
        4,
        0,
        4,
        0,
        0,
        4,
        4,
        0,
        0,
        4,
        0,
        0,
        3,
        2,
        3,
        4,
        4,
        0,
        0,
        0,
        0,
        0,
        0,
        0,
        0,
        0,
        0,
        0,
        0,
        0,
        0,
        0,
        0,
        0,
        0,
        0,
        0,
        0,
        0,
        0,
        0,
        0,
        0,
        0,
        0,
        2,
        0,
        0,
        0,
        0,
        0,
        0,
        2,
        0,
        0,
        0,
        0,
        0,
        0,
        0,
        0,
        0,
        0,
        0,
        0,
        0,
        0,
        0,
        0,
        0,
        0,
        0,
        0,
        2,
        0,
        0,
        0,
        0,
        0,
        0,
        0,
        0,
        0,
        0,
        0,
        3,
        0,
        0,
        2,
        3,
        0,
        0,
        3,
        0,
        0,
        0,
        0,
        0,
        0,
        0,
        0,
        0,
        0,
        0,
        0,
        0,
        2,
        0,
        0,
        0,
        0,
        0,
        3,
        0,
        0,
        2,
        0,
        0,
        0,
        0,
        0,
        0,
        0,
        0,
        3,
        0,
        3,
        1,
        0,
        1,
        0,
        0,
        0,
        3,
        0,
        0,
        0,
        0,
        0,
        0,
        0,
        0,
        0,
        0,
        0,
        1,
        0,
        0,
        0,
        3,
        0,
        3,
        1,
        0,
        3,
        0,
        2,
        2,
        1,
        2,
        0,
        0,
        0,
        0,
        0,
        0,
        0,
        0,
        1,
        3,
        0,
        1,
        0,
        3,
        0,
        0,
        0,
        0,
        1,
        1,
        0,
        0,
        0,
        0,
        3,
        3,
        0,
        0,
        0,
        2,
        0,
        1,
        3,
        0
    ]
}