{
    "with_labels": 0,
    "burn_in": 500,
    "thinning": 1,
    "runtime": 152.33008408546448,
    "healthy_ratio": 0.24550898203592814,
    "max_log_likelihood": -989.2963060611677,
    "kendalls_tau": 0.3143939393939394,
    "subtype_acc": 0.05258566934662658,
    "n_subtypes": 4,
    "mean_stage_healthy": 0.34959349593495936,
    "ml_subtype": [
        3,
        3,
        2,
        2,
        3,
        3,
        3,
        0,
        3,
        2,
        2,
        3,
        2,
        3,
        3,
        3,
        3,
        2,
        2,
        2,
        2,
        2,
        3,
        2,
        2,
        3,
        2,
        2,
        3,
        2,
        2,
        3,
        3,
        3,
        2,
        2,
        3,
        3,
        2,
        3,
        3,
        2,
        2,
        2,
        3,
        0,
        3,
        3,
        3,
        3,
        2,
        2,
        2,
        0,
        3,
        2,
        3,
        3,
        2,
        3,
        3,
        3,
        3,
        3,
        3,
        2,
        2,
        3,
        2,
        0,
        3,
        3,
        2,
        2,
        3,
        2,
        2,
        3,
        2,
        2,
        2,
        2,
        0,
        2,
        3,
        2,
        2,
        3,
        3,
        2,
        2,
        2,
        3,
        2,
        2,
        2,
        2,
        3,
        2,
        3,
        0,
        3,
        2,
        2,
        2,
        3,
        3,
        3,
        2,
        2,
        3,
        3,
        3,
        2,
        2,
        3,
        2,
        3,
        3,
        2,
        2,
        3,
        2,
        2,
        2,
        3,
        2,
        2,
        3,
        3,
        2,
        3,
        3,
        0,
        3,
        3,
        2,
        2,
        2,
        3,
        2,
        2,
        2,
        2,
        3,
        3,
        2,
        3,
        3,
        3,
        3,
        3,
        2,
        3,
        0,
        3,
        3,
        2,
        2,
        3,
        3,
        2,
        0,
        3,
        3,
        3,
        3,
        2,
        3,
        2,
        2,
        3,
        2,
        2,
        2,
        3,
        3,
        0,
        2,
        3,
        0,
        0,
        2,
        3,
        0,
        3,
        2,
        0,
        3,
        3,
        0,
        3,
        3,
        2,
        3,
        3,
        2,
        0,
        0,
        2,
        2,
        0,
        0,
        0,
        2,
        2,
        2,
        3,
        2,
        3,
        2,
        2,
        2,
        3,
        3,
        2,
        2,
        2,
        2,
        2,
        1,
        2,
        3,
        2,
        2,
        3,
        3,
        2,
        2,
        2,
        3,
        3,
        3,
        3,
        3,
        3,
        2,
        2,
        0,
        2,
        3,
        3,
        3,
        3,
        0,
        2,
        3,
        0,
        3,
        0,
        0,
        2,
        0,
        3,
        0,
        0,
        0,
        3,
        3,
        2,
        3,
        3,
        3,
        0,
        2,
        2,
        2,
        3,
        3,
        2,
        2,
        3,
        2,
        2,
        0,
        0,
        3,
        2,
        3,
        3,
        3,
        2,
        3,
        3,
        3,
        0,
        2,
        2,
        3,
        2,
        3,
        2,
        3,
        0,
        0,
        3,
        2,
        0,
        2,
        2,
        3,
        3,
        0,
        3,
        3,
        3,
        0,
        3,
        0,
        2,
        0,
        2,
        0,
        2,
        2,
        2,
        0,
        2,
        2,
        2,
        0,
        3,
        3,
        3,
        3,
        0,
        3,
        2,
        0,
        2,
        0,
        2,
        2,
        3,
        0,
        2,
        2,
        0,
        2,
        3,
        2,
        3,
        3,
        0,
        3,
        0,
        0,
        3,
        2,
        0,
        0,
        3,
        0,
        0,
        0,
        3,
        0,
        0,
        3,
        3,
        2,
        0,
        2,
        2,
        2,
        2,
        2,
        3,
        3,
        3,
        2,
        3,
        0,
        0,
        0,
        0,
        3,
        2,
        3,
        3,
        3,
        0,
        0,
        2,
        3,
        3,
        3,
        2,
        3,
        2,
        2,
        2,
        0,
        0,
        0,
        3,
        0,
        0,
        3,
        0,
        3,
        0,
        2,
        2,
        2,
        2,
        3,
        2,
        2,
        2,
        0,
        0,
        3,
        0,
        0,
        2,
        3,
        3,
        3,
        2,
        2,
        0,
        0,
        3,
        2,
        2,
        3,
        2,
        3,
        3,
        0,
        0,
        3,
        0,
        0,
        0,
        2,
        2,
        3,
        3,
        0,
        2,
        3,
        0,
        3,
        0,
        3,
        0,
        0,
        3,
        2,
        0,
        0,
        3,
        3,
        3,
        3,
        2,
        2,
        3,
        3,
        3,
        2,
        2,
        2,
        0,
        0,
        0,
        0,
        3,
        3,
        3,
        3,
        2,
        2,
        0,
        3,
        2,
        0,
        3,
        3,
        2,
        0,
        3,
        0,
        0,
        3,
        3,
        0,
        3,
        2,
        0,
        3,
        2,
        3,
        3,
        2,
        3,
        0,
        3,
        3
    ]
}