{
    "with_labels": 0,
    "burn_in": 500,
    "thinning": 1,
    "runtime": 180.9723813533783,
    "healthy_ratio": 0.5,
    "max_log_likelihood": 1181.6203488840179,
    "kendalls_tau": 0.20707070707070707,
    "subtype_acc": 0.17334218181274488,
    "n_subtypes": 3,
    "mean_stage_healthy": 0.06,
    "ml_subtype": [
        0,
        1,
        0,
        0,
        1,
        0,
        0,
        2,
        0,
        0,
        1,
        0,
        0,
        2,
        1,
        0,
        0,
        0,
        0,
        0,
        0,
        0,
        0,
        0,
        2,
        0,
        0,
        0,
        2,
        2,
        2,
        2,
        0,
        2,
        0,
        0,
        0,
        2,
        2,
        0,
        2,
        2,
        0,
        0,
        2,
        2,
        2,
        0,
        0,
        0,
        2,
        0,
        0,
        0,
        0,
        0,
        2,
        0,
        0,
        2,
        2,
        2,
        0,
        2,
        0,
        0,
        0,
        2,
        2,
        0,
        0,
        0,
        0,
        0,
        2,
        0,
        0,
        2,
        2,
        0,
        0,
        0,
        0,
        2,
        2,
        0,
        0,
        0,
        2,
        0,
        0,
        2,
        0,
        0,
        0,
        0,
        2,
        2,
        0,
        2,
        0,
        0,
        2,
        2,
        0,
        2,
        0,
        0,
        2,
        0,
        0,
        2,
        0,
        2,
        0,
        0,
        0,
        2,
        0,
        2,
        0,
        2,
        0,
        2,
        2,
        0,
        0,
        2,
        0,
        0,
        0,
        2,
        0,
        0,
        2,
        0,
        0,
        0,
        2,
        0,
        2,
        2,
        2,
        0,
        0,
        0,
        0,
        0,
        2,
        0,
        2,
        0,
        0,
        2,
        2,
        2,
        2,
        0,
        0,
        0,
        0,
        2,
        0,
        0,
        0,
        0,
        2,
        0,
        2,
        2,
        2,
        0,
        0,
        0,
        0,
        0,
        0,
        2,
        2,
        0,
        2,
        0,
        0,
        0,
        0,
        2,
        2,
        0,
        2,
        0,
        0,
        2,
        2,
        0,
        2,
        0,
        0,
        0,
        0,
        0,
        0,
        2,
        2,
        2,
        0,
        2,
        2,
        2,
        2,
        2,
        2,
        0,
        0,
        0,
        2,
        0,
        0,
        2,
        0,
        0,
        2,
        0,
        2,
        0,
        0,
        0,
        2,
        0,
        0,
        0,
        2,
        0,
        0,
        0,
        0,
        2,
        2,
        0,
        2,
        0,
        2,
        0,
        0,
        2,
        2,
        0,
        2,
        0,
        2,
        0,
        0,
        2,
        0,
        0,
        0,
        0,
        0,
        2,
        0,
        0,
        0,
        0,
        2,
        0,
        2,
        0,
        2,
        0,
        2,
        0,
        0,
        0,
        0,
        0,
        0,
        0,
        2,
        0,
        2,
        0,
        0,
        2,
        2,
        2,
        2,
        0,
        2,
        2,
        0,
        2,
        2,
        0,
        0,
        2,
        0,
        0,
        0,
        0,
        0,
        2,
        0,
        0,
        0,
        2,
        0,
        2,
        0,
        2,
        0,
        0,
        0,
        0,
        0,
        0,
        0,
        2,
        0,
        0,
        0,
        0,
        0,
        0,
        2,
        2,
        2,
        0,
        2,
        0,
        2,
        2,
        2,
        2,
        0,
        0,
        0,
        0,
        0,
        2,
        0,
        0,
        0,
        0,
        2,
        0,
        2,
        2,
        0,
        0,
        2,
        0,
        2,
        2,
        0,
        0,
        0,
        0,
        0,
        0,
        0,
        2,
        0,
        2,
        2,
        0,
        2,
        2,
        2,
        0,
        0,
        0,
        2,
        2,
        2,
        2,
        0,
        0,
        0,
        2,
        0,
        2,
        0,
        2,
        2,
        2,
        0,
        0,
        2,
        2,
        0,
        2,
        2,
        2,
        0,
        2,
        2,
        0,
        2,
        0,
        2,
        0,
        2,
        2,
        0,
        0,
        0,
        0,
        2,
        0,
        0,
        0,
        0,
        0,
        2,
        2,
        2,
        0,
        0,
        0,
        0,
        0,
        0,
        2,
        0,
        2,
        2,
        2,
        2,
        2,
        2,
        0,
        0,
        2,
        2,
        0,
        0,
        2,
        2,
        0,
        0,
        2,
        2,
        0,
        2,
        2,
        0,
        2,
        0,
        0,
        0,
        0,
        0,
        2,
        0,
        0,
        0,
        0,
        0,
        2,
        0,
        0,
        0,
        0,
        2,
        2,
        0,
        0,
        2,
        0,
        2,
        0,
        0,
        0,
        2,
        0,
        0,
        2,
        0,
        2,
        0,
        2,
        0,
        2,
        2,
        0,
        0,
        0,
        0,
        0,
        2,
        0,
        0,
        0,
        0,
        2,
        0,
        0,
        0,
        2,
        2,
        0
    ]
}