{
    "with_labels": 0,
    "burn_in": 500,
    "thinning": 1,
    "runtime": 143.37283396720886,
    "healthy_ratio": 0.248,
    "max_log_likelihood": 119.52116045911428,
    "kendalls_tau": 0.3409090909090909,
    "subtype_acc": 0.3712912986494252,
    "n_subtypes": 4,
    "mean_stage_healthy": 0.08870967741935484,
    "ml_subtype": [
        3,
        1,
        0,
        3,
        3,
        1,
        1,
        1,
        0,
        1,
        1,
        3,
        3,
        3,
        1,
        3,
        1,
        3,
        1,
        3,
        3,
        3,
        1,
        1,
        0,
        1,
        3,
        1,
        3,
        3,
        3,
        3,
        1,
        3,
        1,
        3,
        3,
        3,
        1,
        1,
        3,
        1,
        1,
        3,
        1,
        3,
        3,
        1,
        1,
        3,
        3,
        1,
        1,
        1,
        3,
        0,
        3,
        1,
        3,
        3,
        1,
        0,
        0,
        3,
        3,
        3,
        3,
        3,
        2,
        3,
        3,
        0,
        3,
        3,
        3,
        3,
        0,
        0,
        3,
        3,
        0,
        3,
        0,
        0,
        3,
        0,
        3,
        3,
        0,
        3,
        0,
        3,
        3,
        0,
        3,
        3,
        0,
        3,
        3,
        0,
        0,
        0,
        3,
        3,
        0,
        2,
        0,
        0,
        0,
        0,
        0,
        3,
        0,
        3,
        0,
        3,
        0,
        1,
        0,
        3,
        0,
        0,
        0,
        0,
        3,
        3,
        0,
        3,
        3,
        0,
        0,
        0,
        1,
        3,
        0,
        3,
        0,
        2,
        1,
        3,
        0,
        0,
        0,
        0,
        2,
        3,
        3,
        3,
        3,
        0,
        1,
        0,
        3,
        3,
        3,
        3,
        0,
        0,
        0,
        3,
        0,
        0,
        3,
        0,
        0,
        0,
        0,
        1,
        0,
        2,
        0,
        3,
        3,
        3,
        3,
        3,
        3,
        3,
        0,
        3,
        3,
        3,
        0,
        3,
        3,
        3,
        0,
        1,
        3,
        3,
        0,
        0,
        0,
        3,
        1,
        3,
        3,
        3,
        3,
        3,
        3,
        3,
        3,
        3,
        3,
        3,
        3,
        3,
        3,
        3,
        3,
        3,
        0,
        3,
        3,
        3,
        3,
        0,
        3,
        3,
        3,
        3,
        3,
        3,
        3,
        3,
        3,
        3,
        3,
        3,
        3,
        3,
        3,
        3,
        0,
        3,
        3,
        3,
        3,
        3,
        1,
        3,
        3,
        3,
        3,
        3,
        3,
        3,
        3,
        3,
        3,
        3,
        3,
        3,
        3,
        3,
        3,
        3,
        3,
        3,
        3,
        3,
        3,
        3,
        3,
        3,
        3,
        3,
        3,
        3,
        3,
        3,
        3,
        3,
        3,
        3,
        3,
        3,
        3,
        3,
        3,
        3,
        3,
        1,
        3,
        3,
        3,
        3,
        3,
        3,
        3,
        1,
        3,
        3,
        3,
        3,
        3,
        3,
        3,
        3,
        3,
        3,
        0,
        3,
        3,
        3,
        3,
        3,
        3,
        3,
        3,
        3,
        3,
        3,
        3,
        3,
        3,
        3,
        3,
        3,
        3,
        3,
        0,
        3,
        3,
        3,
        3,
        3,
        3,
        1,
        3,
        3,
        3,
        3,
        3,
        3,
        3,
        3,
        3,
        3,
        3,
        3,
        3,
        3,
        3,
        0,
        3,
        3,
        3,
        3,
        3,
        3,
        3,
        3,
        0,
        3,
        3,
        3,
        3,
        3,
        3,
        3,
        3,
        3,
        3,
        3,
        3,
        3,
        1,
        3,
        3,
        3,
        3,
        3,
        3,
        3,
        3,
        3,
        3,
        3,
        3,
        0,
        0,
        3,
        0,
        3,
        3,
        3,
        3,
        3,
        3,
        3,
        3,
        0,
        3,
        3,
        3,
        3,
        3,
        3,
        3,
        3,
        3,
        3,
        3,
        3,
        3,
        3,
        0,
        3,
        3,
        3,
        3,
        3,
        3,
        3,
        3,
        3,
        3,
        3,
        3,
        3,
        3,
        3,
        3,
        0,
        3,
        3,
        3,
        3,
        3,
        3,
        3,
        3,
        3,
        3,
        3,
        3,
        3,
        3,
        3,
        3,
        3,
        3,
        3,
        3,
        3,
        3,
        3,
        0,
        3,
        0,
        0,
        1,
        0,
        0,
        3,
        3,
        3,
        3,
        1,
        3,
        3,
        3,
        0,
        3,
        0,
        3,
        0,
        0,
        3,
        0,
        3,
        0,
        1,
        3,
        0,
        0,
        0,
        3,
        0,
        0,
        3,
        0,
        3,
        3,
        3,
        0,
        0,
        0,
        3,
        0,
        0,
        0,
        1,
        3,
        3,
        0,
        3,
        0
    ]
}