{
    "with_labels": 0,
    "burn_in": 500,
    "thinning": 1,
    "runtime": 144.0534610748291,
    "healthy_ratio": 0.248,
    "max_log_likelihood": -774.5404989989482,
    "kendalls_tau": 0.2777777777777778,
    "subtype_acc": 0.03776699099946695,
    "n_subtypes": 3,
    "mean_stage_healthy": 0.7096774193548387,
    "ml_subtype": [
        0,
        2,
        2,
        0,
        2,
        2,
        2,
        2,
        2,
        2,
        2,
        0,
        0,
        0,
        2,
        2,
        2,
        2,
        2,
        2,
        2,
        2,
        2,
        0,
        2,
        0,
        2,
        2,
        0,
        0,
        1,
        0,
        0,
        2,
        0,
        0,
        2,
        2,
        2,
        2,
        2,
        2,
        2,
        0,
        0,
        2,
        2,
        2,
        0,
        2,
        2,
        0,
        0,
        0,
        0,
        2,
        2,
        2,
        0,
        2,
        0,
        1,
        2,
        2,
        0,
        0,
        2,
        2,
        2,
        2,
        2,
        2,
        2,
        2,
        2,
        2,
        2,
        2,
        0,
        2,
        2,
        2,
        0,
        2,
        0,
        2,
        2,
        2,
        1,
        0,
        0,
        0,
        2,
        0,
        2,
        2,
        0,
        2,
        2,
        2,
        0,
        0,
        2,
        1,
        0,
        2,
        0,
        2,
        2,
        0,
        2,
        2,
        2,
        2,
        2,
        2,
        0,
        2,
        0,
        0,
        2,
        2,
        0,
        2,
        0,
        2,
        2,
        2,
        0,
        2,
        2,
        2,
        0,
        0,
        2,
        2,
        2,
        1,
        0,
        0,
        0,
        2,
        2,
        0,
        0,
        2,
        2,
        0,
        2,
        0,
        0,
        0,
        2,
        0,
        2,
        2,
        2,
        1,
        0,
        2,
        2,
        2,
        2,
        2,
        2,
        2,
        0,
        0,
        0,
        2,
        0,
        1,
        0,
        2,
        2,
        0,
        2,
        0,
        0,
        0,
        0,
        0,
        0,
        0,
        2,
        0,
        0,
        0,
        2,
        2,
        0,
        2,
        0,
        0,
        2,
        2,
        2,
        2,
        0,
        2,
        0,
        1,
        1,
        0,
        0,
        2,
        1,
        0,
        0,
        2,
        2,
        2,
        0,
        2,
        2,
        2,
        2,
        2,
        2,
        2,
        2,
        2,
        0,
        2,
        2,
        0,
        2,
        2,
        0,
        2,
        0,
        0,
        2,
        0,
        2,
        0,
        2,
        0,
        2,
        0,
        0,
        2,
        2,
        2,
        0,
        1,
        0,
        0,
        2,
        0,
        2,
        2,
        2,
        2,
        0,
        0,
        2,
        0,
        2,
        2,
        2,
        2,
        2,
        0,
        2,
        0,
        2,
        0,
        0,
        2,
        0,
        2,
        2,
        2,
        2,
        2,
        2,
        2,
        2,
        2,
        0,
        0,
        0,
        2,
        0,
        2,
        2,
        2,
        0,
        2,
        2,
        1,
        2,
        0,
        0,
        2,
        0,
        2,
        2,
        1,
        0,
        2,
        2,
        2,
        0,
        0,
        0,
        2,
        2,
        0,
        0,
        0,
        0,
        0,
        2,
        2,
        0,
        0,
        0,
        0,
        0,
        0,
        0,
        2,
        2,
        2,
        0,
        0,
        0,
        0,
        0,
        2,
        2,
        0,
        2,
        2,
        2,
        0,
        2,
        1,
        0,
        0,
        2,
        0,
        2,
        0,
        0,
        0,
        2,
        2,
        0,
        2,
        2,
        2,
        0,
        0,
        2,
        0,
        0,
        1,
        0,
        0,
        2,
        2,
        2,
        2,
        2,
        0,
        2,
        2,
        0,
        0,
        2,
        1,
        0,
        2,
        0,
        0,
        0,
        2,
        0,
        2,
        2,
        2,
        0,
        0,
        2,
        1,
        2,
        0,
        0,
        2,
        0,
        0,
        0,
        0,
        0,
        0,
        2,
        0,
        2,
        2,
        0,
        0,
        2,
        0,
        2,
        0,
        2,
        0,
        0,
        0,
        0,
        2,
        0,
        0,
        2,
        1,
        0,
        2,
        2,
        2,
        2,
        0,
        2,
        2,
        0,
        2,
        2,
        2,
        2,
        1,
        2,
        0,
        2,
        2,
        0,
        0,
        0,
        0,
        2,
        0,
        0,
        0,
        0,
        0,
        2,
        0,
        0,
        0,
        0,
        2,
        0,
        0,
        1,
        2,
        0,
        0,
        2,
        0,
        0,
        2,
        0,
        0,
        2,
        0,
        2,
        0,
        0,
        0,
        2,
        0,
        0,
        0,
        0,
        0,
        0,
        0,
        0,
        0,
        2,
        0,
        2,
        2,
        0,
        0,
        2,
        0,
        1,
        0,
        1,
        0,
        2,
        0,
        2,
        0,
        2,
        0,
        0,
        2
    ]
}