{
    "with_labels": 0,
    "burn_in": 500,
    "thinning": 1,
    "runtime": 226.3859739303589,
    "healthy_ratio": 0.5,
    "max_log_likelihood": 348.69766856658225,
    "kendalls_tau": 0.4878787878787879,
    "subtype_acc": 0.19849765346667866,
    "n_subtypes": 5,
    "mean_stage_healthy": 2.68,
    "ml_subtype": [
        4,
        4,
        4,
        4,
        0,
        4,
        4,
        4,
        0,
        0,
        4,
        0,
        4,
        0,
        4,
        0,
        4,
        4,
        0,
        4,
        4,
        4,
        4,
        4,
        4,
        4,
        0,
        0,
        4,
        4,
        4,
        4,
        4,
        4,
        4,
        4,
        0,
        0,
        4,
        4,
        4,
        0,
        4,
        4,
        0,
        0,
        0,
        4,
        4,
        4,
        4,
        0,
        4,
        0,
        4,
        4,
        4,
        0,
        0,
        4,
        4,
        4,
        0,
        4,
        0,
        4,
        4,
        0,
        4,
        0,
        1,
        0,
        4,
        2,
        4,
        4,
        4,
        4,
        1,
        4,
        4,
        4,
        4,
        4,
        4,
        4,
        1,
        4,
        1,
        4,
        1,
        4,
        0,
        4,
        0,
        0,
        4,
        4,
        4,
        4,
        4,
        4,
        1,
        4,
        1,
        2,
        4,
        4,
        4,
        4,
        4,
        0,
        4,
        4,
        1,
        1,
        1,
        4,
        0,
        1,
        0,
        4,
        4,
        1,
        2,
        4,
        4,
        4,
        4,
        4,
        4,
        4,
        4,
        1,
        4,
        4,
        0,
        4,
        4,
        1,
        4,
        4,
        0,
        4,
        0,
        0,
        0,
        4,
        4,
        4,
        4,
        4,
        4,
        4,
        2,
        4,
        0,
        1,
        1,
        4,
        4,
        4,
        1,
        2,
        0,
        4,
        4,
        4,
        1,
        4,
        4,
        1,
        0,
        4,
        0,
        4,
        4,
        4,
        1,
        2,
        2,
        0,
        4,
        4,
        1,
        1,
        0,
        4,
        4,
        4,
        1,
        4,
        4,
        4,
        2,
        4,
        1,
        0,
        2,
        1,
        2,
        4,
        4,
        0,
        4,
        1,
        4,
        0,
        0,
        4,
        1,
        4,
        2,
        4,
        4,
        4,
        1,
        4,
        1,
        0,
        1,
        4,
        4,
        4,
        0,
        4,
        0,
        4,
        4,
        1,
        4,
        4,
        4,
        4,
        2,
        4,
        2,
        4,
        4,
        4,
        4,
        4,
        4,
        2,
        4,
        2,
        4,
        2,
        4,
        2,
        2,
        2,
        4,
        2,
        2,
        2,
        4,
        4,
        4,
        2,
        4,
        2,
        2,
        4,
        4,
        2,
        4,
        4,
        4,
        2,
        4,
        2,
        4,
        2,
        4,
        4,
        2,
        4,
        2,
        4,
        4,
        2,
        4,
        4,
        4,
        4,
        2,
        4,
        4,
        4,
        2,
        4,
        4,
        4,
        4,
        4,
        2,
        4,
        4,
        4,
        2,
        2,
        4,
        4,
        4,
        2,
        4,
        4,
        4,
        4,
        2,
        2,
        4,
        4,
        4,
        4,
        2,
        4,
        2,
        4,
        4,
        4,
        2,
        4,
        4,
        1,
        4,
        1,
        1,
        4,
        1,
        4,
        4,
        4,
        4,
        1,
        4,
        4,
        1,
        4,
        4,
        1,
        1,
        1,
        1,
        1,
        4,
        4,
        1,
        4,
        1,
        1,
        4,
        4,
        4,
        4,
        1,
        4,
        1,
        1,
        1,
        4,
        4,
        1,
        4,
        1,
        4,
        4,
        4,
        4,
        4,
        0,
        0,
        4,
        0,
        4,
        0,
        4,
        0,
        4,
        0,
        0,
        0,
        0,
        4,
        0,
        4,
        4,
        4,
        4,
        4,
        4,
        4,
        4,
        4,
        0,
        4,
        4,
        4,
        4,
        0,
        4,
        4,
        0,
        0,
        4,
        4,
        0,
        4,
        4,
        0,
        0,
        4,
        4,
        4,
        4,
        4,
        4,
        4,
        4,
        4,
        4,
        0,
        4,
        4,
        0,
        4,
        4,
        4,
        4,
        4,
        4,
        0,
        4,
        4,
        4,
        0,
        0,
        0,
        4,
        4,
        0,
        0,
        4,
        4,
        4,
        0,
        1,
        4,
        4,
        0,
        4,
        0,
        4,
        0,
        4,
        4,
        4,
        4,
        0,
        4,
        0,
        4,
        4,
        4,
        4,
        4,
        4,
        0,
        4,
        4,
        4,
        4,
        0,
        4,
        4,
        4,
        4,
        4,
        4,
        0,
        0,
        0,
        4,
        4,
        4,
        2,
        0,
        4,
        0,
        4,
        4,
        0,
        4,
        0,
        4,
        4,
        4,
        0,
        2
    ]
}