{
    "with_labels": 0,
    "burn_in": 500,
    "thinning": 1,
    "runtime": 167.73860120773315,
    "healthy_ratio": 0.24849699398797595,
    "max_log_likelihood": -1566.0361567136765,
    "kendalls_tau": 0.3303030303030304,
    "subtype_acc": 0.1911553449091189,
    "n_subtypes": 5,
    "mean_stage_healthy": 0.5564516129032258,
    "ml_subtype": [
        4,
        4,
        4,
        4,
        4,
        4,
        4,
        4,
        3,
        4,
        4,
        4,
        4,
        4,
        0,
        0,
        4,
        4,
        4,
        4,
        4,
        4,
        4,
        1,
        4,
        0,
        4,
        2,
        0,
        3,
        1,
        4,
        4,
        4,
        4,
        4,
        4,
        4,
        4,
        4,
        4,
        0,
        4,
        0,
        4,
        4,
        1,
        0,
        1,
        4,
        4,
        4,
        4,
        4,
        4,
        4,
        0,
        4,
        0,
        4,
        4,
        4,
        4,
        3,
        4,
        4,
        4,
        3,
        0,
        4,
        4,
        4,
        0,
        4,
        4,
        4,
        4,
        0,
        4,
        4,
        4,
        2,
        1,
        4,
        4,
        4,
        4,
        4,
        4,
        4,
        4,
        4,
        4,
        4,
        0,
        4,
        4,
        4,
        4,
        4,
        0,
        4,
        4,
        4,
        4,
        4,
        4,
        4,
        1,
        4,
        4,
        4,
        2,
        0,
        4,
        1,
        4,
        2,
        4,
        4,
        4,
        4,
        4,
        4,
        3,
        4,
        4,
        4,
        0,
        4,
        0,
        0,
        4,
        3,
        4,
        4,
        4,
        4,
        1,
        4,
        2,
        4,
        4,
        4,
        3,
        2,
        0,
        4,
        4,
        1,
        1,
        4,
        2,
        1,
        2,
        4,
        0,
        1,
        2,
        3,
        2,
        1,
        1,
        1,
        4,
        4,
        2,
        2,
        0,
        4,
        4,
        4,
        4,
        1,
        1,
        1,
        4,
        0,
        0,
        2,
        4,
        4,
        2,
        4,
        4,
        0,
        4,
        4,
        2,
        4,
        4,
        4,
        4,
        3,
        2,
        2,
        4,
        1,
        4,
        4,
        0,
        4,
        4,
        1,
        4,
        3,
        4,
        1,
        4,
        1,
        2,
        4,
        4,
        0,
        4,
        1,
        3,
        0,
        1,
        1,
        0,
        1,
        4,
        4,
        1,
        0,
        4,
        3,
        4,
        4,
        0,
        4,
        4,
        4,
        4,
        3,
        3,
        4,
        0,
        3,
        0,
        0,
        4,
        4,
        4,
        4,
        4,
        0,
        0,
        4,
        1,
        4,
        0,
        4,
        1,
        4,
        0,
        0,
        3,
        4,
        4,
        0,
        0,
        0,
        0,
        0,
        0,
        1,
        1,
        1,
        3,
        1,
        2,
        4,
        4,
        0,
        4,
        4,
        0,
        4,
        0,
        3,
        1,
        4,
        4,
        3,
        0,
        3,
        0,
        0,
        0,
        1,
        4,
        1,
        0,
        0,
        1,
        4,
        0,
        0,
        0,
        4,
        3,
        0,
        4,
        4,
        1,
        0,
        0,
        4,
        4,
        3,
        3,
        4,
        3,
        0,
        3,
        1,
        4,
        3,
        1,
        0,
        0,
        3,
        4,
        0,
        3,
        1,
        4,
        4,
        0,
        0,
        3,
        4,
        4,
        4,
        0,
        0,
        1,
        1,
        0,
        1,
        3,
        4,
        4,
        0,
        4,
        4,
        0,
        0,
        4,
        0,
        4,
        0,
        0,
        4,
        1,
        3,
        4,
        1,
        4,
        4,
        1,
        1,
        4,
        0,
        1,
        3,
        4,
        4,
        1,
        4,
        1,
        1,
        1,
        4,
        1,
        0,
        4,
        1,
        0,
        1,
        1,
        1,
        1,
        1,
        1,
        0,
        1,
        1,
        1,
        1,
        3,
        4,
        4,
        0,
        1,
        4,
        2,
        0,
        1,
        1,
        4,
        1,
        0,
        4,
        1,
        1,
        1,
        3,
        4,
        1,
        3,
        2,
        0,
        3,
        1,
        4,
        4,
        1,
        1,
        3,
        0,
        4,
        4,
        3,
        4,
        3,
        4,
        1,
        1,
        3,
        4,
        4,
        1,
        1,
        1,
        4,
        1,
        4,
        1,
        1,
        1,
        4,
        1,
        1,
        3,
        1,
        1,
        4,
        3,
        4,
        4,
        3,
        3,
        4,
        4,
        3,
        1,
        4,
        1,
        4,
        4,
        4,
        1,
        1,
        3,
        3,
        4,
        1,
        3,
        1,
        4,
        1,
        1,
        1,
        1,
        4,
        4,
        1,
        4,
        0,
        1,
        1,
        4,
        0,
        3,
        3,
        4,
        4,
        1,
        1,
        1,
        3,
        1,
        4,
        4,
        1,
        1
    ]
}