{
    "with_labels": 0,
    "burn_in": 500,
    "thinning": 1,
    "runtime": 188.40083169937134,
    "healthy_ratio": 0.246,
    "max_log_likelihood": -839.5772281128139,
    "kendalls_tau": 0.3242424242424242,
    "subtype_acc": 2.514902941954427e-06,
    "n_subtypes": 5,
    "mean_stage_healthy": 0.2601626016260163,
    "ml_subtype": [
        1,
        3,
        2,
        3,
        1,
        3,
        0,
        0,
        0,
        2,
        3,
        0,
        2,
        0,
        2,
        0,
        2,
        0,
        2,
        1,
        0,
        3,
        0,
        0,
        0,
        2,
        2,
        2,
        2,
        0,
        0,
        2,
        0,
        0,
        2,
        3,
        2,
        0,
        0,
        2,
        0,
        0,
        0,
        0,
        2,
        0,
        0,
        2,
        0,
        0,
        3,
        0,
        0,
        0,
        0,
        0,
        2,
        0,
        2,
        0,
        0,
        0,
        0,
        2,
        0,
        0,
        0,
        0,
        1,
        0,
        2,
        2,
        2,
        1,
        2,
        0,
        2,
        2,
        0,
        0,
        0,
        0,
        0,
        0,
        0,
        0,
        1,
        1,
        0,
        2,
        0,
        0,
        0,
        0,
        0,
        1,
        2,
        0,
        0,
        0,
        0,
        3,
        2,
        2,
        0,
        0,
        0,
        0,
        1,
        2,
        0,
        2,
        0,
        0,
        1,
        0,
        0,
        0,
        2,
        0,
        2,
        0,
        2,
        1,
        2,
        0,
        0,
        0,
        2,
        2,
        0,
        0,
        0,
        0,
        2,
        1,
        0,
        0,
        2,
        2,
        0,
        0,
        0,
        0,
        2,
        0,
        0,
        0,
        0,
        1,
        1,
        0,
        0,
        1,
        2,
        0,
        3,
        0,
        0,
        0,
        4,
        2,
        0,
        0,
        0,
        0,
        4,
        1,
        0,
        0,
        0,
        0,
        0,
        0,
        0,
        0,
        1,
        0,
        2,
        3,
        0,
        2,
        0,
        0,
        3,
        0,
        0,
        0,
        2,
        3,
        0,
        2,
        2,
        0,
        1,
        0,
        1,
        0,
        0,
        0,
        1,
        2,
        0,
        0,
        0,
        0,
        3,
        0,
        0,
        0,
        1,
        0,
        3,
        0,
        0,
        0,
        0,
        0,
        3,
        0,
        0,
        3,
        0,
        0,
        0,
        3,
        0,
        0,
        0,
        0,
        1,
        0,
        0,
        1,
        2,
        2,
        1,
        1,
        2,
        0,
        3,
        1,
        2,
        1,
        0,
        4,
        1,
        0,
        2,
        0,
        0,
        0,
        2,
        0,
        0,
        0,
        0,
        1,
        0,
        0,
        0,
        0,
        0,
        0,
        2,
        1,
        1,
        2,
        0,
        2,
        0,
        0,
        1,
        0,
        0,
        3,
        0,
        1,
        1,
        0,
        1,
        0,
        0,
        3,
        3,
        2,
        0,
        0,
        0,
        2,
        0,
        0,
        2,
        1,
        0,
        4,
        1,
        2,
        1,
        1,
        0,
        0,
        1,
        1,
        0,
        2,
        0,
        3,
        1,
        2,
        4,
        1,
        0,
        0,
        3,
        1,
        1,
        0,
        0,
        2,
        0,
        1,
        1,
        4,
        0,
        0,
        1,
        0,
        0,
        1,
        0,
        1,
        0,
        0,
        1,
        0,
        0,
        0,
        0,
        0,
        2,
        0,
        1,
        3,
        4,
        0,
        0,
        0,
        3,
        0,
        0,
        1,
        0,
        0,
        2,
        2,
        0,
        2,
        2,
        0,
        0,
        2,
        0,
        0,
        1,
        0,
        0,
        3,
        1,
        0,
        2,
        0,
        0,
        0,
        1,
        0,
        0,
        1,
        0,
        0,
        3,
        1,
        1,
        1,
        0,
        0,
        3,
        0,
        1,
        1,
        0,
        2,
        0,
        1,
        0,
        0,
        0,
        0,
        4,
        4,
        2,
        1,
        2,
        2,
        0,
        0,
        4,
        0,
        0,
        2,
        4,
        0,
        1,
        0,
        2,
        0,
        1,
        0,
        2,
        2,
        0,
        0,
        2,
        0,
        0,
        0,
        1,
        2,
        0,
        1,
        0,
        2,
        2,
        2,
        0,
        0,
        0,
        0,
        0,
        2,
        0,
        2,
        0,
        4,
        0,
        0,
        0,
        0,
        0,
        4,
        4,
        2,
        0,
        1,
        0,
        0,
        0,
        0,
        0,
        0,
        0,
        0,
        2,
        0,
        0,
        1,
        0,
        0,
        0,
        2,
        0,
        0,
        2,
        2,
        0,
        0,
        0,
        4,
        4,
        1,
        0,
        0,
        2,
        2,
        0,
        0,
        0,
        0,
        1,
        0,
        0,
        0,
        1,
        0,
        3,
        0,
        1,
        3,
        2,
        0
    ]
}