{
    "with_labels": 0,
    "burn_in": 500,
    "thinning": 1,
    "runtime": 234.76367235183716,
    "healthy_ratio": 0.246,
    "max_log_likelihood": 331.11065303948095,
    "kendalls_tau": 0.38181818181818183,
    "subtype_acc": 0.3601949903600244,
    "n_subtypes": 5,
    "mean_stage_healthy": 2.3658536585365852,
    "ml_subtype": [
        1,
        1,
        0,
        1,
        1,
        2,
        1,
        1,
        1,
        0,
        1,
        0,
        1,
        1,
        1,
        1,
        1,
        1,
        1,
        0,
        1,
        1,
        1,
        1,
        1,
        0,
        1,
        0,
        1,
        1,
        1,
        1,
        1,
        0,
        1,
        1,
        2,
        3,
        1,
        1,
        1,
        0,
        1,
        1,
        1,
        1,
        1,
        1,
        1,
        1,
        1,
        1,
        1,
        1,
        1,
        2,
        1,
        3,
        3,
        3,
        3,
        0,
        3,
        0,
        0,
        2,
        3,
        3,
        3,
        3,
        0,
        3,
        3,
        0,
        3,
        3,
        3,
        3,
        0,
        1,
        3,
        3,
        3,
        3,
        3,
        3,
        3,
        3,
        0,
        3,
        3,
        3,
        3,
        0,
        2,
        3,
        0,
        3,
        3,
        3,
        0,
        3,
        3,
        3,
        3,
        3,
        3,
        2,
        3,
        3,
        0,
        3,
        0,
        3,
        3,
        3,
        1,
        3,
        3,
        0,
        2,
        0,
        0,
        2,
        0,
        0,
        0,
        0,
        2,
        0,
        0,
        0,
        0,
        2,
        0,
        0,
        0,
        2,
        2,
        0,
        2,
        0,
        0,
        0,
        0,
        2,
        0,
        0,
        0,
        0,
        0,
        0,
        0,
        0,
        0,
        0,
        0,
        0,
        0,
        0,
        0,
        0,
        0,
        0,
        2,
        0,
        0,
        3,
        2,
        0,
        0,
        0,
        0,
        2,
        0,
        2,
        0,
        2,
        2,
        2,
        2,
        0,
        0,
        2,
        0,
        0,
        2,
        0,
        0,
        0,
        0,
        0,
        0,
        0,
        0,
        2,
        0,
        0,
        0,
        0,
        0,
        2,
        0,
        0,
        0,
        0,
        0,
        4,
        0,
        0,
        2,
        0,
        3,
        0,
        0,
        2,
        0,
        0,
        2,
        0,
        0,
        0,
        0,
        2,
        0,
        0,
        0,
        2,
        0,
        2,
        3,
        0,
        0,
        0,
        0,
        0,
        0,
        0,
        0,
        0,
        0,
        2,
        0,
        0,
        0,
        0,
        0,
        0,
        0,
        0,
        2,
        0,
        0,
        2,
        0,
        0,
        0,
        0,
        0,
        0,
        0,
        2,
        0,
        0,
        0,
        0,
        0,
        0,
        0,
        0,
        0,
        3,
        0,
        0,
        0,
        0,
        0,
        0,
        0,
        1,
        0,
        2,
        0,
        0,
        3,
        0,
        2,
        0,
        2,
        0,
        2,
        0,
        0,
        2,
        0,
        0,
        0,
        0,
        0,
        3,
        2,
        0,
        2,
        0,
        2,
        0,
        0,
        0,
        0,
        2,
        0,
        0,
        0,
        0,
        0,
        0,
        2,
        0,
        0,
        0,
        0,
        0,
        0,
        0,
        0,
        0,
        3,
        0,
        0,
        3,
        2,
        3,
        3,
        3,
        3,
        3,
        3,
        3,
        0,
        0,
        0,
        0,
        3,
        0,
        3,
        0,
        3,
        0,
        0,
        3,
        0,
        3,
        0,
        0,
        3,
        3,
        3,
        0,
        3,
        0,
        3,
        0,
        0,
        3,
        3,
        0,
        0,
        3,
        0,
        0,
        3,
        0,
        0,
        0,
        3,
        3,
        1,
        3,
        1,
        0,
        3,
        3,
        0,
        3,
        0,
        0,
        3,
        0,
        3,
        3,
        3,
        0,
        0,
        0,
        0,
        0,
        0,
        0,
        0,
        0,
        0,
        0,
        2,
        0,
        0,
        0,
        0,
        0,
        0,
        0,
        0,
        0,
        0,
        2,
        1,
        0,
        0,
        0,
        0,
        0,
        0,
        0,
        0,
        0,
        0,
        0,
        0,
        0,
        0,
        0,
        0,
        0,
        0,
        0,
        0,
        0,
        0,
        0,
        0,
        0,
        0,
        0,
        2,
        0,
        0,
        0,
        0,
        0,
        0,
        0,
        0,
        0,
        0,
        0,
        0,
        0,
        0,
        0,
        0,
        0,
        0,
        0,
        0,
        0,
        0,
        0,
        0,
        0,
        0,
        0,
        1,
        0,
        0,
        0,
        0,
        0,
        3,
        0,
        0,
        0,
        0,
        0,
        0,
        0,
        0,
        0,
        0,
        0,
        0,
        0,
        0,
        0,
        0,
        2,
        0,
        0,
        0,
        0,
        0,
        0
    ]
}