{
    "with_labels": 0,
    "burn_in": 500,
    "thinning": 1,
    "runtime": 321.8971440792084,
    "healthy_ratio": 0.246,
    "max_log_likelihood": 463.47962161094745,
    "kendalls_tau": 0.19393939393939394,
    "subtype_acc": 0.399785831636464,
    "n_subtypes": 5,
    "mean_stage_healthy": 0.17073170731707318,
    "ml_subtype": [
        3,
        3,
        2,
        3,
        3,
        2,
        0,
        3,
        2,
        3,
        3,
        2,
        3,
        2,
        2,
        3,
        3,
        3,
        3,
        2,
        2,
        2,
        0,
        3,
        2,
        2,
        3,
        2,
        2,
        2,
        3,
        3,
        3,
        3,
        3,
        2,
        2,
        3,
        3,
        2,
        3,
        3,
        3,
        3,
        3,
        3,
        2,
        3,
        2,
        3,
        3,
        3,
        3,
        2,
        2,
        2,
        2,
        3,
        3,
        2,
        3,
        2,
        3,
        3,
        2,
        3,
        3,
        3,
        3,
        3,
        3,
        3,
        2,
        3,
        3,
        2,
        2,
        3,
        3,
        2,
        3,
        2,
        3,
        2,
        2,
        2,
        3,
        3,
        3,
        0,
        2,
        3,
        0,
        2,
        0,
        2,
        0,
        2,
        0,
        2,
        0,
        0,
        2,
        0,
        3,
        2,
        0,
        0,
        2,
        0,
        0,
        0,
        0,
        3,
        0,
        0,
        3,
        3,
        3,
        3,
        0,
        0,
        0,
        0,
        0,
        2,
        0,
        2,
        2,
        0,
        3,
        0,
        2,
        3,
        0,
        0,
        3,
        0,
        3,
        2,
        0,
        0,
        3,
        2,
        2,
        2,
        0,
        0,
        0,
        2,
        0,
        0,
        0,
        0,
        0,
        0,
        0,
        3,
        3,
        3,
        0,
        2,
        0,
        0,
        3,
        0,
        0,
        2,
        3,
        3,
        0,
        3,
        0,
        2,
        0,
        2,
        3,
        2,
        3,
        3,
        3,
        3,
        2,
        3,
        3,
        0,
        3,
        0,
        2,
        2,
        3,
        2,
        3,
        3,
        2,
        2,
        3,
        2,
        0,
        2,
        3,
        3,
        2,
        2,
        2,
        3,
        2,
        3,
        3,
        2,
        3,
        3,
        2,
        2,
        3,
        2,
        2,
        3,
        3,
        2,
        0,
        3,
        3,
        3,
        2,
        2,
        2,
        2,
        3,
        2,
        2,
        3,
        2,
        3,
        3,
        3,
        3,
        3,
        2,
        2,
        2,
        2,
        3,
        2,
        2,
        3,
        2,
        2,
        3,
        3,
        2,
        2,
        2,
        3,
        2,
        3,
        3,
        2,
        3,
        3,
        2,
        2,
        0,
        3,
        2,
        3,
        3,
        3,
        2,
        2,
        3,
        3,
        3,
        0,
        3,
        3,
        2,
        3,
        2,
        3,
        3,
        3,
        2,
        2,
        3,
        3,
        3,
        3,
        2,
        2,
        3,
        3,
        2,
        2,
        2,
        3,
        3,
        2,
        2,
        2,
        2,
        2,
        2,
        2,
        2,
        2,
        2,
        3,
        2,
        2,
        2,
        2,
        2,
        2,
        2,
        2,
        2,
        3,
        2,
        2,
        2,
        2,
        2,
        2,
        2,
        2,
        2,
        2,
        2,
        2,
        2,
        2,
        2,
        2,
        2,
        2,
        2,
        2,
        2,
        2,
        2,
        2,
        2,
        2,
        2,
        2,
        2,
        2,
        2,
        2,
        2,
        3,
        2,
        2,
        2,
        2,
        2,
        2,
        2,
        2,
        2,
        2,
        2,
        2,
        2,
        3,
        2,
        2,
        2,
        3,
        2,
        2,
        2,
        2,
        2,
        2,
        2,
        2,
        3,
        2,
        2,
        2,
        2,
        2,
        2,
        2,
        2,
        2,
        2,
        2,
        2,
        2,
        2,
        3,
        2,
        2,
        2,
        2,
        2,
        2,
        2,
        2,
        2,
        2,
        2,
        3,
        2,
        2,
        2,
        2,
        2,
        2,
        2,
        2,
        2,
        2,
        2,
        3,
        2,
        2,
        2,
        2,
        2,
        2,
        2,
        2,
        2,
        2,
        2,
        2,
        2,
        2,
        2,
        2,
        2,
        2,
        3,
        2,
        2,
        2,
        2,
        2,
        2,
        2,
        2,
        2,
        2,
        2,
        2,
        2,
        2,
        2,
        2,
        2,
        2,
        2,
        2,
        2,
        2,
        2,
        2,
        2,
        2,
        2,
        2,
        2,
        2,
        2,
        2,
        2,
        2,
        2,
        2,
        2,
        2,
        2,
        2,
        3,
        2,
        2,
        2,
        2,
        2,
        2,
        2,
        2,
        2,
        3,
        2,
        2,
        2,
        2,
        2,
        2,
        2,
        2,
        2,
        2,
        2,
        2
    ],
    "true_n_subtypes": 5,
    "ml_n_subtypes": 5,
    "correct_bool": 1,
    "absolute_error": 0,
    "relative_error": 0,
    "runtime_cross_validation": 4023.2534034252167
}