{
    "with_labels": 0,
    "burn_in": 500,
    "thinning": 1,
    "runtime": 178.60905241966248,
    "healthy_ratio": 0.75,
    "max_log_likelihood": -75.30925632539105,
    "kendalls_tau": 0.4303030303030303,
    "subtype_acc": 0.12253830611924167,
    "n_subtypes": 5,
    "mean_stage_healthy": 1.2826666666666666,
    "ml_subtype": [
        2,
        2,
        2,
        0,
        2,
        2,
        2,
        2,
        2,
        2,
        0,
        0,
        2,
        2,
        2,
        0,
        2,
        2,
        2,
        2,
        2,
        2,
        2,
        2,
        2,
        2,
        2,
        0,
        0,
        2,
        0,
        0,
        2,
        4,
        2,
        2,
        0,
        2,
        2,
        2,
        2,
        2,
        0,
        0,
        0,
        0,
        0,
        0,
        2,
        0,
        0,
        2,
        0,
        2,
        2,
        0,
        2,
        0,
        2,
        2,
        0,
        2,
        2,
        2,
        0,
        2,
        0,
        2,
        0,
        2,
        4,
        0,
        0,
        0,
        0,
        2,
        2,
        2,
        2,
        2,
        0,
        2,
        0,
        0,
        2,
        2,
        0,
        2,
        2,
        2,
        0,
        2,
        0,
        2,
        2,
        2,
        2,
        2,
        0,
        2,
        2,
        0,
        2,
        2,
        0,
        0,
        2,
        2,
        2,
        2,
        0,
        2,
        2,
        0,
        3,
        2,
        0,
        2,
        2,
        2,
        2,
        4,
        3,
        0,
        0,
        2,
        0,
        0,
        2,
        2,
        2,
        2,
        2,
        0,
        2,
        2,
        2,
        2,
        2,
        2,
        0,
        2,
        0,
        0,
        2,
        2,
        2,
        2,
        2,
        2,
        2,
        0,
        4,
        2,
        2,
        2,
        2,
        2,
        2,
        0,
        2,
        0,
        2,
        2,
        2,
        2,
        0,
        2,
        2,
        2,
        0,
        2,
        2,
        4,
        2,
        2,
        4,
        2,
        0,
        2,
        2,
        2,
        0,
        0,
        2,
        0,
        2,
        4,
        0,
        0,
        2,
        4,
        2,
        2,
        2,
        2,
        2,
        2,
        2,
        2,
        4,
        4,
        2,
        2,
        4,
        2,
        0,
        2,
        4,
        0,
        4,
        0,
        4,
        2,
        0,
        2,
        0,
        4,
        2,
        2,
        0,
        2,
        0,
        0,
        2,
        3,
        0,
        2,
        0,
        2,
        2,
        2,
        0,
        2,
        2,
        3,
        2,
        2,
        2,
        2,
        3,
        2,
        2,
        2,
        2,
        2,
        0,
        2,
        2,
        2,
        2,
        0,
        2,
        2,
        2,
        3,
        2,
        0,
        2,
        2,
        2,
        0,
        2,
        0,
        2,
        2,
        2,
        2,
        0,
        0,
        2,
        2,
        0,
        2,
        0,
        0,
        0,
        2,
        2,
        2,
        2,
        2,
        2,
        0,
        2,
        2,
        2,
        0,
        2,
        2,
        0,
        2,
        0,
        2,
        2,
        2,
        0,
        2,
        2,
        0,
        2,
        2,
        0,
        2,
        2,
        2,
        3,
        0,
        2,
        2,
        2,
        2,
        2,
        0,
        2,
        2,
        2,
        2,
        0,
        2,
        2,
        0,
        2,
        2,
        2,
        2,
        0,
        2,
        2,
        2,
        2,
        0,
        0,
        0,
        0,
        2,
        0,
        3,
        0,
        2,
        0,
        0,
        2,
        2,
        0,
        2,
        0,
        0,
        2,
        2,
        3,
        2,
        2,
        2,
        2,
        0,
        2,
        0,
        2,
        2,
        0,
        2,
        3,
        0,
        2,
        2,
        2,
        2,
        0,
        2,
        2,
        0,
        2,
        2,
        3,
        2,
        2,
        2,
        2,
        2,
        2,
        3,
        2,
        2,
        2,
        3,
        2,
        2,
        4,
        0,
        2,
        0,
        3,
        0,
        2,
        2,
        2,
        0,
        2,
        0,
        4,
        2,
        2,
        2,
        2,
        2,
        2,
        3,
        1,
        2,
        0,
        2,
        2,
        0,
        2,
        3,
        2,
        2,
        2,
        0,
        3,
        2,
        2,
        2,
        3,
        0,
        0,
        3,
        2,
        2,
        2,
        0,
        2,
        0,
        0,
        2,
        0,
        2,
        2,
        2,
        2,
        2,
        3,
        2,
        0,
        2,
        2,
        2,
        2,
        3,
        2,
        2,
        2,
        2,
        2,
        2,
        0,
        2,
        3,
        0,
        2,
        2,
        2,
        0,
        2,
        3,
        0,
        0,
        2,
        0,
        0,
        2,
        3,
        3,
        2,
        2,
        2,
        0,
        2,
        2,
        2,
        3,
        2,
        2,
        2,
        3,
        3,
        2,
        2,
        0,
        0,
        2,
        2,
        2,
        0,
        2,
        2,
        2,
        0,
        0
    ]
}