{
    "with_labels": 0,
    "burn_in": 500,
    "thinning": 1,
    "runtime": 188.58684301376343,
    "healthy_ratio": 0.246,
    "max_log_likelihood": 51.62834627051818,
    "kendalls_tau": 0.3068181818181818,
    "subtype_acc": 0.06777900298957777,
    "n_subtypes": 4,
    "mean_stage_healthy": 0.5365853658536586,
    "ml_subtype": [
        3,
        1,
        3,
        3,
        3,
        3,
        3,
        3,
        3,
        3,
        3,
        0,
        3,
        3,
        3,
        3,
        3,
        3,
        3,
        3,
        3,
        3,
        3,
        3,
        3,
        3,
        3,
        3,
        3,
        3,
        3,
        0,
        3,
        0,
        3,
        3,
        3,
        3,
        3,
        3,
        3,
        3,
        3,
        3,
        3,
        3,
        3,
        3,
        3,
        3,
        3,
        3,
        3,
        3,
        3,
        3,
        3,
        3,
        3,
        3,
        3,
        3,
        3,
        3,
        3,
        3,
        3,
        3,
        0,
        0,
        2,
        3,
        3,
        3,
        3,
        3,
        3,
        3,
        3,
        3,
        3,
        3,
        3,
        3,
        3,
        3,
        3,
        3,
        3,
        3,
        3,
        3,
        3,
        3,
        3,
        3,
        3,
        3,
        3,
        0,
        3,
        3,
        0,
        3,
        0,
        3,
        0,
        3,
        3,
        3,
        0,
        3,
        3,
        3,
        2,
        3,
        3,
        3,
        2,
        2,
        3,
        3,
        2,
        3,
        3,
        3,
        3,
        3,
        3,
        3,
        3,
        3,
        0,
        3,
        3,
        3,
        3,
        3,
        3,
        3,
        3,
        3,
        2,
        3,
        3,
        3,
        2,
        3,
        3,
        3,
        2,
        3,
        0,
        2,
        3,
        2,
        2,
        3,
        0,
        2,
        2,
        3,
        2,
        3,
        3,
        0,
        3,
        1,
        3,
        3,
        3,
        3,
        3,
        3,
        3,
        0,
        3,
        2,
        3,
        3,
        3,
        3,
        2,
        2,
        0,
        3,
        2,
        3,
        0,
        3,
        2,
        3,
        3,
        3,
        3,
        2,
        2,
        3,
        3,
        3,
        3,
        3,
        3,
        3,
        3,
        3,
        3,
        3,
        0,
        3,
        3,
        0,
        2,
        3,
        2,
        0,
        3,
        2,
        0,
        3,
        2,
        3,
        3,
        3,
        3,
        3,
        0,
        3,
        3,
        3,
        1,
        3,
        3,
        3,
        2,
        3,
        2,
        3,
        3,
        1,
        3,
        3,
        3,
        3,
        3,
        1,
        3,
        2,
        0,
        2,
        3,
        0,
        2,
        2,
        3,
        3,
        3,
        2,
        3,
        2,
        3,
        3,
        2,
        3,
        2,
        3,
        3,
        0,
        3,
        2,
        3,
        3,
        3,
        1,
        3,
        2,
        2,
        2,
        0,
        2,
        3,
        3,
        3,
        3,
        2,
        3,
        3,
        3,
        0,
        3,
        3,
        3,
        2,
        3,
        3,
        2,
        3,
        3,
        3,
        3,
        3,
        3,
        3,
        2,
        3,
        0,
        2,
        3,
        3,
        3,
        3,
        3,
        2,
        2,
        3,
        3,
        2,
        3,
        3,
        3,
        3,
        3,
        3,
        3,
        3,
        3,
        0,
        3,
        3,
        0,
        0,
        0,
        3,
        0,
        0,
        3,
        0,
        0,
        0,
        0,
        0,
        3,
        3,
        3,
        3,
        3,
        0,
        3,
        3,
        3,
        3,
        2,
        0,
        3,
        3,
        0,
        3,
        3,
        1,
        3,
        0,
        3,
        3,
        0,
        0,
        0,
        3,
        0,
        0,
        3,
        3,
        3,
        3,
        3,
        3,
        0,
        0,
        3,
        3,
        0,
        3,
        0,
        3,
        3,
        0,
        3,
        3,
        3,
        0,
        3,
        0,
        3,
        0,
        3,
        0,
        3,
        3,
        0,
        0,
        3,
        3,
        3,
        3,
        3,
        0,
        3,
        1,
        0,
        3,
        0,
        3,
        3,
        3,
        3,
        3,
        3,
        3,
        3,
        3,
        0,
        3,
        3,
        3,
        3,
        3,
        0,
        0,
        3,
        0,
        0,
        3,
        0,
        0,
        0,
        0,
        0,
        0,
        0,
        0,
        3,
        0,
        3,
        3,
        0,
        3,
        3,
        3,
        3,
        3,
        0,
        0,
        3,
        3,
        0,
        3,
        0,
        0,
        3,
        3,
        3,
        3,
        3,
        1,
        3,
        0,
        3,
        0,
        3,
        1,
        0,
        0,
        0,
        0,
        3,
        3,
        3,
        0,
        3,
        0,
        0,
        3,
        3,
        3,
        3,
        3,
        2,
        0,
        3,
        3,
        3,
        3,
        3,
        3,
        0,
        3,
        3,
        3,
        3,
        0,
        3
    ]
}