{
    "with_labels": 0,
    "burn_in": 500,
    "thinning": 1,
    "runtime": 175.80279660224915,
    "healthy_ratio": 0.246,
    "max_log_likelihood": 42.19758951092421,
    "kendalls_tau": 0.21818181818181817,
    "subtype_acc": 0.7101879334245685,
    "n_subtypes": 5,
    "mean_stage_healthy": 0.1951219512195122,
    "ml_subtype": [
        0,
        0,
        0,
        0,
        4,
        3,
        0,
        0,
        0,
        0,
        2,
        0,
        0,
        3,
        0,
        3,
        0,
        4,
        0,
        3,
        3,
        0,
        0,
        3,
        4,
        0,
        3,
        0,
        0,
        0,
        0,
        0,
        0,
        0,
        0,
        0,
        0,
        3,
        0,
        0,
        0,
        3,
        0,
        0,
        3,
        3,
        0,
        3,
        0,
        3,
        0,
        0,
        0,
        0,
        0,
        0,
        3,
        4,
        2,
        0,
        0,
        0,
        3,
        0,
        0,
        0,
        0,
        0,
        3,
        3,
        2,
        3,
        0,
        0,
        4,
        0,
        0,
        3,
        0,
        0,
        0,
        0,
        0,
        0,
        0,
        3,
        0,
        0,
        4,
        0,
        0,
        0,
        0,
        0,
        0,
        3,
        0,
        3,
        3,
        0,
        3,
        3,
        0,
        0,
        0,
        4,
        4,
        4,
        0,
        4,
        4,
        3,
        4,
        3,
        4,
        3,
        4,
        3,
        4,
        4,
        4,
        4,
        3,
        4,
        3,
        4,
        3,
        4,
        3,
        4,
        4,
        3,
        4,
        3,
        3,
        3,
        4,
        3,
        4,
        4,
        2,
        4,
        3,
        0,
        4,
        4,
        4,
        4,
        4,
        4,
        4,
        3,
        3,
        3,
        4,
        4,
        3,
        3,
        3,
        3,
        3,
        3,
        3,
        3,
        3,
        3,
        3,
        3,
        3,
        3,
        3,
        3,
        3,
        3,
        3,
        3,
        3,
        3,
        3,
        4,
        3,
        3,
        3,
        3,
        3,
        3,
        3,
        3,
        3,
        3,
        3,
        3,
        3,
        3,
        3,
        3,
        3,
        3,
        3,
        3,
        3,
        3,
        3,
        3,
        4,
        3,
        3,
        3,
        3,
        3,
        2,
        3,
        3,
        3,
        3,
        3,
        3,
        3,
        3,
        3,
        3,
        3,
        3,
        3,
        3,
        3,
        3,
        3,
        3,
        3,
        3,
        3,
        3,
        3,
        3,
        3,
        3,
        3,
        4,
        3,
        3,
        3,
        3,
        3,
        3,
        3,
        3,
        3,
        4,
        3,
        3,
        3,
        3,
        3,
        3,
        2,
        3,
        3,
        3,
        4,
        3,
        3,
        3,
        3,
        3,
        3,
        3,
        3,
        3,
        3,
        3,
        2,
        3,
        3,
        3,
        3,
        3,
        3,
        3,
        3,
        3,
        3,
        3,
        3,
        3,
        3,
        3,
        3,
        3,
        3,
        3,
        3,
        3,
        3,
        3,
        3,
        3,
        2,
        2,
        2,
        2,
        2,
        2,
        2,
        3,
        2,
        3,
        2,
        2,
        2,
        3,
        3,
        2,
        3,
        2,
        3,
        3,
        2,
        3,
        2,
        2,
        2,
        2,
        2,
        3,
        2,
        0,
        0,
        2,
        2,
        3,
        2,
        3,
        3,
        2,
        2,
        3,
        4,
        2,
        3,
        2,
        3,
        2,
        2,
        3,
        2,
        3,
        2,
        2,
        2,
        2,
        2,
        2,
        2,
        2,
        2,
        3,
        2,
        2,
        3,
        3,
        3,
        2,
        2,
        3,
        2,
        2,
        2,
        2,
        2,
        2,
        2,
        0,
        2,
        2,
        3,
        3,
        2,
        2,
        2,
        2,
        3,
        2,
        3,
        2,
        3,
        3,
        2,
        2,
        2,
        2,
        2,
        3,
        2,
        2,
        3,
        2,
        2,
        0,
        2,
        2,
        2,
        2,
        2,
        2,
        2,
        2,
        2,
        2,
        2,
        2,
        3,
        2,
        2,
        2,
        2,
        2,
        3,
        2,
        2,
        2,
        2,
        2,
        3,
        2,
        3,
        0,
        3,
        2,
        3,
        2,
        2,
        3,
        2,
        2,
        2,
        2,
        2,
        3,
        2,
        2,
        2,
        2,
        2,
        2,
        3,
        2,
        2,
        2,
        2,
        2,
        3,
        3,
        1,
        1,
        1,
        0,
        3,
        3,
        1,
        3,
        3,
        3,
        3,
        1,
        3,
        1,
        1,
        3,
        3,
        2,
        1,
        3,
        3,
        3,
        3,
        1,
        1,
        3,
        3,
        3,
        3,
        1,
        1,
        1,
        1,
        3,
        3,
        3,
        1,
        3,
        3,
        3,
        3,
        3,
        1,
        1,
        3,
        3,
        3
    ],
    "true_n_subtypes": 5,
    "ml_n_subtypes": 5,
    "correct_bool": 1,
    "absolute_error": 0,
    "relative_error": 0,
    "runtime_cross_validation": 2429.1928403377533
}