{
    "with_labels": 0,
    "burn_in": 500,
    "thinning": 1,
    "runtime": 165.5125470161438,
    "healthy_ratio": 0.248,
    "max_log_likelihood": -1230.46063226276,
    "kendalls_tau": 0.48484848484848486,
    "subtype_acc": 0.013159007437759773,
    "n_subtypes": 3,
    "mean_stage_healthy": 0.5241935483870968,
    "ml_subtype": [
        0,
        2,
        0,
        1,
        1,
        0,
        0,
        0,
        1,
        0,
        2,
        0,
        0,
        0,
        0,
        0,
        0,
        0,
        0,
        1,
        1,
        0,
        1,
        0,
        0,
        0,
        1,
        0,
        0,
        0,
        0,
        2,
        0,
        0,
        1,
        0,
        0,
        0,
        0,
        1,
        0,
        1,
        0,
        0,
        0,
        0,
        0,
        0,
        1,
        0,
        0,
        0,
        0,
        1,
        0,
        0,
        1,
        1,
        2,
        0,
        0,
        1,
        0,
        0,
        1,
        1,
        2,
        0,
        0,
        0,
        0,
        1,
        0,
        0,
        0,
        0,
        0,
        1,
        2,
        2,
        0,
        0,
        1,
        1,
        0,
        1,
        0,
        1,
        0,
        1,
        2,
        1,
        0,
        0,
        0,
        0,
        1,
        1,
        2,
        1,
        1,
        0,
        1,
        1,
        1,
        0,
        1,
        0,
        0,
        1,
        1,
        2,
        2,
        0,
        0,
        2,
        0,
        0,
        0,
        1,
        0,
        0,
        0,
        1,
        0,
        1,
        1,
        2,
        0,
        2,
        0,
        1,
        0,
        0,
        0,
        0,
        0,
        0,
        0,
        0,
        0,
        2,
        2,
        1,
        2,
        0,
        0,
        1,
        0,
        0,
        1,
        0,
        0,
        1,
        0,
        0,
        2,
        0,
        1,
        0,
        0,
        0,
        0,
        0,
        2,
        2,
        2,
        1,
        2,
        1,
        0,
        0,
        0,
        0,
        1,
        2,
        0,
        2,
        0,
        1,
        2,
        0,
        1,
        0,
        0,
        2,
        2,
        0,
        2,
        0,
        0,
        0,
        0,
        1,
        0,
        0,
        0,
        0,
        0,
        0,
        0,
        0,
        1,
        0,
        0,
        0,
        0,
        0,
        1,
        0,
        1,
        2,
        1,
        1,
        0,
        0,
        0,
        0,
        0,
        0,
        0,
        1,
        0,
        0,
        1,
        0,
        0,
        0,
        0,
        2,
        0,
        0,
        0,
        0,
        1,
        1,
        2,
        0,
        0,
        1,
        0,
        0,
        1,
        0,
        0,
        0,
        0,
        0,
        0,
        0,
        1,
        2,
        0,
        0,
        0,
        0,
        1,
        0,
        0,
        1,
        2,
        0,
        0,
        0,
        0,
        0,
        1,
        1,
        0,
        0,
        1,
        2,
        0,
        0,
        1,
        0,
        0,
        0,
        1,
        1,
        2,
        0,
        0,
        0,
        1,
        0,
        2,
        0,
        0,
        0,
        0,
        0,
        0,
        0,
        0,
        2,
        2,
        0,
        0,
        0,
        0,
        0,
        2,
        0,
        0,
        2,
        2,
        0,
        0,
        1,
        0,
        0,
        0,
        0,
        1,
        0,
        0,
        0,
        0,
        1,
        2,
        1,
        1,
        0,
        1,
        0,
        0,
        2,
        1,
        0,
        0,
        0,
        0,
        1,
        2,
        0,
        0,
        1,
        1,
        0,
        0,
        1,
        2,
        2,
        1,
        0,
        1,
        1,
        0,
        2,
        0,
        0,
        0,
        2,
        0,
        2,
        2,
        0,
        0,
        0,
        1,
        2,
        0,
        0,
        0,
        1,
        1,
        0,
        1,
        0,
        0,
        2,
        0,
        0,
        0,
        0,
        0,
        0,
        1,
        2,
        0,
        1,
        0,
        2,
        0,
        2,
        1,
        1,
        0,
        1,
        2,
        1,
        0,
        1,
        1,
        0,
        0,
        1,
        0,
        1,
        0,
        0,
        2,
        0,
        1,
        1,
        0,
        0,
        0,
        0,
        0,
        0,
        0,
        1,
        1,
        1,
        1,
        1,
        0,
        1,
        0,
        0,
        2,
        1,
        0,
        1,
        0,
        1,
        2,
        0,
        0,
        1,
        2,
        0,
        1,
        0,
        1,
        0,
        0,
        0,
        1,
        2,
        1,
        2,
        0,
        0,
        2,
        2,
        2,
        1,
        2,
        0,
        1,
        0,
        1,
        0,
        0,
        1,
        0,
        2,
        2,
        0,
        1,
        1,
        0,
        0,
        2,
        0,
        2,
        2,
        1,
        0,
        0,
        1,
        0,
        0,
        0,
        2,
        0,
        0,
        2,
        1,
        1,
        2,
        0,
        0,
        0,
        2,
        2,
        2,
        0,
        1,
        2,
        2,
        2,
        1,
        0,
        0,
        2,
        2
    ]
}