{
    "with_labels": 0,
    "burn_in": 500,
    "thinning": 1,
    "runtime": 143.45265078544617,
    "healthy_ratio": 0.5,
    "max_log_likelihood": -594.3553935609323,
    "kendalls_tau": 0.3712121212121212,
    "subtype_acc": 0.03913391337298275,
    "n_subtypes": 4,
    "mean_stage_healthy": 0.48,
    "ml_subtype": [
        1,
        1,
        1,
        1,
        2,
        3,
        3,
        1,
        1,
        1,
        1,
        1,
        1,
        3,
        3,
        1,
        3,
        3,
        1,
        3,
        1,
        3,
        1,
        1,
        1,
        1,
        3,
        1,
        1,
        3,
        1,
        3,
        3,
        1,
        1,
        1,
        1,
        1,
        1,
        3,
        3,
        1,
        1,
        1,
        2,
        2,
        3,
        1,
        1,
        1,
        3,
        1,
        1,
        3,
        3,
        3,
        3,
        3,
        3,
        1,
        1,
        1,
        1,
        1,
        1,
        2,
        3,
        1,
        1,
        1,
        3,
        1,
        3,
        1,
        3,
        0,
        3,
        1,
        3,
        1,
        3,
        3,
        3,
        1,
        3,
        2,
        3,
        3,
        1,
        1,
        1,
        3,
        1,
        1,
        1,
        1,
        1,
        1,
        3,
        1,
        1,
        3,
        1,
        0,
        3,
        1,
        1,
        3,
        1,
        1,
        0,
        3,
        3,
        2,
        1,
        1,
        3,
        1,
        3,
        1,
        1,
        3,
        1,
        1,
        3,
        3,
        1,
        1,
        1,
        1,
        1,
        3,
        1,
        3,
        2,
        1,
        3,
        3,
        1,
        1,
        1,
        1,
        1,
        1,
        1,
        1,
        3,
        3,
        3,
        2,
        1,
        1,
        1,
        1,
        0,
        1,
        1,
        2,
        1,
        1,
        1,
        2,
        0,
        1,
        1,
        1,
        1,
        0,
        3,
        1,
        3,
        1,
        1,
        1,
        1,
        3,
        2,
        3,
        0,
        1,
        3,
        3,
        1,
        1,
        1,
        1,
        1,
        2,
        0,
        0,
        2,
        1,
        3,
        3,
        1,
        1,
        1,
        3,
        3,
        3,
        3,
        1,
        3,
        1,
        2,
        0,
        3,
        1,
        2,
        1,
        0,
        1,
        1,
        3,
        1,
        3,
        1,
        1,
        1,
        1,
        3,
        0,
        2,
        3,
        0,
        3,
        1,
        1,
        0,
        1,
        1,
        3,
        1,
        1,
        3,
        1,
        1,
        1,
        3,
        3,
        1,
        1,
        1,
        2,
        3,
        0,
        1,
        0,
        3,
        1,
        1,
        1,
        2,
        1,
        3,
        1,
        1,
        1,
        0,
        1,
        3,
        1,
        3,
        1,
        3,
        1,
        2,
        1,
        1,
        1,
        1,
        1,
        3,
        3,
        1,
        2,
        3,
        3,
        1,
        3,
        1,
        1,
        1,
        3,
        1,
        1,
        2,
        1,
        1,
        3,
        0,
        3,
        2,
        3,
        2,
        2,
        1,
        2,
        1,
        3,
        3,
        3,
        1,
        1,
        2,
        1,
        1,
        3,
        1,
        0,
        1,
        1,
        1,
        3,
        1,
        2,
        1,
        1,
        1,
        1,
        1,
        1,
        1,
        1,
        1,
        0,
        3,
        1,
        3,
        3,
        1,
        0,
        1,
        1,
        1,
        1,
        1,
        1,
        1,
        1,
        1,
        1,
        1,
        1,
        3,
        1,
        1,
        3,
        1,
        1,
        3,
        2,
        0,
        1,
        1,
        1,
        1,
        3,
        1,
        3,
        1,
        1,
        1,
        1,
        1,
        1,
        1,
        3,
        1,
        1,
        3,
        3,
        3,
        1,
        1,
        1,
        1,
        1,
        3,
        1,
        1,
        1,
        1,
        1,
        2,
        1,
        1,
        0,
        1,
        1,
        3,
        1,
        3,
        1,
        3,
        1,
        1,
        1,
        1,
        1,
        1,
        1,
        1,
        1,
        3,
        1,
        0,
        1,
        3,
        1,
        2,
        1,
        1,
        0,
        1,
        1,
        3,
        2,
        1,
        0,
        1,
        0,
        0,
        0,
        1,
        3,
        1,
        1,
        3,
        1,
        1,
        1,
        1,
        1,
        3,
        1,
        0,
        1,
        3,
        1,
        1,
        1,
        1,
        0,
        3,
        1,
        1,
        1,
        1,
        3,
        1,
        1,
        0,
        1,
        1,
        3,
        1,
        1,
        3,
        1,
        1,
        3,
        3,
        1,
        1,
        0,
        1,
        2,
        0,
        3,
        1,
        0,
        1,
        1,
        1,
        0,
        1,
        2,
        1,
        1,
        2,
        1,
        1,
        3,
        1,
        1,
        3,
        3,
        3,
        1,
        0,
        3,
        1,
        1,
        3,
        1,
        1,
        2,
        1,
        0
    ]
}